Property_ID,City,Locality,Locality_Tier,BHK,Carpet_Area_SqFt,Builtup_Area_SqFt,Possession_Status,RERA_Approved,Vastu_Compliance,Furnishing_Status,Metro_Proximity,Floor_Number,Total_Floors,Gated_Community,Power_Backup,Clubhouse,Reserved_Parking_Slots,Property_Age_Yrs,SalePrice_INR
1001,Bengaluru,Koramangala / Sadashivnagar,Upscale,2,800,1007,Ready to Move,1,Full Vastu,Semi-Furnished,Walkable (<500m),2,12,1,1,1,3,0,19800000.0
1002,Chennai,Nungambakkam / Anna Nagar,Upscale,3,1660,2203,Under Construction,1,Full Vastu,Semi-Furnished,Near (1-2 km),5,12,1,1,0,1,5,25610000.0
1003,Hyderabad,Miyapur / Kukatpally,Suburban,3,1617,2184,Ready to Move,0,Partial Vastu,Semi-Furnished,Near (1-2 km),1,4,1,1,1,1,2,10160000.0
1004,Delhi NCR,South Delhi (Vasant Vihar),Upscale,2,1086,1474,New Launch,1,Full Vastu,Semi-Furnished,Distant (>3 km),2,4,0,1,1,1,0,28180000.0
1005,Mumbai,Bandra West / BKC,Upscale,1,458,583,Ready to Move,1,Partial Vastu,Unfurnished,Near (1-2 km),4,4,0,1,0,1,8,18070000.0
1006,Mumbai,Andheri West / Powai,Mid-Tier,2,954,1304,New Launch,1,Full Vastu,Semi-Furnished,Near (1-2 km),4,4,1,1,1,1,5,28660000.0
1007,Mumbai,Andheri West / Powai,Mid-Tier,2,755,1008,Ready to Move,1,Full Vastu,Semi-Furnished,Walkable (<500m),6,12,0,1,0,1,12,22050000.0
1008,Pune,Baner / Viman Nagar,Mid-Tier,2,1049,1432,Ready to Move,0,Partial Vastu,Semi-Furnished,Walkable (<500m),16,22,1,1,0,0,12,9080000.0
1009,Delhi NCR,"Golf Course Road, Gurgaon",Prime / Ultra-Luxury,3,1670,2193,Ready to Move,1,Full Vastu,Fully Furnished,Walkable (<500m),5,12,0,1,0,1,8,67110000.0
1010,Hyderabad,HITEC City / Kondapur,Mid-Tier,1,558,737,Under Construction,1,Full Vastu,Fully Furnished,Distant (>3 km),6,12,1,0,1,1,0,6190000.0
1011,Mumbai,South Mumbai (Worli/Malabar Hill),Prime / Ultra-Luxury,1,520,712,Under Construction,1,Non-Vastu,Semi-Furnished,Near (1-2 km),4,12,1,1,1,1,5,33210000.0
1012,Kolkata,Ballygunge / Alipore,Prime / Ultra-Luxury,2,1009,1379,Ready to Move,1,Partial Vastu,Semi-Furnished,Near (1-2 km),6,7,1,1,1,0,8,21260000.0
1013,Pune,Wakad / Kharadi,Suburban,3,1923,2516,New Launch,1,Partial Vastu,Fully Furnished,Near (1-2 km),3,12,1,1,0,1,8,13600000.0
1014,Mumbai,Bandra West / BKC,Upscale,2,909,1169,Ready to Move,1,Full Vastu,Unfurnished,Near (1-2 km),1,7,1,1,0,2,2,47830000.0
1015,Mumbai,Andheri West / Powai,Mid-Tier,3,1582,2058,Under Construction,0,Full Vastu,Unfurnished,Walkable (<500m),5,22,1,1,1,0,5,41690000.0
1016,Mumbai,Andheri West / Powai,Mid-Tier,2,795,1034,Under Construction,1,Non-Vastu,Unfurnished,Walkable (<500m),6,7,0,1,1,1,5,16500000.0
1017,Bengaluru,Koramangala / Sadashivnagar,Upscale,3,1348,1735,Ready to Move,1,Full Vastu,Fully Furnished,Walkable (<500m),1,4,1,1,0,0,2,30180000.0
1018,Delhi NCR,Noida Sector 62,Suburban,3,1572,2020,Ready to Move,1,Partial Vastu,Semi-Furnished,Near (1-2 km),5,12,1,1,1,0,5,15670000.0
1019,Bengaluru,Indiranagar / Lavelle Road,Prime / Ultra-Luxury,2,1107,1508,New Launch,1,Full Vastu,Unfurnished,Walkable (<500m),28,35,1,1,1,1,0,35960000.0
1020,Bengaluru,HSR Layout / Whitefield,Mid-Tier,2,913,1150,New Launch,1,Full Vastu,Fully Furnished,Near (1-2 km),6,12,1,1,0,1,5,9690000.0
1021,Delhi NCR,Dwarka Expressway,Emerging,2,916,1226,New Launch,1,Non-Vastu,Semi-Furnished,Near (1-2 km),20,22,1,1,1,1,5,6600000.0
1022,Mumbai,Andheri West / Powai,Mid-Tier,2,892,1135,New Launch,1,Full Vastu,Fully Furnished,Near (1-2 km),12,12,1,1,1,2,0,30380000.0
1023,Bengaluru,Electronic City,Suburban,3,1425,1845,Ready to Move,1,Full Vastu,Unfurnished,Walkable (<500m),4,12,0,1,1,2,8,12760000.0
1024,Bengaluru,Indiranagar / Lavelle Road,Prime / Ultra-Luxury,3,1618,2035,Under Construction,1,Full Vastu,Semi-Furnished,Walkable (<500m),13,22,1,1,0,2,12,50680000.0
1025,Bengaluru,HSR Layout / Whitefield,Mid-Tier,3,1201,1543,Ready to Move,1,Full Vastu,Semi-Furnished,Walkable (<500m),8,22,1,0,1,1,0,20740000.0
1026,Hyderabad,Banjara Hills / Gachibowli,Upscale,3,1847,2493,New Launch,0,Full Vastu,Semi-Furnished,Near (1-2 km),3,7,1,1,1,1,0,30680000.0
1027,Mumbai,Andheri West / Powai,Mid-Tier,2,855,1167,Ready to Move,1,Full Vastu,Semi-Furnished,Walkable (<500m),4,7,1,1,1,1,5,32370000.0
1028,Delhi NCR,Dwarka Expressway,Emerging,2,1052,1345,Ready to Move,1,Full Vastu,Semi-Furnished,Near (1-2 km),3,7,1,1,1,1,5,9370000.0
1029,Delhi NCR,South Delhi (Vasant Vihar),Upscale,3,1254,1643,Ready to Move,1,Partial Vastu,Semi-Furnished,Near (1-2 km),7,12,1,1,1,1,2,44010000.0
1030,Mumbai,Andheri West / Powai,Mid-Tier,2,1045,1370,Ready to Move,1,Full Vastu,Semi-Furnished,Walkable (<500m),31,35,1,1,1,0,8,30380000.0
1031,Delhi NCR,South Delhi (Vasant Vihar),Upscale,3,1706,2326,Ready to Move,1,Non-Vastu,Unfurnished,Near (1-2 km),5,7,1,1,1,0,20,37850000.0
1032,Mumbai,Andheri West / Powai,Mid-Tier,2,1004,1355,Under Construction,1,Full Vastu,Unfurnished,Near (1-2 km),5,12,1,1,0,1,5,28690000.0
1033,Mumbai,Andheri West / Powai,Mid-Tier,1,442,582,Under Construction,0,Partial Vastu,Unfurnished,Near (1-2 km),3,22,1,1,0,0,0,9760000.0
1034,Chennai,GST Road (Tambaram),Emerging,5,3942,5271,Ready to Move,1,Full Vastu,Semi-Furnished,Walkable (<500m),2,12,1,1,0,1,5,23550000.0
1035,Kolkata,New Town Action Area 1,Mid-Tier,2,781,1062,Under Construction,0,Partial Vastu,Semi-Furnished,Walkable (<500m),3,12,1,1,0,1,5,6330000.0
1036,Pune,Kalyani Nagar / Prabhat Road,Upscale,5,3655,4573,Under Construction,1,Non-Vastu,Semi-Furnished,Walkable (<500m),15,22,1,1,1,0,12,53390000.0
1037,Bengaluru,Indiranagar / Lavelle Road,Prime / Ultra-Luxury,4,2770,3608,Ready to Move,1,Partial Vastu,Semi-Furnished,Walkable (<500m),7,12,1,1,0,1,0,83390000.0
1038,Mumbai,Bandra West / BKC,Upscale,3,1735,2373,Ready to Move,1,Partial Vastu,Semi-Furnished,Near (1-2 km),3,12,1,1,0,1,5,84670000.0
1039,Hyderabad,Banjara Hills / Gachibowli,Upscale,3,1553,2091,Under Construction,1,Full Vastu,Semi-Furnished,Near (1-2 km),4,4,1,1,1,0,2,24640000.0
1040,Bengaluru,Koramangala / Sadashivnagar,Upscale,2,811,1071,Under Construction,1,Partial Vastu,Unfurnished,Distant (>3 km),7,7,1,1,1,0,5,13270000.0
1041,Mumbai,Thane West,Suburban,3,1700,2242,Ready to Move,1,Non-Vastu,Unfurnished,Walkable (<500m),11,12,1,1,1,0,0,30800000.0
1042,Delhi NCR,"Cyber City, Gurgaon",Mid-Tier,2,952,1233,Under Construction,1,Non-Vastu,Semi-Furnished,Walkable (<500m),2,12,1,1,1,1,12,14950000.0
1043,Mumbai,Andheri West / Powai,Mid-Tier,2,619,816,Ready to Move,1,Full Vastu,Semi-Furnished,Near (1-2 km),20,50,0,1,1,1,5,17620000.0
1044,Chennai,Boat Club / Poes Garden,Prime / Ultra-Luxury,3,1731,2311,Ready to Move,1,Non-Vastu,Semi-Furnished,Walkable (<500m),44,50,1,0,1,1,12,43640000.0
1045,Bengaluru,Electronic City,Suburban,2,946,1234,Ready to Move,1,Full Vastu,Semi-Furnished,Walkable (<500m),21,22,1,1,0,1,2,9020000.0
1046,Delhi NCR,"Cyber City, Gurgaon",Mid-Tier,2,1121,1505,Ready to Move,1,Full Vastu,Semi-Furnished,Near (1-2 km),5,7,1,0,0,1,5,20540000.0
1047,Bengaluru,Indiranagar / Lavelle Road,Prime / Ultra-Luxury,2,793,1080,Under Construction,1,Full Vastu,Semi-Furnished,Walkable (<500m),39,50,1,1,1,1,20,22060000.0
1048,Delhi NCR,"Cyber City, Gurgaon",Mid-Tier,2,497,631,New Launch,1,Full Vastu,Fully Furnished,Near (1-2 km),1,12,1,1,1,0,20,7940000.0
1049,Delhi NCR,"Cyber City, Gurgaon",Mid-Tier,3,1614,2112,Ready to Move,1,Partial Vastu,Unfurnished,Walkable (<500m),8,12,1,1,1,1,20,25940000.0
1050,Mumbai,South Mumbai (Worli/Malabar Hill),Prime / Ultra-Luxury,2,991,1291,Ready to Move,1,Partial Vastu,Semi-Furnished,Near (1-2 km),10,22,1,1,0,1,0,85130000.0
1051,Kolkata,New Town Action Area 1,Mid-Tier,4,1791,2399,Under Construction,1,Partial Vastu,Semi-Furnished,Near (1-2 km),3,4,1,0,1,1,2,14700000.0
1052,Hyderabad,HITEC City / Kondapur,Mid-Tier,3,1322,1695,Under Construction,0,Partial Vastu,Fully Furnished,Walkable (<500m),2,4,1,1,0,1,0,12760000.0
1053,Chennai,Nungambakkam / Anna Nagar,Upscale,3,2190,2920,Under Construction,1,Full Vastu,Unfurnished,Distant (>3 km),11,22,1,1,1,0,2,31220000.0
1054,Pune,Wakad / Kharadi,Suburban,2,906,1236,Under Construction,0,Partial Vastu,Semi-Furnished,Near (1-2 km),6,12,0,1,1,1,0,5440000.0
1055,Delhi NCR,Noida Sector 62,Suburban,3,1719,2242,Ready to Move,1,Full Vastu,Unfurnished,Distant (>3 km),4,12,1,1,0,0,5,17050000.0
1056,Chennai,Velachery / Adyar,Mid-Tier,1,469,642,Under Construction,1,Partial Vastu,Semi-Furnished,Walkable (<500m),5,12,1,1,1,0,8,4690000.0
1057,Mumbai,Andheri West / Powai,Mid-Tier,3,1064,1467,Ready to Move,1,Partial Vastu,Unfurnished,Near (1-2 km),28,35,1,0,0,1,5,31840000.0
1058,Mumbai,Andheri West / Powai,Mid-Tier,1,506,639,Ready to Move,1,Partial Vastu,Unfurnished,Walkable (<500m),6,12,1,1,1,1,8,12710000.0
1059,Mumbai,Andheri West / Powai,Mid-Tier,3,1488,1905,Ready to Move,0,Full Vastu,Semi-Furnished,Near (1-2 km),2,12,1,1,0,2,0,39090000.0
1060,Bengaluru,HSR Layout / Whitefield,Mid-Tier,5,3572,4906,Ready to Move,1,Partial Vastu,Unfurnished,Near (1-2 km),1,4,1,1,1,1,12,41820000.0
1061,Bengaluru,Indiranagar / Lavelle Road,Prime / Ultra-Luxury,2,933,1282,New Launch,1,Full Vastu,Unfurnished,Near (1-2 km),7,7,1,1,1,1,0,26710000.0
1062,Bengaluru,HSR Layout / Whitefield,Mid-Tier,2,987,1246,Under Construction,1,Full Vastu,Unfurnished,Distant (>3 km),35,50,0,1,1,3,5,12690000.0
1063,Pune,Wakad / Kharadi,Suburban,3,1515,1897,Ready to Move,1,Partial Vastu,Unfurnished,Walkable (<500m),8,12,1,1,1,1,2,11360000.0
1064,Bengaluru,HSR Layout / Whitefield,Mid-Tier,2,769,977,Ready to Move,1,Full Vastu,Fully Furnished,Walkable (<500m),8,12,1,1,1,0,12,11040000.0
1065,Bengaluru,Indiranagar / Lavelle Road,Prime / Ultra-Luxury,3,1663,2294,Ready to Move,1,Partial Vastu,Semi-Furnished,Near (1-2 km),1,12,1,1,0,1,20,48170000.0
1066,Delhi NCR,"Cyber City, Gurgaon",Mid-Tier,1,367,467,Ready to Move,1,Full Vastu,Semi-Furnished,Near (1-2 km),24,35,1,0,0,1,2,6600000.0
1067,Mumbai,Bandra West / BKC,Upscale,1,360,474,Under Construction,0,Full Vastu,Semi-Furnished,Near (1-2 km),11,12,1,1,1,1,0,11980000.0
1068,Pune,Kalyani Nagar / Prabhat Road,Upscale,4,2666,3627,New Launch,1,Partial Vastu,Fully Furnished,Near (1-2 km),2,12,1,1,1,1,5,32050000.0
1069,Mumbai,Bandra West / BKC,Upscale,3,1667,2088,New Launch,1,Full Vastu,Semi-Furnished,Distant (>3 km),10,12,1,1,0,0,5,67840000.0
1070,Kolkata,Park Street / Salt Lake Sec 5,Upscale,3,1536,2041,Under Construction,1,Full Vastu,Semi-Furnished,Near (1-2 km),2,4,1,1,1,1,5,21510000.0
1071,Hyderabad,HITEC City / Kondapur,Mid-Tier,2,751,966,Under Construction,1,Full Vastu,Semi-Furnished,Walkable (<500m),29,35,1,1,0,1,0,8510000.0
1072,Mumbai,Andheri West / Powai,Mid-Tier,3,1385,1887,Ready to Move,0,Full Vastu,Semi-Furnished,Walkable (<500m),8,35,0,1,0,2,8,35090000.0
1073,Mumbai,Bandra West / BKC,Upscale,2,912,1174,Ready to Move,1,Partial Vastu,Semi-Furnished,Distant (>3 km),26,35,1,1,0,2,0,38480000.0
1074,Pune,Wakad / Kharadi,Suburban,3,1178,1578,Ready to Move,1,Full Vastu,Unfurnished,Near (1-2 km),5,35,1,1,1,1,2,9280000.0
1075,Hyderabad,Miyapur / Kukatpally,Suburban,3,1378,1843,Ready to Move,1,Partial Vastu,Unfurnished,Distant (>3 km),1,22,1,1,0,1,0,10330000.0
1076,Hyderabad,Miyapur / Kukatpally,Suburban,2,1042,1333,Under Construction,1,Partial Vastu,Semi-Furnished,Walkable (<500m),8,12,1,1,1,1,20,6440000.0
1077,Hyderabad,Banjara Hills / Gachibowli,Upscale,2,1153,1446,Ready to Move,1,Full Vastu,Semi-Furnished,Near (1-2 km),5,22,1,0,1,1,0,22070000.0
1078,Mumbai,Andheri West / Powai,Mid-Tier,2,890,1160,Ready to Move,1,Partial Vastu,Unfurnished,Near (1-2 km),1,12,1,1,1,2,8,24280000.0
1079,Bengaluru,Yelahanka / Devanahalli,Emerging,3,1725,2221,Ready to Move,1,Partial Vastu,Semi-Furnished,Walkable (<500m),3,4,1,1,1,2,0,12710000.0
1080,Mumbai,Andheri West / Powai,Mid-Tier,2,677,917,New Launch,1,Full Vastu,Semi-Furnished,Near (1-2 km),4,12,1,0,1,1,2,17320000.0
1081,Pune,Koregaon Park,Prime / Ultra-Luxury,3,1703,2306,Ready to Move,1,Full Vastu,Semi-Furnished,Near (1-2 km),13,50,1,0,0,1,30,34840000.0
1082,Delhi NCR,"Golf Course Road, Gurgaon",Prime / Ultra-Luxury,2,835,1093,Under Construction,1,Full Vastu,Unfurnished,Near (1-2 km),1,12,1,1,1,1,0,34780000.0
1083,Bengaluru,HSR Layout / Whitefield,Mid-Tier,3,1621,2154,Under Construction,1,Partial Vastu,Unfurnished,Near (1-2 km),13,22,0,1,1,0,12,15560000.0
1084,Mumbai,Thane West,Suburban,3,1492,1982,Ready to Move,1,Partial Vastu,Semi-Furnished,Near (1-2 km),1,4,0,1,0,1,20,22890000.0
1085,Bengaluru,HSR Layout / Whitefield,Mid-Tier,2,1138,1545,Ready to Move,1,Full Vastu,Semi-Furnished,Near (1-2 km),2,7,1,1,0,1,8,16480000.0
1086,Bengaluru,HSR Layout / Whitefield,Mid-Tier,1,451,589,Under Construction,1,Partial Vastu,Unfurnished,Near (1-2 km),2,12,1,1,1,2,0,5260000.0
1087,Hyderabad,Jubilee Hills,Prime / Ultra-Luxury,1,568,730,Ready to Move,1,Partial Vastu,Semi-Furnished,Near (1-2 km),4,4,1,1,0,1,12,13820000.0
1088,Delhi NCR,"Cyber City, Gurgaon",Mid-Tier,3,1485,1907,New Launch,0,Partial Vastu,Semi-Furnished,Walkable (<500m),4,4,1,1,0,2,12,19860000.0
1089,Pune,Wakad / Kharadi,Suburban,3,1513,1997,Ready to Move,1,Partial Vastu,Semi-Furnished,Near (1-2 km),1,7,1,1,1,1,30,9160000.0
1090,Delhi NCR,South Delhi (Vasant Vihar),Upscale,1,505,661,Ready to Move,1,Full Vastu,Fully Furnished,Near (1-2 km),2,22,0,1,0,2,12,14530000.0
1091,Mumbai,Andheri West / Powai,Mid-Tier,3,1353,1769,Under Construction,1,Partial Vastu,Fully Furnished,Walkable (<500m),4,4,0,1,1,1,2,41250000.0
1092,Hyderabad,Tellapur,Emerging,2,947,1195,Under Construction,1,Partial Vastu,Semi-Furnished,Near (1-2 km),3,7,1,1,0,1,8,4370000.0
1093,Hyderabad,Banjara Hills / Gachibowli,Upscale,2,941,1264,New Launch,1,Partial Vastu,Unfurnished,Walkable (<500m),2,4,1,1,1,2,5,14910000.0
1094,Delhi NCR,"Cyber City, Gurgaon",Mid-Tier,4,2486,3177,Under Construction,0,Full Vastu,Unfurnished,Near (1-2 km),10,12,1,1,1,1,2,37330000.0
1095,Hyderabad,Banjara Hills / Gachibowli,Upscale,2,962,1227,New Launch,1,Full Vastu,Unfurnished,Walkable (<500m),5,12,1,0,1,1,5,17590000.0
1096,Delhi NCR,"Cyber City, Gurgaon",Mid-Tier,2,1063,1386,Under Construction,1,Full Vastu,Unfurnished,Walkable (<500m),11,12,1,0,1,1,8,19140000.0
1097,Delhi NCR,"Cyber City, Gurgaon",Mid-Tier,1,592,758,Under Construction,1,Full Vastu,Semi-Furnished,Distant (>3 km),1,12,1,1,1,3,5,10960000.0
1098,Bengaluru,HSR Layout / Whitefield,Mid-Tier,1,438,581,Ready to Move,1,Partial Vastu,Fully Furnished,Near (1-2 km),4,7,1,1,0,1,12,6620000.0
1099,Mumbai,Andheri West / Powai,Mid-Tier,2,1073,1393,Ready to Move,1,Full Vastu,Fully Furnished,Near (1-2 km),3,22,0,1,1,1,0,35770000.0
1100,Mumbai,Bandra West / BKC,Upscale,1,427,559,New Launch,1,Partial Vastu,Semi-Furnished,Near (1-2 km),17,22,1,1,1,2,2,18090000.0
1101,Mumbai,Thane West,Suburban,3,1686,2225,Ready to Move,1,Partial Vastu,Semi-Furnished,Near (1-2 km),2,4,1,1,1,1,2,30580000.0
1102,Delhi NCR,"Cyber City, Gurgaon",Mid-Tier,2,1038,1325,Ready to Move,1,Partial Vastu,Unfurnished,Near (1-2 km),8,12,0,1,0,2,0,17260000.0
1103,Bengaluru,Koramangala / Sadashivnagar,Upscale,2,677,860,Ready to Move,1,Full Vastu,Unfurnished,Near (1-2 km),7,7,1,1,0,1,2,11670000.0
1104,Delhi NCR,"Cyber City, Gurgaon",Mid-Tier,2,963,1314,Ready to Move,1,Non-Vastu,Unfurnished,Distant (>3 km),4,7,1,1,0,1,20,13950000.0
1105,Chennai,Velachery / Adyar,Mid-Tier,2,883,1154,Ready to Move,1,Partial Vastu,Semi-Furnished,Walkable (<500m),4,22,1,0,0,0,5,9920000.0
1106,Mumbai,Bandra West / BKC,Upscale,3,1373,1790,Ready to Move,1,Partial Vastu,Unfurnished,Distant (>3 km),3,12,1,1,1,1,2,58650000.0
1107,Bengaluru,Electronic City,Suburban,4,2886,3621,Under Construction,1,Full Vastu,Fully Furnished,Walkable (<500m),5,7,1,1,0,1,2,25930000.0
1108,Hyderabad,Miyapur / Kukatpally,Suburban,1,469,617,Ready to Move,1,Full Vastu,Semi-Furnished,Near (1-2 km),1,7,0,1,1,1,5,3410000.0
1109,Mumbai,Bandra West / BKC,Upscale,3,1362,1801,Ready to Move,1,Full Vastu,Unfurnished,Walkable (<500m),40,50,1,1,0,2,2,73570000.0
1110,Mumbai,Navi Mumbai (Kharghar),Emerging,2,960,1270,Ready to Move,1,Full Vastu,Unfurnished,Near (1-2 km),6,22,1,1,1,2,5,11660000.0
1111,Bengaluru,Koramangala / Sadashivnagar,Upscale,2,1047,1405,Ready to Move,1,Full Vastu,Semi-Furnished,Near (1-2 km),16,22,1,0,0,0,2,20460000.0
1112,Mumbai,Bandra West / BKC,Upscale,2,929,1183,Ready to Move,1,Partial Vastu,Fully Furnished,Distant (>3 km),3,12,1,1,1,1,2,39950000.0
1113,Chennai,Nungambakkam / Anna Nagar,Upscale,1,610,783,Under Construction,1,Partial Vastu,Semi-Furnished,Distant (>3 km),8,12,0,1,1,1,8,7460000.0
1114,Pune,Wakad / Kharadi,Suburban,1,561,760,Ready to Move,1,Full Vastu,Unfurnished,Distant (>3 km),5,12,1,1,1,0,5,4080000.0
1115,Delhi NCR,"Cyber City, Gurgaon",Mid-Tier,3,1043,1432,New Launch,1,Full Vastu,Semi-Furnished,Walkable (<500m),1,4,0,1,1,1,0,20500000.0
1116,Pune,Kalyani Nagar / Prabhat Road,Upscale,2,874,1108,Ready to Move,1,Partial Vastu,Unfurnished,Distant (>3 km),12,12,0,1,1,1,30,8730000.0
1117,Pune,Baner / Viman Nagar,Mid-Tier,4,2197,2888,Ready to Move,1,Full Vastu,Fully Furnished,Near (1-2 km),9,12,1,1,1,0,0,27870000.0
1118,Mumbai,Andheri West / Powai,Mid-Tier,2,1018,1301,Ready to Move,1,Partial Vastu,Semi-Furnished,Near (1-2 km),1,7,1,1,0,0,0,28250000.0
1119,Pune,Koregaon Park,Prime / Ultra-Luxury,1,315,396,Ready to Move,1,Full Vastu,Semi-Furnished,Walkable (<500m),7,22,1,1,1,1,8,7990000.0
1120,Delhi NCR,Noida Sector 62,Suburban,3,2142,2768,Under Construction,1,Full Vastu,Semi-Furnished,Near (1-2 km),3,7,1,1,1,1,8,25130000.0
1121,Pune,Wakad / Kharadi,Suburban,2,1025,1300,Under Construction,1,Full Vastu,Semi-Furnished,Distant (>3 km),10,12,1,1,0,1,0,6510000.0
1122,Pune,Baner / Viman Nagar,Mid-Tier,2,971,1303,Under Construction,1,Partial Vastu,Unfurnished,Distant (>3 km),3,4,1,1,1,1,5,8330000.0
1123,Bengaluru,Yelahanka / Devanahalli,Emerging,3,1824,2407,Ready to Move,1,Full Vastu,Unfurnished,Near (1-2 km),8,12,1,1,0,0,0,10370000.0
1124,Mumbai,Andheri West / Powai,Mid-Tier,4,3243,4114,Ready to Move,1,Partial Vastu,Semi-Furnished,Near (1-2 km),1,4,1,1,1,0,20,80950000.0
1125,Mumbai,Navi Mumbai (Kharghar),Emerging,3,1752,2192,Ready to Move,1,Full Vastu,Fully Furnished,Walkable (<500m),7,7,1,0,1,1,8,22450000.0
1126,Bengaluru,HSR Layout / Whitefield,Mid-Tier,3,1770,2398,New Launch,1,Full Vastu,Semi-Furnished,Near (1-2 km),4,12,1,1,1,1,0,23310000.0
1127,Pune,Baner / Viman Nagar,Mid-Tier,3,1580,2011,Ready to Move,1,Partial Vastu,Unfurnished,Near (1-2 km),11,12,1,1,1,2,0,17180000.0
1128,Pune,Kalyani Nagar / Prabhat Road,Upscale,4,2349,3121,Under Construction,1,Full Vastu,Fully Furnished,Walkable (<500m),7,12,1,1,0,1,5,42800000.0
1129,Mumbai,Thane West,Suburban,2,882,1141,Ready to Move,1,Partial Vastu,Unfurnished,Walkable (<500m),2,7,1,1,1,1,5,17900000.0
1130,Delhi NCR,"Cyber City, Gurgaon",Mid-Tier,1,455,603,Ready to Move,0,Full Vastu,Unfurnished,Walkable (<500m),11,12,1,0,0,0,12,6920000.0
1131,Bengaluru,Koramangala / Sadashivnagar,Upscale,2,852,1100,Ready to Move,1,Full Vastu,Unfurnished,Near (1-2 km),7,12,1,1,1,1,12,17570000.0
1132,Mumbai,South Mumbai (Worli/Malabar Hill),Prime / Ultra-Luxury,2,757,955,Ready to Move,1,Partial Vastu,Semi-Furnished,Walkable (<500m),5,7,1,1,0,1,2,60560000.0
1133,Mumbai,Andheri West / Powai,Mid-Tier,3,1532,1959,Under Construction,1,Non-Vastu,Semi-Furnished,Near (1-2 km),10,22,1,1,0,1,12,37820000.0
1134,Bengaluru,HSR Layout / Whitefield,Mid-Tier,3,1158,1476,Ready to Move,1,Full Vastu,Semi-Furnished,Walkable (<500m),12,12,1,1,1,1,5,17210000.0
1135,Chennai,Velachery / Adyar,Mid-Tier,2,977,1276,Under Construction,1,Partial Vastu,Semi-Furnished,Near (1-2 km),1,7,1,1,0,1,5,9500000.0
1136,Bengaluru,Electronic City,Suburban,1,517,690,Ready to Move,1,Full Vastu,Unfurnished,Near (1-2 km),3,35,1,1,1,1,8,4240000.0
1137,Delhi NCR,"Golf Course Road, Gurgaon",Prime / Ultra-Luxury,3,1584,2034,New Launch,1,Partial Vastu,Semi-Furnished,Near (1-2 km),7,22,1,1,1,2,0,60000000.0
1138,Hyderabad,HITEC City / Kondapur,Mid-Tier,2,875,1095,Ready to Move,1,Partial Vastu,Unfurnished,Near (1-2 km),43,50,1,1,0,0,2,10550000.0
1139,Bengaluru,Koramangala / Sadashivnagar,Upscale,3,2265,2984,Under Construction,1,Full Vastu,Semi-Furnished,Near (1-2 km),5,12,1,0,1,1,8,43070000.0
1140,Kolkata,EM Bypass,Suburban,2,1143,1519,Under Construction,1,Full Vastu,Semi-Furnished,Walkable (<500m),9,12,1,1,1,1,5,6600000.0
1141,Kolkata,EM Bypass,Suburban,2,772,1062,New Launch,1,Full Vastu,Semi-Furnished,Near (1-2 km),7,7,1,1,1,1,12,4630000.0
1142,Bengaluru,HSR Layout / Whitefield,Mid-Tier,1,538,714,Ready to Move,1,Full Vastu,Semi-Furnished,Walkable (<500m),3,12,1,1,0,1,0,8220000.0
1143,Delhi NCR,"Cyber City, Gurgaon",Mid-Tier,1,472,619,Under Construction,0,Full Vastu,Semi-Furnished,Walkable (<500m),47,50,1,1,0,0,2,6920000.0
1144,Bengaluru,Koramangala / Sadashivnagar,Upscale,3,1314,1740,Ready to Move,1,Partial Vastu,Unfurnished,Near (1-2 km),1,12,1,1,0,0,2,29070000.0
1145,Bengaluru,HSR Layout / Whitefield,Mid-Tier,4,1917,2627,Ready to Move,1,Non-Vastu,Fully Furnished,Walkable (<500m),5,35,1,1,1,2,2,31840000.0
1146,Mumbai,Thane West,Suburban,3,1650,2240,Ready to Move,1,Full Vastu,Unfurnished,Near (1-2 km),6,7,1,1,0,1,30,25880000.0
1147,Delhi NCR,"Cyber City, Gurgaon",Mid-Tier,1,466,602,Ready to Move,1,Full Vastu,Unfurnished,Walkable (<500m),10,12,0,1,0,0,2,8850000.0
1148,Delhi NCR,South Delhi (Vasant Vihar),Upscale,2,1087,1392,New Launch,1,Partial Vastu,Semi-Furnished,Near (1-2 km),5,35,1,1,1,0,5,28060000.0
1149,Mumbai,Andheri West / Powai,Mid-Tier,3,1781,2287,Ready to Move,1,Non-Vastu,Semi-Furnished,Walkable (<500m),1,22,1,1,1,2,5,46030000.0
1150,Bengaluru,Electronic City,Suburban,3,1869,2459,Ready to Move,1,Full Vastu,Unfurnished,Walkable (<500m),10,50,1,1,0,1,8,17720000.0
1151,Chennai,Nungambakkam / Anna Nagar,Upscale,1,453,610,Under Construction,1,Full Vastu,Fully Furnished,Walkable (<500m),18,22,0,1,0,2,5,7770000.0
1152,Mumbai,Bandra West / BKC,Upscale,1,557,733,Ready to Move,1,Full Vastu,Fully Furnished,Near (1-2 km),11,12,1,0,1,2,5,29630000.0
1153,Mumbai,Andheri West / Powai,Mid-Tier,3,1697,2136,Under Construction,1,Full Vastu,Semi-Furnished,Distant (>3 km),6,12,0,1,0,1,8,40120000.0
1154,Delhi NCR,Noida Sector 62,Suburban,2,882,1185,Ready to Move,1,Full Vastu,Semi-Furnished,Near (1-2 km),8,35,1,1,1,1,0,10690000.0
1155,Kolkata,Ballygunge / Alipore,Prime / Ultra-Luxury,2,840,1138,Ready to Move,1,Full Vastu,Semi-Furnished,Near (1-2 km),4,12,1,1,0,2,20,15360000.0
1156,Mumbai,Bandra West / BKC,Upscale,1,645,831,Ready to Move,1,Full Vastu,Unfurnished,Near (1-2 km),3,7,1,1,1,1,12,29560000.0
1157,Hyderabad,Banjara Hills / Gachibowli,Upscale,2,982,1312,New Launch,1,Partial Vastu,Semi-Furnished,Distant (>3 km),3,12,1,1,1,2,2,12930000.0
1158,Hyderabad,Banjara Hills / Gachibowli,Upscale,3,1697,2215,Under Construction,1,Full Vastu,Fully Furnished,Near (1-2 km),3,12,0,1,1,1,8,28380000.0
1159,Mumbai,Andheri West / Powai,Mid-Tier,4,2104,2873,New Launch,1,Full Vastu,Fully Furnished,Walkable (<500m),2,4,1,0,0,1,8,52750000.0
1160,Hyderabad,HITEC City / Kondapur,Mid-Tier,2,776,1055,Ready to Move,1,Full Vastu,Fully Furnished,Near (1-2 km),17,22,1,0,1,1,12,9740000.0
1161,Bengaluru,HSR Layout / Whitefield,Mid-Tier,2,868,1144,Ready to Move,1,Non-Vastu,Unfurnished,Near (1-2 km),3,4,1,1,0,1,0,9730000.0
1162,Delhi NCR,"Cyber City, Gurgaon",Mid-Tier,1,510,683,Ready to Move,1,Partial Vastu,Unfurnished,Walkable (<500m),5,12,1,1,1,1,8,9740000.0
1163,Delhi NCR,South Delhi (Vasant Vihar),Upscale,2,798,1089,Ready to Move,1,Full Vastu,Unfurnished,Walkable (<500m),10,22,1,1,0,1,0,25920000.0
1164,Delhi NCR,Noida Sector 62,Suburban,2,948,1246,Ready to Move,1,Full Vastu,Semi-Furnished,Distant (>3 km),5,12,1,1,1,3,0,12640000.0
1165,Mumbai,Andheri West / Powai,Mid-Tier,3,1157,1493,Under Construction,1,Partial Vastu,Unfurnished,Distant (>3 km),16,22,1,1,1,1,8,27800000.0
1166,Pune,Hinjawadi Phase 3,Emerging,2,790,1065,Ready to Move,1,Full Vastu,Semi-Furnished,Near (1-2 km),5,7,1,1,1,0,8,4000000.0
1167,Bengaluru,HSR Layout / Whitefield,Mid-Tier,2,1045,1336,Ready to Move,0,Full Vastu,Semi-Furnished,Distant (>3 km),20,35,1,1,1,1,5,10760000.0
1168,Mumbai,Bandra West / BKC,Upscale,1,567,737,Under Construction,0,Full Vastu,Semi-Furnished,Near (1-2 km),7,7,1,1,0,1,5,23560000.0
1169,Mumbai,Andheri West / Powai,Mid-Tier,2,894,1218,Under Construction,1,Non-Vastu,Semi-Furnished,Walkable (<500m),3,4,1,0,1,2,8,23560000.0
1170,Delhi NCR,South Delhi (Vasant Vihar),Upscale,1,440,591,Ready to Move,0,Partial Vastu,Semi-Furnished,Walkable (<500m),3,22,1,1,1,1,12,11060000.0
1171,Hyderabad,HITEC City / Kondapur,Mid-Tier,2,803,1046,Ready to Move,1,Partial Vastu,Unfurnished,Walkable (<500m),2,22,1,1,1,0,2,9050000.0
1172,Mumbai,South Mumbai (Worli/Malabar Hill),Prime / Ultra-Luxury,5,3587,4584,Ready to Move,1,Full Vastu,Unfurnished,Walkable (<500m),5,7,1,1,1,0,0,265150000.0
1173,Delhi NCR,South Delhi (Vasant Vihar),Upscale,2,1041,1349,Ready to Move,1,Non-Vastu,Semi-Furnished,Walkable (<500m),36,50,0,1,1,0,12,31810000.0
1174,Mumbai,Thane West,Suburban,2,1082,1392,Under Construction,1,Non-Vastu,Semi-Furnished,Near (1-2 km),6,12,1,1,1,1,2,18180000.0
1175,Delhi NCR,South Delhi (Vasant Vihar),Upscale,3,1434,1825,Ready to Move,1,Non-Vastu,Semi-Furnished,Near (1-2 km),18,35,1,1,1,1,0,38740000.0
1176,Mumbai,Thane West,Suburban,5,3142,4231,Under Construction,1,Full Vastu,Unfurnished,Near (1-2 km),2,12,1,1,1,1,5,58290000.0
1177,Hyderabad,Banjara Hills / Gachibowli,Upscale,2,988,1267,Under Construction,1,Full Vastu,Unfurnished,Near (1-2 km),8,12,1,1,1,1,5,16820000.0
1178,Bengaluru,HSR Layout / Whitefield,Mid-Tier,3,1358,1778,Under Construction,1,Partial Vastu,Semi-Furnished,Distant (>3 km),6,12,1,1,1,1,5,13890000.0
1179,Chennai,Velachery / Adyar,Mid-Tier,2,876,1139,Ready to Move,1,Full Vastu,Fully Furnished,Near (1-2 km),3,7,1,1,1,1,12,9620000.0
1180,Mumbai,Andheri West / Powai,Mid-Tier,2,1138,1568,Ready to Move,1,Full Vastu,Fully Furnished,Distant (>3 km),5,12,1,1,0,0,2,34040000.0
1181,Bengaluru,Koramangala / Sadashivnagar,Upscale,2,1067,1388,Under Construction,1,Full Vastu,Semi-Furnished,Near (1-2 km),3,12,1,1,0,1,0,21930000.0
1182,Mumbai,Bandra West / BKC,Upscale,3,1586,1999,Ready to Move,1,Partial Vastu,Semi-Furnished,Walkable (<500m),3,4,1,1,1,0,2,75430000.0
1183,Chennai,Boat Club / Poes Garden,Prime / Ultra-Luxury,3,1254,1582,Ready to Move,0,Partial Vastu,Semi-Furnished,Distant (>3 km),2,7,1,1,1,1,0,22760000.0
1184,Pune,Kalyani Nagar / Prabhat Road,Upscale,2,980,1300,Ready to Move,1,Full Vastu,Semi-Furnished,Walkable (<500m),3,7,1,0,1,1,5,17560000.0
1185,Bengaluru,HSR Layout / Whitefield,Mid-Tier,1,602,799,Ready to Move,1,Partial Vastu,Semi-Furnished,Near (1-2 km),17,22,1,0,0,2,2,8720000.0
1186,Delhi NCR,Noida Sector 62,Suburban,3,1462,1907,Under Construction,1,Partial Vastu,Fully Furnished,Walkable (<500m),7,12,0,1,1,0,8,15400000.0
1187,Pune,Wakad / Kharadi,Suburban,1,625,816,Ready to Move,1,Partial Vastu,Semi-Furnished,Near (1-2 km),22,22,1,1,0,1,8,4320000.0
1188,Delhi NCR,"Cyber City, Gurgaon",Mid-Tier,2,1134,1425,Ready to Move,1,Full Vastu,Fully Furnished,Distant (>3 km),19,35,1,1,1,1,2,25150000.0
1189,Delhi NCR,"Cyber City, Gurgaon",Mid-Tier,3,1936,2550,Ready to Move,0,Full Vastu,Unfurnished,Walkable (<500m),3,12,1,1,0,1,0,28850000.0
1190,Mumbai,Andheri West / Powai,Mid-Tier,3,1620,2131,Ready to Move,1,Full Vastu,Semi-Furnished,Distant (>3 km),44,50,1,1,1,1,2,50260000.0
1191,Mumbai,Bandra West / BKC,Upscale,3,1686,2140,Under Construction,1,Full Vastu,Semi-Furnished,Walkable (<500m),5,7,1,1,1,0,5,83240000.0
1192,Pune,Wakad / Kharadi,Suburban,3,1878,2373,Under Construction,1,Partial Vastu,Unfurnished,Walkable (<500m),5,7,0,1,1,1,0,12300000.0
1193,Chennai,Velachery / Adyar,Mid-Tier,2,1013,1283,Ready to Move,1,Full Vastu,Semi-Furnished,Walkable (<500m),11,12,0,1,1,2,8,9940000.0
1194,Delhi NCR,"Cyber City, Gurgaon",Mid-Tier,3,1433,1810,Ready to Move,1,Non-Vastu,Unfurnished,Near (1-2 km),1,12,1,1,0,2,2,27070000.0
1195,Bengaluru,Indiranagar / Lavelle Road,Prime / Ultra-Luxury,3,1445,1921,Ready to Move,1,Full Vastu,Semi-Furnished,Walkable (<500m),35,35,0,1,0,2,20,44370000.0
1196,Bengaluru,HSR Layout / Whitefield,Mid-Tier,2,983,1254,Under Construction,1,Full Vastu,Semi-Furnished,Near (1-2 km),5,12,1,1,1,0,5,13800000.0
1197,Hyderabad,HITEC City / Kondapur,Mid-Tier,1,419,537,Ready to Move,1,Full Vastu,Unfurnished,Walkable (<500m),5,7,1,0,1,1,12,4560000.0
1198,Pune,Wakad / Kharadi,Suburban,2,929,1182,Under Construction,1,Full Vastu,Semi-Furnished,Walkable (<500m),7,22,1,1,0,1,5,6800000.0
1199,Pune,Baner / Viman Nagar,Mid-Tier,2,1106,1520,Ready to Move,1,Full Vastu,Semi-Furnished,Near (1-2 km),2,12,1,1,1,2,5,11280000.0
1200,Hyderabad,Banjara Hills / Gachibowli,Upscale,3,1040,1416,Under Construction,1,Partial Vastu,Semi-Furnished,Walkable (<500m),3,7,1,1,1,2,8,18760000.0
1201,Delhi NCR,Dwarka Expressway,Emerging,3,1906,2440,Ready to Move,1,Full Vastu,Semi-Furnished,Walkable (<500m),2,12,0,1,1,3,8,14960000.0
1202,Mumbai,South Mumbai (Worli/Malabar Hill),Prime / Ultra-Luxury,2,1109,1433,Under Construction,1,Partial Vastu,Fully Furnished,Walkable (<500m),13,35,1,1,1,2,5,85650000.0
1203,Mumbai,Andheri West / Powai,Mid-Tier,1,484,618,Ready to Move,1,Partial Vastu,Semi-Furnished,Near (1-2 km),6,22,1,1,0,1,8,12610000.0
1204,Pune,Koregaon Park,Prime / Ultra-Luxury,4,2595,3410,Under Construction,1,Full Vastu,Semi-Furnished,Near (1-2 km),10,12,1,1,1,1,0,64290000.0
1205,Delhi NCR,"Cyber City, Gurgaon",Mid-Tier,1,520,651,Ready to Move,1,Partial Vastu,Unfurnished,Walkable (<500m),1,12,1,1,1,2,2,10590000.0
1206,Mumbai,Thane West,Suburban,2,1125,1504,Ready to Move,1,Partial Vastu,Fully Furnished,Walkable (<500m),3,4,0,1,1,1,0,23380000.0
1207,Mumbai,Bandra West / BKC,Upscale,2,1090,1437,Under Construction,1,Full Vastu,Unfurnished,Near (1-2 km),7,12,1,1,1,2,8,47420000.0
1208,Delhi NCR,Noida Sector 62,Suburban,2,750,1025,Ready to Move,1,Full Vastu,Semi-Furnished,Walkable (<500m),10,22,1,1,0,2,0,9920000.0
1209,Mumbai,Bandra West / BKC,Upscale,1,565,718,Under Construction,1,Non-Vastu,Semi-Furnished,Distant (>3 km),2,12,0,1,1,1,8,21960000.0
1210,Mumbai,Thane West,Suburban,1,503,681,Under Construction,1,Full Vastu,Unfurnished,Near (1-2 km),7,7,1,1,1,0,2,9120000.0
1211,Delhi NCR,"Cyber City, Gurgaon",Mid-Tier,1,526,712,Ready to Move,1,Full Vastu,Semi-Furnished,Near (1-2 km),16,35,1,1,0,0,0,9700000.0
1212,Hyderabad,Miyapur / Kukatpally,Suburban,2,846,1071,Ready to Move,0,Non-Vastu,Unfurnished,Walkable (<500m),5,22,1,1,1,0,2,5260000.0
1213,Delhi NCR,"Golf Course Road, Gurgaon",Prime / Ultra-Luxury,2,1199,1561,Ready to Move,1,Full Vastu,Semi-Furnished,Near (1-2 km),7,12,1,1,1,1,2,60630000.0
1214,Mumbai,Navi Mumbai (Kharghar),Emerging,2,1098,1397,Ready to Move,1,Full Vastu,Semi-Furnished,Near (1-2 km),2,4,1,1,1,1,5,12890000.0
1215,Hyderabad,HITEC City / Kondapur,Mid-Tier,3,1378,1768,Ready to Move,1,Partial Vastu,Fully Furnished,Near (1-2 km),4,4,1,1,1,1,5,16820000.0
1216,Mumbai,Bandra West / BKC,Upscale,3,1239,1591,Under Construction,1,Partial Vastu,Fully Furnished,Near (1-2 km),3,4,1,1,1,1,2,50390000.0
1217,Bengaluru,Electronic City,Suburban,1,489,647,Ready to Move,1,Full Vastu,Semi-Furnished,Near (1-2 km),9,12,1,1,1,2,12,4330000.0
1218,Hyderabad,Banjara Hills / Gachibowli,Upscale,2,1011,1318,Ready to Move,1,Full Vastu,Semi-Furnished,Near (1-2 km),2,4,1,1,1,1,2,17530000.0
1219,Delhi NCR,Noida Sector 62,Suburban,3,1605,2204,Ready to Move,1,Partial Vastu,Semi-Furnished,Walkable (<500m),1,22,1,1,0,2,5,18580000.0
1220,Pune,Koregaon Park,Prime / Ultra-Luxury,2,1128,1429,Ready to Move,1,Partial Vastu,Semi-Furnished,Near (1-2 km),32,50,1,0,1,0,12,25170000.0
1221,Delhi NCR,"Cyber City, Gurgaon",Mid-Tier,2,1062,1462,Ready to Move,1,Full Vastu,Semi-Furnished,Walkable (<500m),9,12,0,1,0,1,0,22530000.0
1222,Delhi NCR,"Cyber City, Gurgaon",Mid-Tier,3,1775,2272,Under Construction,0,Full Vastu,Fully Furnished,Near (1-2 km),11,12,1,1,1,1,2,27630000.0
1223,Mumbai,South Mumbai (Worli/Malabar Hill),Prime / Ultra-Luxury,3,1625,2195,Under Construction,1,Full Vastu,Semi-Furnished,Near (1-2 km),5,22,1,1,0,1,2,124410000.0
1224,Bengaluru,Koramangala / Sadashivnagar,Upscale,3,1226,1587,Ready to Move,1,Partial Vastu,Unfurnished,Near (1-2 km),6,35,1,1,0,1,5,21440000.0
1225,Bengaluru,Indiranagar / Lavelle Road,Prime / Ultra-Luxury,2,922,1170,New Launch,1,Partial Vastu,Semi-Furnished,Near (1-2 km),30,35,1,1,1,0,0,28020000.0
1226,Mumbai,Andheri West / Powai,Mid-Tier,3,1796,2445,Ready to Move,0,Non-Vastu,Semi-Furnished,Walkable (<500m),4,4,1,1,0,1,0,44570000.0
1227,Kolkata,Park Street / Salt Lake Sec 5,Upscale,2,942,1215,New Launch,1,Partial Vastu,Unfurnished,Walkable (<500m),7,7,0,0,1,1,2,12260000.0
1228,Bengaluru,HSR Layout / Whitefield,Mid-Tier,3,1666,2225,Under Construction,1,Partial Vastu,Semi-Furnished,Near (1-2 km),16,22,1,1,0,1,0,20050000.0
1229,Pune,Kalyani Nagar / Prabhat Road,Upscale,2,904,1197,Under Construction,1,Full Vastu,Semi-Furnished,Distant (>3 km),2,12,1,1,0,1,2,11930000.0
1230,Delhi NCR,South Delhi (Vasant Vihar),Upscale,2,803,1053,Ready to Move,1,Partial Vastu,Semi-Furnished,Near (1-2 km),4,4,1,1,1,1,0,26430000.0
1231,Hyderabad,HITEC City / Kondapur,Mid-Tier,3,1521,1999,Ready to Move,1,Partial Vastu,Semi-Furnished,Walkable (<500m),7,12,1,0,1,2,5,19380000.0
1232,Delhi NCR,"Golf Course Road, Gurgaon",Prime / Ultra-Luxury,2,994,1337,Ready to Move,0,Full Vastu,Semi-Furnished,Distant (>3 km),4,22,1,1,1,2,0,36010000.0
1233,Delhi NCR,Noida Sector 62,Suburban,2,856,1080,Under Construction,1,Full Vastu,Fully Furnished,Distant (>3 km),1,7,1,1,1,1,8,9130000.0
1234,Delhi NCR,Noida Sector 62,Suburban,4,2315,3095,Ready to Move,1,Non-Vastu,Fully Furnished,Near (1-2 km),22,22,1,1,1,0,12,24100000.0
1235,Mumbai,Andheri West / Powai,Mid-Tier,1,446,609,Under Construction,1,Full Vastu,Semi-Furnished,Near (1-2 km),4,4,1,1,1,1,8,12450000.0
1236,Hyderabad,HITEC City / Kondapur,Mid-Tier,2,1109,1395,Ready to Move,1,Full Vastu,Unfurnished,Near (1-2 km),11,22,1,0,1,1,8,12690000.0
1237,Bengaluru,Electronic City,Suburban,1,497,630,Under Construction,1,Partial Vastu,Fully Furnished,Near (1-2 km),6,12,1,1,1,1,5,3750000.0
1238,Mumbai,Bandra West / BKC,Upscale,3,1887,2535,Ready to Move,0,Partial Vastu,Semi-Furnished,Distant (>3 km),3,7,0,0,1,1,5,65420000.0
1239,Delhi NCR,"Golf Course Road, Gurgaon",Prime / Ultra-Luxury,3,1905,2490,Ready to Move,1,Full Vastu,Unfurnished,Walkable (<500m),22,22,1,1,1,1,0,82460000.0
1240,Mumbai,Bandra West / BKC,Upscale,2,938,1222,Ready to Move,0,Partial Vastu,Unfurnished,Near (1-2 km),7,22,0,1,1,2,2,34400000.0
1241,Chennai,Velachery / Adyar,Mid-Tier,3,1315,1667,Ready to Move,1,Full Vastu,Unfurnished,Near (1-2 km),15,35,1,1,0,2,2,14990000.0
1242,Chennai,Boat Club / Poes Garden,Prime / Ultra-Luxury,2,652,858,Ready to Move,1,Full Vastu,Unfurnished,Distant (>3 km),1,12,1,1,0,2,0,17440000.0
1243,Chennai,Velachery / Adyar,Mid-Tier,3,1207,1529,Under Construction,1,Full Vastu,Unfurnished,Distant (>3 km),10,12,1,1,1,2,12,10710000.0
1244,Bengaluru,Yelahanka / Devanahalli,Emerging,2,754,989,Ready to Move,1,Partial Vastu,Fully Furnished,Distant (>3 km),12,12,1,1,0,2,12,4300000.0
1245,Mumbai,Thane West,Suburban,2,1146,1546,Ready to Move,1,Non-Vastu,Semi-Furnished,Near (1-2 km),4,12,1,1,0,0,0,19490000.0
1246,Chennai,Velachery / Adyar,Mid-Tier,4,2441,3133,Under Construction,1,Partial Vastu,Semi-Furnished,Near (1-2 km),17,35,1,1,0,2,5,25340000.0
1247,Bengaluru,Indiranagar / Lavelle Road,Prime / Ultra-Luxury,2,1005,1319,Ready to Move,1,Non-Vastu,Semi-Furnished,Near (1-2 km),4,4,0,1,1,0,5,26420000.0
1248,Kolkata,EM Bypass,Suburban,1,346,477,New Launch,1,Full Vastu,Semi-Furnished,Near (1-2 km),6,7,1,1,1,1,8,1760000.0
1249,Kolkata,New Town Action Area 1,Mid-Tier,2,779,1043,New Launch,1,Full Vastu,Fully Furnished,Walkable (<500m),7,12,1,1,1,0,5,8000000.0
1250,Pune,Koregaon Park,Prime / Ultra-Luxury,4,2719,3696,Ready to Move,1,Partial Vastu,Fully Furnished,Near (1-2 km),5,7,1,1,1,1,0,75590000.0
1251,Bengaluru,Indiranagar / Lavelle Road,Prime / Ultra-Luxury,2,990,1291,Ready to Move,1,Full Vastu,Semi-Furnished,Distant (>3 km),22,35,0,1,1,0,5,27140000.0
1252,Bengaluru,Electronic City,Suburban,1,508,686,Ready to Move,1,Partial Vastu,Fully Furnished,Walkable (<500m),11,12,1,1,1,1,5,4760000.0
1253,Pune,Baner / Viman Nagar,Mid-Tier,2,1030,1293,Under Construction,1,Partial Vastu,Semi-Furnished,Walkable (<500m),4,12,0,1,1,1,5,9870000.0
1254,Bengaluru,Electronic City,Suburban,2,1183,1498,Ready to Move,1,Non-Vastu,Unfurnished,Near (1-2 km),12,22,1,1,1,0,2,8640000.0
1255,Mumbai,Thane West,Suburban,2,918,1172,Under Construction,1,Full Vastu,Semi-Furnished,Near (1-2 km),7,12,1,0,1,2,20,14110000.0
1256,Delhi NCR,"Cyber City, Gurgaon",Mid-Tier,3,1566,2039,Under Construction,1,Full Vastu,Semi-Furnished,Distant (>3 km),10,12,0,1,0,2,12,23030000.0
1257,Chennai,Velachery / Adyar,Mid-Tier,5,3909,5316,Ready to Move,1,Full Vastu,Fully Furnished,Walkable (<500m),4,4,1,1,0,1,5,54360000.0
1258,Hyderabad,HITEC City / Kondapur,Mid-Tier,2,1290,1671,Under Construction,1,Full Vastu,Semi-Furnished,Walkable (<500m),2,12,0,1,0,2,0,14850000.0
1259,Delhi NCR,South Delhi (Vasant Vihar),Upscale,2,650,868,Under Construction,1,Partial Vastu,Semi-Furnished,Near (1-2 km),2,4,1,1,1,1,2,19250000.0
1260,Mumbai,Andheri West / Powai,Mid-Tier,2,1047,1405,Ready to Move,1,Full Vastu,Unfurnished,Walkable (<500m),5,12,1,1,0,2,8,31750000.0
1261,Delhi NCR,"Cyber City, Gurgaon",Mid-Tier,1,511,678,Under Construction,1,Full Vastu,Unfurnished,Walkable (<500m),2,12,0,1,1,1,0,9080000.0
1262,Kolkata,New Town Action Area 1,Mid-Tier,3,1681,2179,Under Construction,0,Full Vastu,Unfurnished,Walkable (<500m),1,7,1,1,0,1,2,13090000.0
1263,Mumbai,Thane West,Suburban,2,856,1134,Ready to Move,1,Full Vastu,Semi-Furnished,Walkable (<500m),7,12,1,1,1,2,0,20620000.0
1264,Delhi NCR,"Cyber City, Gurgaon",Mid-Tier,2,943,1221,Ready to Move,1,Full Vastu,Semi-Furnished,Walkable (<500m),6,7,1,1,1,1,2,19390000.0
1265,Pune,Baner / Viman Nagar,Mid-Tier,3,1715,2162,Ready to Move,1,Full Vastu,Unfurnished,Distant (>3 km),3,35,1,1,0,0,0,17220000.0
1266,Hyderabad,HITEC City / Kondapur,Mid-Tier,2,1393,1921,Ready to Move,1,Full Vastu,Semi-Furnished,Walkable (<500m),3,4,1,1,0,1,0,18180000.0
1267,Hyderabad,HITEC City / Kondapur,Mid-Tier,3,1737,2200,New Launch,1,Full Vastu,Unfurnished,Near (1-2 km),11,22,1,1,0,1,5,16830000.0
1268,Hyderabad,HITEC City / Kondapur,Mid-Tier,1,453,571,Ready to Move,1,Full Vastu,Unfurnished,Distant (>3 km),11,12,1,1,0,1,12,4730000.0
1269,Bengaluru,Koramangala / Sadashivnagar,Upscale,3,1451,1979,Under Construction,0,Full Vastu,Semi-Furnished,Near (1-2 km),6,12,1,1,1,1,5,23930000.0
1270,Bengaluru,HSR Layout / Whitefield,Mid-Tier,4,2236,2883,Ready to Move,1,Full Vastu,Unfurnished,Near (1-2 km),7,7,1,1,1,2,5,31310000.0
1271,Pune,Koregaon Park,Prime / Ultra-Luxury,3,1132,1511,Ready to Move,1,Full Vastu,Semi-Furnished,Near (1-2 km),4,50,1,1,1,2,8,28850000.0
1272,Pune,Kalyani Nagar / Prabhat Road,Upscale,4,2281,2949,New Launch,1,Partial Vastu,Unfurnished,Near (1-2 km),5,7,1,1,1,0,2,26260000.0
1273,Pune,Baner / Viman Nagar,Mid-Tier,2,1054,1371,Under Construction,1,Partial Vastu,Unfurnished,Distant (>3 km),10,12,0,1,0,1,0,8770000.0
1274,Chennai,Velachery / Adyar,Mid-Tier,2,768,986,Ready to Move,1,Partial Vastu,Semi-Furnished,Near (1-2 km),29,50,0,0,0,0,0,7170000.0
1275,Delhi NCR,Dwarka Expressway,Emerging,3,1793,2321,Ready to Move,1,Full Vastu,Semi-Furnished,Distant (>3 km),10,35,1,1,1,1,8,13400000.0
1276,Delhi NCR,"Cyber City, Gurgaon",Mid-Tier,2,1019,1328,Ready to Move,1,Full Vastu,Unfurnished,Near (1-2 km),8,12,1,1,1,1,8,19160000.0
1277,Hyderabad,HITEC City / Kondapur,Mid-Tier,2,845,1135,Ready to Move,1,Partial Vastu,Semi-Furnished,Walkable (<500m),17,50,1,0,1,1,0,10940000.0
1278,Delhi NCR,"Cyber City, Gurgaon",Mid-Tier,2,929,1223,Ready to Move,1,Full Vastu,Semi-Furnished,Distant (>3 km),6,22,1,1,0,0,5,18630000.0
1279,Hyderabad,HITEC City / Kondapur,Mid-Tier,1,644,884,Ready to Move,1,Partial Vastu,Semi-Furnished,Near (1-2 km),2,7,1,1,1,1,20,7300000.0
1280,Hyderabad,Jubilee Hills,Prime / Ultra-Luxury,2,1054,1323,New Launch,1,Full Vastu,Unfurnished,Distant (>3 km),1,12,1,1,1,1,0,23710000.0
1281,Pune,Kalyani Nagar / Prabhat Road,Upscale,2,951,1251,Ready to Move,0,Full Vastu,Semi-Furnished,Walkable (<500m),4,7,1,1,1,1,5,15280000.0
1282,Bengaluru,Koramangala / Sadashivnagar,Upscale,3,1494,1981,Under Construction,1,Partial Vastu,Semi-Furnished,Walkable (<500m),2,7,1,0,1,1,2,28360000.0
1283,Bengaluru,HSR Layout / Whitefield,Mid-Tier,2,960,1315,Under Construction,1,Full Vastu,Unfurnished,Distant (>3 km),6,22,1,1,0,1,5,10730000.0
1284,Mumbai,South Mumbai (Worli/Malabar Hill),Prime / Ultra-Luxury,1,480,603,Ready to Move,1,Full Vastu,Fully Furnished,Walkable (<500m),5,12,0,1,0,1,5,39030000.0
1285,Delhi NCR,South Delhi (Vasant Vihar),Upscale,2,650,861,Under Construction,1,Full Vastu,Fully Furnished,Distant (>3 km),3,4,1,0,1,1,8,15470000.0
1286,Mumbai,Bandra West / BKC,Upscale,2,1241,1689,Ready to Move,1,Full Vastu,Fully Furnished,Distant (>3 km),5,22,1,1,1,1,5,57000000.0
1287,Bengaluru,Yelahanka / Devanahalli,Emerging,3,1586,2032,Under Construction,1,Full Vastu,Semi-Furnished,Distant (>3 km),1,7,1,1,0,1,5,7540000.0
1288,Delhi NCR,South Delhi (Vasant Vihar),Upscale,2,1006,1372,Ready to Move,1,Partial Vastu,Semi-Furnished,Near (1-2 km),9,50,1,1,0,1,2,29530000.0
1289,Bengaluru,HSR Layout / Whitefield,Mid-Tier,2,941,1179,Ready to Move,1,Partial Vastu,Semi-Furnished,Near (1-2 km),28,35,1,1,1,2,0,13720000.0
1290,Delhi NCR,South Delhi (Vasant Vihar),Upscale,3,1379,1855,Under Construction,1,Partial Vastu,Semi-Furnished,Near (1-2 km),22,35,0,1,1,1,8,34810000.0
1291,Mumbai,Andheri West / Powai,Mid-Tier,2,923,1266,Ready to Move,0,Full Vastu,Semi-Furnished,Near (1-2 km),3,22,1,0,0,0,0,21590000.0
1292,Mumbai,Bandra West / BKC,Upscale,1,395,527,Under Construction,0,Non-Vastu,Semi-Furnished,Near (1-2 km),7,7,1,1,1,0,2,13610000.0
1293,Pune,Kalyani Nagar / Prabhat Road,Upscale,2,1274,1665,New Launch,1,Partial Vastu,Unfurnished,Distant (>3 km),4,12,1,0,0,1,0,15750000.0
1294,Bengaluru,HSR Layout / Whitefield,Mid-Tier,4,1955,2455,Ready to Move,1,Full Vastu,Semi-Furnished,Near (1-2 km),5,7,1,1,1,0,2,28790000.0
1295,Mumbai,South Mumbai (Worli/Malabar Hill),Prime / Ultra-Luxury,2,802,1098,Ready to Move,1,Partial Vastu,Fully Furnished,Distant (>3 km),7,7,1,0,1,0,2,57370000.0
1296,Delhi NCR,"Golf Course Road, Gurgaon",Prime / Ultra-Luxury,2,887,1163,Ready to Move,1,Partial Vastu,Unfurnished,Walkable (<500m),12,12,1,0,1,1,8,36920000.0
1297,Hyderabad,Banjara Hills / Gachibowli,Upscale,1,620,777,Under Construction,1,Partial Vastu,Semi-Furnished,Walkable (<500m),4,4,0,1,0,1,2,9860000.0
1298,Mumbai,South Mumbai (Worli/Malabar Hill),Prime / Ultra-Luxury,2,952,1275,Under Construction,1,Full Vastu,Fully Furnished,Near (1-2 km),39,50,1,1,0,1,5,69570000.0
1299,Delhi NCR,"Golf Course Road, Gurgaon",Prime / Ultra-Luxury,2,773,1015,Ready to Move,1,Full Vastu,Semi-Furnished,Walkable (<500m),10,35,1,1,1,1,5,35950000.0
1300,Mumbai,Bandra West / BKC,Upscale,2,1128,1428,Ready to Move,1,Partial Vastu,Fully Furnished,Near (1-2 km),8,12,0,1,1,1,8,49330000.0
1301,Mumbai,Thane West,Suburban,1,577,737,Under Construction,1,Full Vastu,Semi-Furnished,Walkable (<500m),1,12,1,1,1,1,2,10930000.0
1302,Delhi NCR,"Cyber City, Gurgaon",Mid-Tier,4,2593,3263,Ready to Move,1,Partial Vastu,Unfurnished,Distant (>3 km),5,12,1,1,0,1,12,41290000.0
1303,Delhi NCR,"Cyber City, Gurgaon",Mid-Tier,3,1716,2273,Under Construction,1,Partial Vastu,Semi-Furnished,Walkable (<500m),15,35,1,1,0,1,0,33500000.0
1304,Delhi NCR,South Delhi (Vasant Vihar),Upscale,2,1291,1718,Under Construction,1,Partial Vastu,Unfurnished,Near (1-2 km),12,12,1,1,0,2,5,36450000.0
1305,Hyderabad,Miyapur / Kukatpally,Suburban,3,2058,2708,New Launch,1,Full Vastu,Semi-Furnished,Walkable (<500m),1,7,1,1,1,2,0,15360000.0
1306,Kolkata,Park Street / Salt Lake Sec 5,Upscale,1,466,632,Ready to Move,0,Partial Vastu,Unfurnished,Near (1-2 km),7,12,1,1,1,1,8,6300000.0
1307,Delhi NCR,"Golf Course Road, Gurgaon",Prime / Ultra-Luxury,2,1181,1608,Ready to Move,1,Full Vastu,Unfurnished,Walkable (<500m),11,12,1,1,1,1,0,54310000.0
1308,Bengaluru,HSR Layout / Whitefield,Mid-Tier,3,1639,2180,Ready to Move,1,Partial Vastu,Semi-Furnished,Walkable (<500m),13,35,1,1,1,1,2,23870000.0
1309,Hyderabad,Jubilee Hills,Prime / Ultra-Luxury,3,1666,2085,Ready to Move,1,Partial Vastu,Semi-Furnished,Near (1-2 km),2,7,1,1,1,1,2,51380000.0
1310,Bengaluru,Koramangala / Sadashivnagar,Upscale,3,1156,1549,New Launch,1,Full Vastu,Semi-Furnished,Walkable (<500m),1,4,1,1,0,1,12,17780000.0
1311,Bengaluru,HSR Layout / Whitefield,Mid-Tier,2,925,1207,Ready to Move,1,Partial Vastu,Semi-Furnished,Walkable (<500m),9,35,1,1,1,1,0,14090000.0
1312,Mumbai,Thane West,Suburban,4,2107,2789,Under Construction,1,Full Vastu,Unfurnished,Near (1-2 km),5,35,1,0,1,2,5,35990000.0
1313,Mumbai,Andheri West / Powai,Mid-Tier,1,584,779,Ready to Move,1,Full Vastu,Unfurnished,Walkable (<500m),11,22,0,1,0,1,30,12240000.0
1314,Kolkata,New Town Action Area 1,Mid-Tier,3,1799,2331,Ready to Move,1,Full Vastu,Semi-Furnished,Near (1-2 km),6,12,0,1,0,0,0,14960000.0
1315,Pune,Hinjawadi Phase 3,Emerging,4,1653,2263,Ready to Move,1,Full Vastu,Semi-Furnished,Walkable (<500m),2,12,1,1,1,1,20,9520000.0
1316,Hyderabad,Banjara Hills / Gachibowli,Upscale,2,946,1199,Under Construction,0,Full Vastu,Fully Furnished,Walkable (<500m),11,12,0,1,1,1,0,15520000.0
1317,Bengaluru,Koramangala / Sadashivnagar,Upscale,3,1810,2421,Ready to Move,1,Full Vastu,Unfurnished,Near (1-2 km),1,4,0,1,1,0,12,35420000.0
1318,Mumbai,Bandra West / BKC,Upscale,1,505,632,Ready to Move,1,Partial Vastu,Fully Furnished,Walkable (<500m),12,12,1,1,1,1,20,21590000.0
1319,Mumbai,Andheri West / Powai,Mid-Tier,2,1053,1443,New Launch,0,Partial Vastu,Semi-Furnished,Distant (>3 km),4,4,1,1,0,0,30,16080000.0
1320,Bengaluru,HSR Layout / Whitefield,Mid-Tier,2,1000,1265,Ready to Move,1,Partial Vastu,Semi-Furnished,Distant (>3 km),6,7,1,0,0,1,5,14060000.0
1321,Delhi NCR,Noida Sector 62,Suburban,2,998,1260,Ready to Move,1,Full Vastu,Unfurnished,Walkable (<500m),27,35,1,1,1,1,12,11440000.0
1322,Hyderabad,HITEC City / Kondapur,Mid-Tier,4,2302,2977,Ready to Move,1,Non-Vastu,Semi-Furnished,Distant (>3 km),6,7,1,1,0,0,0,22600000.0
1323,Delhi NCR,"Cyber City, Gurgaon",Mid-Tier,3,1267,1645,Ready to Move,1,Partial Vastu,Unfurnished,Walkable (<500m),26,35,1,1,0,1,2,24670000.0
1324,Bengaluru,Koramangala / Sadashivnagar,Upscale,2,790,1010,New Launch,1,Full Vastu,Unfurnished,Walkable (<500m),6,7,1,1,0,1,2,14540000.0
1325,Chennai,OMR (Perungudi),Suburban,3,1714,2273,Ready to Move,1,Partial Vastu,Semi-Furnished,Walkable (<500m),5,7,1,1,0,1,2,12450000.0
1326,Hyderabad,Tellapur,Emerging,4,2407,3147,Ready to Move,1,Full Vastu,Semi-Furnished,Walkable (<500m),4,12,1,1,1,1,8,14870000.0
1327,Delhi NCR,Noida Sector 62,Suburban,1,509,639,Ready to Move,1,Partial Vastu,Semi-Furnished,Near (1-2 km),10,22,0,1,1,2,0,6900000.0
1328,Delhi NCR,"Golf Course Road, Gurgaon",Prime / Ultra-Luxury,5,3558,4595,Under Construction,1,Full Vastu,Semi-Furnished,Walkable (<500m),12,12,1,1,1,0,30,118940000.0
1329,Bengaluru,HSR Layout / Whitefield,Mid-Tier,1,496,672,Ready to Move,1,Full Vastu,Semi-Furnished,Near (1-2 km),9,35,1,1,1,1,5,7770000.0
1330,Mumbai,South Mumbai (Worli/Malabar Hill),Prime / Ultra-Luxury,3,1793,2402,Under Construction,1,Partial Vastu,Semi-Furnished,Near (1-2 km),1,4,1,1,1,1,12,144430000.0
1331,Bengaluru,Koramangala / Sadashivnagar,Upscale,2,902,1212,Ready to Move,1,Full Vastu,Fully Furnished,Walkable (<500m),10,35,1,1,1,0,12,18330000.0
1332,Hyderabad,Jubilee Hills,Prime / Ultra-Luxury,1,415,556,Ready to Move,1,Full Vastu,Semi-Furnished,Near (1-2 km),4,7,1,1,0,1,8,11590000.0
1333,Mumbai,Andheri West / Powai,Mid-Tier,2,1055,1361,Under Construction,0,Non-Vastu,Unfurnished,Distant (>3 km),4,35,1,1,1,1,0,19380000.0
1334,Mumbai,Andheri West / Powai,Mid-Tier,3,1502,1897,Ready to Move,1,Non-Vastu,Unfurnished,Walkable (<500m),6,12,1,1,0,0,5,40570000.0
1335,Mumbai,South Mumbai (Worli/Malabar Hill),Prime / Ultra-Luxury,2,954,1226,Under Construction,1,Partial Vastu,Semi-Furnished,Walkable (<500m),8,22,0,1,1,1,2,82220000.0
1336,Mumbai,Bandra West / BKC,Upscale,1,645,876,Ready to Move,1,Full Vastu,Semi-Furnished,Near (1-2 km),8,12,1,1,1,1,0,35200000.0
1337,Pune,Baner / Viman Nagar,Mid-Tier,2,947,1304,Under Construction,1,Full Vastu,Unfurnished,Near (1-2 km),4,7,0,1,1,1,2,9510000.0
1338,Hyderabad,Banjara Hills / Gachibowli,Upscale,4,2504,3291,Ready to Move,0,Partial Vastu,Semi-Furnished,Near (1-2 km),16,35,1,1,1,1,5,34510000.0
1339,Delhi NCR,South Delhi (Vasant Vihar),Upscale,2,782,978,Under Construction,1,Full Vastu,Semi-Furnished,Walkable (<500m),6,7,1,1,1,3,0,24440000.0
1340,Mumbai,Andheri West / Powai,Mid-Tier,2,918,1164,Ready to Move,1,Full Vastu,Semi-Furnished,Near (1-2 km),1,7,1,1,0,2,2,27290000.0
1341,Delhi NCR,"Cyber City, Gurgaon",Mid-Tier,2,1036,1338,Ready to Move,1,Full Vastu,Unfurnished,Near (1-2 km),1,22,1,1,1,0,2,18400000.0
1342,Delhi NCR,"Golf Course Road, Gurgaon",Prime / Ultra-Luxury,1,398,527,Ready to Move,1,Full Vastu,Semi-Furnished,Near (1-2 km),2,4,1,1,0,0,0,18930000.0
1343,Mumbai,South Mumbai (Worli/Malabar Hill),Prime / Ultra-Luxury,3,1596,2011,Ready to Move,0,Full Vastu,Fully Furnished,Walkable (<500m),3,7,1,1,1,1,5,124570000.0
1344,Bengaluru,Koramangala / Sadashivnagar,Upscale,3,1573,2159,Ready to Move,1,Full Vastu,Fully Furnished,Near (1-2 km),2,12,1,1,1,1,5,34710000.0
1345,Bengaluru,Electronic City,Suburban,2,955,1239,Ready to Move,0,Full Vastu,Unfurnished,Walkable (<500m),17,22,1,1,0,0,20,6070000.0
1346,Delhi NCR,"Cyber City, Gurgaon",Mid-Tier,2,1097,1501,Ready to Move,1,Full Vastu,Unfurnished,Near (1-2 km),1,4,1,1,1,1,2,23030000.0
1347,Delhi NCR,"Cyber City, Gurgaon",Mid-Tier,3,1627,2199,Under Construction,1,Full Vastu,Semi-Furnished,Distant (>3 km),12,12,1,1,1,0,2,30570000.0
1348,Mumbai,Bandra West / BKC,Upscale,2,1160,1564,Under Construction,1,Full Vastu,Semi-Furnished,Near (1-2 km),12,22,0,1,1,1,2,55420000.0
1349,Bengaluru,HSR Layout / Whitefield,Mid-Tier,3,1318,1751,Under Construction,1,Partial Vastu,Semi-Furnished,Walkable (<500m),12,22,1,1,1,1,12,16390000.0
1350,Delhi NCR,"Golf Course Road, Gurgaon",Prime / Ultra-Luxury,3,1581,2105,Ready to Move,1,Partial Vastu,Fully Furnished,Near (1-2 km),6,35,1,1,1,0,2,77980000.0
1351,Delhi NCR,"Cyber City, Gurgaon",Mid-Tier,3,1569,2091,Ready to Move,1,Full Vastu,Semi-Furnished,Near (1-2 km),7,22,1,0,1,1,2,33680000.0
1352,Pune,Wakad / Kharadi,Suburban,2,797,1061,Ready to Move,1,Full Vastu,Unfurnished,Near (1-2 km),8,12,1,1,1,1,2,6280000.0
1353,Delhi NCR,"Cyber City, Gurgaon",Mid-Tier,2,1086,1436,Under Construction,1,Full Vastu,Fully Furnished,Near (1-2 km),3,12,1,1,1,1,0,21620000.0
1354,Mumbai,Thane West,Suburban,4,3236,4460,Ready to Move,0,Full Vastu,Unfurnished,Walkable (<500m),1,4,0,1,0,2,0,53320000.0
1355,Mumbai,Andheri West / Powai,Mid-Tier,2,947,1274,Ready to Move,1,Full Vastu,Fully Furnished,Near (1-2 km),21,22,1,0,1,3,8,33200000.0
1356,Delhi NCR,South Delhi (Vasant Vihar),Upscale,3,1667,2252,Under Construction,0,Full Vastu,Semi-Furnished,Near (1-2 km),8,50,1,1,0,1,8,37310000.0
1357,Mumbai,Thane West,Suburban,2,962,1312,Ready to Move,0,Partial Vastu,Fully Furnished,Distant (>3 km),11,22,1,1,1,2,2,14620000.0
1358,Delhi NCR,"Golf Course Road, Gurgaon",Prime / Ultra-Luxury,3,1384,1769,Under Construction,1,Partial Vastu,Unfurnished,Near (1-2 km),4,4,1,1,0,0,5,46340000.0
1359,Chennai,Velachery / Adyar,Mid-Tier,2,690,870,Under Construction,1,Full Vastu,Unfurnished,Near (1-2 km),2,12,1,1,0,1,2,6970000.0
1360,Delhi NCR,South Delhi (Vasant Vihar),Upscale,2,849,1115,Ready to Move,1,Full Vastu,Semi-Furnished,Near (1-2 km),9,12,0,1,1,1,8,22960000.0
1361,Bengaluru,Indiranagar / Lavelle Road,Prime / Ultra-Luxury,1,411,541,Ready to Move,1,Partial Vastu,Semi-Furnished,Walkable (<500m),12,12,1,1,0,1,12,16120000.0
1362,Delhi NCR,"Cyber City, Gurgaon",Mid-Tier,3,1946,2642,Ready to Move,1,Full Vastu,Unfurnished,Near (1-2 km),13,22,0,1,1,1,12,35210000.0
1363,Bengaluru,Koramangala / Sadashivnagar,Upscale,3,1523,1992,Under Construction,1,Partial Vastu,Fully Furnished,Near (1-2 km),9,12,1,1,1,0,0,28910000.0
1364,Delhi NCR,"Cyber City, Gurgaon",Mid-Tier,2,900,1192,Ready to Move,1,Full Vastu,Semi-Furnished,Distant (>3 km),3,7,1,1,1,1,8,16190000.0
1365,Chennai,Velachery / Adyar,Mid-Tier,2,1076,1419,Under Construction,1,Partial Vastu,Semi-Furnished,Near (1-2 km),3,35,1,0,0,1,20,9520000.0
1366,Bengaluru,Indiranagar / Lavelle Road,Prime / Ultra-Luxury,3,1289,1618,Ready to Move,1,Non-Vastu,Unfurnished,Walkable (<500m),12,12,1,1,0,3,5,42340000.0
1367,Kolkata,Park Street / Salt Lake Sec 5,Upscale,1,460,612,Ready to Move,1,Non-Vastu,Semi-Furnished,Near (1-2 km),7,7,1,1,1,1,2,5900000.0
1368,Chennai,Velachery / Adyar,Mid-Tier,2,959,1302,Ready to Move,0,Full Vastu,Semi-Furnished,Walkable (<500m),5,7,0,1,1,2,5,9810000.0
1369,Mumbai,Bandra West / BKC,Upscale,2,1096,1392,Under Construction,1,Full Vastu,Semi-Furnished,Walkable (<500m),4,35,1,1,1,0,8,48610000.0
1370,Mumbai,Andheri West / Powai,Mid-Tier,2,1021,1355,Ready to Move,1,Full Vastu,Fully Furnished,Walkable (<500m),23,35,1,1,1,2,2,35910000.0
1371,Mumbai,Andheri West / Powai,Mid-Tier,2,985,1307,Under Construction,1,Non-Vastu,Unfurnished,Near (1-2 km),11,12,1,1,1,2,0,24510000.0
1372,Mumbai,Thane West,Suburban,2,961,1222,Ready to Move,1,Full Vastu,Unfurnished,Near (1-2 km),3,4,0,1,1,0,5,18530000.0
1373,Mumbai,Andheri West / Powai,Mid-Tier,1,551,698,Ready to Move,1,Full Vastu,Unfurnished,Walkable (<500m),3,4,0,1,1,1,8,17140000.0
1374,Hyderabad,HITEC City / Kondapur,Mid-Tier,2,978,1347,Under Construction,1,Full Vastu,Semi-Furnished,Near (1-2 km),5,7,1,1,0,0,30,8250000.0
1375,Mumbai,Andheri West / Powai,Mid-Tier,2,803,1045,Under Construction,1,Full Vastu,Semi-Furnished,Walkable (<500m),11,12,1,1,1,3,0,22710000.0
1376,Bengaluru,Koramangala / Sadashivnagar,Upscale,2,956,1223,Ready to Move,1,Full Vastu,Unfurnished,Distant (>3 km),5,12,1,1,0,1,8,16480000.0
1377,Pune,Kalyani Nagar / Prabhat Road,Upscale,2,796,1013,Ready to Move,1,Partial Vastu,Unfurnished,Near (1-2 km),8,12,1,1,1,1,0,14600000.0
1378,Mumbai,Andheri West / Powai,Mid-Tier,3,1568,2096,Under Construction,1,Full Vastu,Unfurnished,Near (1-2 km),21,22,1,0,0,1,20,36530000.0
1379,Pune,Baner / Viman Nagar,Mid-Tier,1,482,641,Ready to Move,1,Full Vastu,Unfurnished,Walkable (<500m),1,4,1,1,1,2,0,5480000.0
1380,Bengaluru,HSR Layout / Whitefield,Mid-Tier,2,1311,1748,Ready to Move,1,Non-Vastu,Semi-Furnished,Near (1-2 km),2,4,0,1,1,1,2,18910000.0
1381,Mumbai,Thane West,Suburban,1,516,651,New Launch,1,Partial Vastu,Unfurnished,Near (1-2 km),1,12,1,1,0,1,0,6810000.0
1382,Hyderabad,Miyapur / Kukatpally,Suburban,1,410,560,Ready to Move,1,Partial Vastu,Unfurnished,Distant (>3 km),3,7,1,1,0,1,5,2810000.0
1383,Delhi NCR,Noida Sector 62,Suburban,2,930,1210,Ready to Move,1,Full Vastu,Fully Furnished,Walkable (<500m),3,4,1,1,1,1,2,14650000.0
1384,Pune,Baner / Viman Nagar,Mid-Tier,2,1024,1322,Ready to Move,1,Partial Vastu,Semi-Furnished,Near (1-2 km),2,12,1,1,1,0,8,9390000.0
1385,Hyderabad,Banjara Hills / Gachibowli,Upscale,3,1939,2540,Under Construction,1,Full Vastu,Semi-Furnished,Near (1-2 km),10,22,0,1,1,1,5,29850000.0
1386,Pune,Baner / Viman Nagar,Mid-Tier,2,866,1126,Under Construction,1,Full Vastu,Unfurnished,Walkable (<500m),5,22,1,0,1,0,2,7940000.0
1387,Bengaluru,Koramangala / Sadashivnagar,Upscale,4,1830,2493,Ready to Move,1,Full Vastu,Semi-Furnished,Walkable (<500m),1,22,1,1,1,1,2,47360000.0
1388,Mumbai,Andheri West / Powai,Mid-Tier,1,583,799,Ready to Move,1,Full Vastu,Semi-Furnished,Distant (>3 km),1,12,1,1,1,1,0,16250000.0
1389,Hyderabad,HITEC City / Kondapur,Mid-Tier,1,412,531,Ready to Move,1,Full Vastu,Unfurnished,Near (1-2 km),17,22,1,1,1,1,0,5450000.0
1390,Pune,Baner / Viman Nagar,Mid-Tier,1,485,661,Under Construction,1,Non-Vastu,Unfurnished,Distant (>3 km),1,7,1,1,1,1,5,4480000.0
1391,Kolkata,Park Street / Salt Lake Sec 5,Upscale,2,913,1234,Ready to Move,1,Full Vastu,Fully Furnished,Walkable (<500m),25,50,1,1,1,1,5,13640000.0
1392,Bengaluru,Koramangala / Sadashivnagar,Upscale,2,940,1289,New Launch,1,Full Vastu,Fully Furnished,Near (1-2 km),1,7,0,1,0,0,0,14910000.0
1393,Bengaluru,HSR Layout / Whitefield,Mid-Tier,3,1710,2192,Ready to Move,0,Full Vastu,Unfurnished,Near (1-2 km),7,7,1,1,1,1,5,20890000.0
1394,Hyderabad,Banjara Hills / Gachibowli,Upscale,1,466,617,New Launch,1,Full Vastu,Unfurnished,Near (1-2 km),6,7,1,1,1,1,0,7940000.0
1395,Bengaluru,Electronic City,Suburban,4,2301,2958,Ready to Move,1,Partial Vastu,Fully Furnished,Distant (>3 km),9,50,1,1,1,0,5,18980000.0
1396,Chennai,Nungambakkam / Anna Nagar,Upscale,3,1546,2098,Under Construction,1,Full Vastu,Unfurnished,Walkable (<500m),27,50,1,1,1,1,20,22380000.0
1397,Pune,Kalyani Nagar / Prabhat Road,Upscale,2,971,1214,Ready to Move,1,Partial Vastu,Semi-Furnished,Distant (>3 km),4,22,1,1,1,0,2,16360000.0
1398,Bengaluru,Indiranagar / Lavelle Road,Prime / Ultra-Luxury,1,527,697,Ready to Move,1,Full Vastu,Fully Furnished,Near (1-2 km),9,12,1,1,1,0,8,17560000.0
1399,Hyderabad,HITEC City / Kondapur,Mid-Tier,2,1012,1310,Under Construction,1,Partial Vastu,Fully Furnished,Walkable (<500m),6,12,1,1,0,1,8,12400000.0
1400,Hyderabad,HITEC City / Kondapur,Mid-Tier,1,585,756,Under Construction,1,Partial Vastu,Semi-Furnished,Distant (>3 km),21,50,1,1,0,1,2,5310000.0
1401,Mumbai,Bandra West / BKC,Upscale,1,550,734,Ready to Move,0,Partial Vastu,Unfurnished,Near (1-2 km),9,12,1,1,0,1,5,25460000.0
1402,Chennai,Boat Club / Poes Garden,Prime / Ultra-Luxury,2,1014,1380,Under Construction,0,Partial Vastu,Unfurnished,Near (1-2 km),4,35,1,1,1,1,5,18370000.0
1403,Delhi NCR,"Cyber City, Gurgaon",Mid-Tier,2,724,962,Ready to Move,1,Partial Vastu,Fully Furnished,Walkable (<500m),2,7,1,1,1,0,2,16880000.0
1404,Pune,Kalyani Nagar / Prabhat Road,Upscale,2,957,1302,Under Construction,0,Full Vastu,Fully Furnished,Near (1-2 km),3,7,0,1,0,1,8,10970000.0
1405,Bengaluru,HSR Layout / Whitefield,Mid-Tier,5,4073,5231,Ready to Move,1,Full Vastu,Semi-Furnished,Near (1-2 km),21,22,1,1,1,2,8,61690000.0
1406,Pune,Baner / Viman Nagar,Mid-Tier,3,1719,2265,Ready to Move,1,Partial Vastu,Semi-Furnished,Walkable (<500m),1,4,1,1,1,1,12,18720000.0
1407,Bengaluru,Koramangala / Sadashivnagar,Upscale,4,2150,2813,Ready to Move,1,Partial Vastu,Semi-Furnished,Near (1-2 km),16,35,1,1,1,0,5,43930000.0
1408,Mumbai,Bandra West / BKC,Upscale,1,468,586,Ready to Move,1,Full Vastu,Semi-Furnished,Walkable (<500m),1,12,1,1,0,1,2,25700000.0
1409,Chennai,GST Road (Tambaram),Emerging,2,868,1148,Under Construction,1,Full Vastu,Semi-Furnished,Walkable (<500m),18,35,1,1,1,0,8,4460000.0
1410,Mumbai,Andheri West / Powai,Mid-Tier,2,1026,1371,Ready to Move,1,Partial Vastu,Semi-Furnished,Walkable (<500m),2,7,1,1,1,1,5,33070000.0
1411,Bengaluru,HSR Layout / Whitefield,Mid-Tier,1,600,796,Ready to Move,1,Full Vastu,Semi-Furnished,Walkable (<500m),21,22,1,1,0,2,5,7710000.0
1412,Chennai,Nungambakkam / Anna Nagar,Upscale,1,488,657,Ready to Move,1,Full Vastu,Unfurnished,Walkable (<500m),3,12,1,1,0,0,12,8790000.0
1413,Chennai,Velachery / Adyar,Mid-Tier,3,1761,2332,Under Construction,1,Full Vastu,Semi-Furnished,Near (1-2 km),6,12,1,1,1,0,12,19250000.0
1414,Delhi NCR,"Golf Course Road, Gurgaon",Prime / Ultra-Luxury,3,1578,1986,Ready to Move,1,Partial Vastu,Semi-Furnished,Near (1-2 km),11,12,1,1,0,1,0,68860000.0
1415,Delhi NCR,"Cyber City, Gurgaon",Mid-Tier,2,932,1179,Ready to Move,1,Non-Vastu,Unfurnished,Near (1-2 km),40,50,0,0,1,3,2,17170000.0
1416,Bengaluru,Yelahanka / Devanahalli,Emerging,2,919,1220,New Launch,0,Full Vastu,Semi-Furnished,Walkable (<500m),6,12,1,1,0,1,5,5210000.0
1417,Bengaluru,Koramangala / Sadashivnagar,Upscale,2,1056,1358,Ready to Move,1,Full Vastu,Semi-Furnished,Near (1-2 km),2,7,1,1,1,0,5,23010000.0
1418,Bengaluru,Indiranagar / Lavelle Road,Prime / Ultra-Luxury,1,545,687,Under Construction,1,Full Vastu,Fully Furnished,Near (1-2 km),20,35,1,1,1,1,5,16910000.0
1419,Hyderabad,Jubilee Hills,Prime / Ultra-Luxury,2,1274,1664,Under Construction,0,Full Vastu,Unfurnished,Walkable (<500m),2,7,0,1,0,1,2,24600000.0
1420,Hyderabad,Banjara Hills / Gachibowli,Upscale,2,828,1095,Ready to Move,1,Partial Vastu,Semi-Furnished,Distant (>3 km),6,12,1,1,1,1,2,14500000.0
1421,Hyderabad,Banjara Hills / Gachibowli,Upscale,1,560,724,New Launch,1,Full Vastu,Unfurnished,Near (1-2 km),4,4,1,1,1,2,0,9310000.0
1422,Hyderabad,Jubilee Hills,Prime / Ultra-Luxury,4,2209,2968,Under Construction,1,Full Vastu,Fully Furnished,Near (1-2 km),18,35,1,1,1,1,5,59550000.0
1423,Mumbai,Andheri West / Powai,Mid-Tier,2,826,1102,Ready to Move,1,Partial Vastu,Unfurnished,Walkable (<500m),5,7,0,0,0,1,0,22410000.0
1424,Delhi NCR,"Cyber City, Gurgaon",Mid-Tier,3,1547,2001,Ready to Move,1,Partial Vastu,Semi-Furnished,Walkable (<500m),1,7,1,1,1,0,8,28950000.0
1425,Mumbai,Bandra West / BKC,Upscale,2,969,1306,Under Construction,1,Full Vastu,Semi-Furnished,Near (1-2 km),19,35,1,1,1,1,20,39210000.0
1426,Delhi NCR,Noida Sector 62,Suburban,2,1365,1821,Ready to Move,1,Full Vastu,Semi-Furnished,Near (1-2 km),10,22,1,1,1,1,2,16510000.0
1427,Bengaluru,Indiranagar / Lavelle Road,Prime / Ultra-Luxury,2,923,1230,Under Construction,1,Non-Vastu,Fully Furnished,Walkable (<500m),1,4,1,1,1,2,0,30670000.0
1428,Pune,Hinjawadi Phase 3,Emerging,1,431,570,Ready to Move,0,Full Vastu,Fully Furnished,Walkable (<500m),13,22,0,1,0,2,0,2280000.0
1429,Bengaluru,Koramangala / Sadashivnagar,Upscale,2,988,1236,Ready to Move,1,Partial Vastu,Unfurnished,Near (1-2 km),24,35,0,1,0,0,2,19040000.0
1430,Mumbai,Thane West,Suburban,3,1067,1430,Ready to Move,0,Full Vastu,Unfurnished,Near (1-2 km),3,4,1,1,0,3,0,16590000.0
1431,Mumbai,Andheri West / Powai,Mid-Tier,3,1528,1985,Ready to Move,0,Partial Vastu,Unfurnished,Near (1-2 km),11,22,1,1,0,1,5,35680000.0
1432,Hyderabad,Miyapur / Kukatpally,Suburban,2,952,1307,Ready to Move,1,Partial Vastu,Unfurnished,Walkable (<500m),2,12,1,1,0,1,5,6850000.0
1433,Delhi NCR,Dwarka Expressway,Emerging,2,1063,1442,Under Construction,1,Partial Vastu,Fully Furnished,Near (1-2 km),6,12,1,1,1,1,2,8590000.0
1434,Mumbai,Bandra West / BKC,Upscale,4,2750,3648,Under Construction,1,Partial Vastu,Fully Furnished,Walkable (<500m),5,12,1,1,1,1,8,120720000.0
1435,Mumbai,Navi Mumbai (Kharghar),Emerging,1,480,616,Under Construction,0,Non-Vastu,Unfurnished,Walkable (<500m),11,12,1,1,1,1,12,4470000.0
1436,Hyderabad,Banjara Hills / Gachibowli,Upscale,2,928,1185,Under Construction,1,Partial Vastu,Semi-Furnished,Walkable (<500m),3,4,1,1,1,1,0,15920000.0
1437,Mumbai,Bandra West / BKC,Upscale,2,840,1087,Under Construction,1,Full Vastu,Semi-Furnished,Distant (>3 km),9,22,0,1,1,2,12,30520000.0
1438,Pune,Kalyani Nagar / Prabhat Road,Upscale,3,1287,1688,Ready to Move,1,Full Vastu,Unfurnished,Near (1-2 km),4,4,1,1,1,1,0,20770000.0
1439,Hyderabad,HITEC City / Kondapur,Mid-Tier,5,3976,5123,Under Construction,1,Partial Vastu,Semi-Furnished,Near (1-2 km),10,12,1,1,0,1,0,42910000.0
1440,Mumbai,Bandra West / BKC,Upscale,2,768,1011,Ready to Move,0,Partial Vastu,Unfurnished,Walkable (<500m),3,7,1,0,1,2,5,29060000.0
1441,Mumbai,Andheri West / Powai,Mid-Tier,3,1453,1847,New Launch,1,Full Vastu,Semi-Furnished,Walkable (<500m),4,22,1,1,1,2,2,43010000.0
1442,Kolkata,New Town Action Area 1,Mid-Tier,3,1318,1815,Under Construction,1,Full Vastu,Semi-Furnished,Walkable (<500m),4,7,0,1,1,1,0,12390000.0
1443,Bengaluru,HSR Layout / Whitefield,Mid-Tier,2,1028,1299,Ready to Move,1,Partial Vastu,Semi-Furnished,Walkable (<500m),7,12,1,1,1,1,2,14620000.0
1444,Bengaluru,Electronic City,Suburban,2,1206,1654,Ready to Move,1,Full Vastu,Unfurnished,Near (1-2 km),11,12,1,1,1,2,12,10640000.0
1445,Pune,Baner / Viman Nagar,Mid-Tier,2,764,1046,Ready to Move,0,Full Vastu,Semi-Furnished,Walkable (<500m),14,22,0,1,1,2,0,7720000.0
1446,Chennai,Nungambakkam / Anna Nagar,Upscale,4,1732,2283,Ready to Move,1,Partial Vastu,Semi-Furnished,Walkable (<500m),6,12,1,1,1,0,8,30430000.0
1447,Kolkata,Park Street / Salt Lake Sec 5,Upscale,2,932,1253,Ready to Move,0,Partial Vastu,Fully Furnished,Walkable (<500m),3,22,0,1,0,1,8,10880000.0
1448,Hyderabad,Banjara Hills / Gachibowli,Upscale,3,1553,2029,Ready to Move,1,Full Vastu,Semi-Furnished,Walkable (<500m),3,4,1,1,0,2,0,29530000.0
1449,Bengaluru,Indiranagar / Lavelle Road,Prime / Ultra-Luxury,2,981,1307,Ready to Move,1,Full Vastu,Fully Furnished,Near (1-2 km),5,7,1,1,1,1,2,36710000.0
1450,Mumbai,Bandra West / BKC,Upscale,3,1446,1872,New Launch,1,Full Vastu,Fully Furnished,Near (1-2 km),1,12,1,1,1,1,0,71850000.0
1451,Hyderabad,Banjara Hills / Gachibowli,Upscale,2,921,1187,Under Construction,0,Full Vastu,Semi-Furnished,Near (1-2 km),13,35,0,1,0,1,0,15830000.0
1452,Delhi NCR,Dwarka Expressway,Emerging,2,1002,1328,Under Construction,0,Partial Vastu,Semi-Furnished,Near (1-2 km),4,4,1,1,1,1,0,6430000.0
1453,Bengaluru,HSR Layout / Whitefield,Mid-Tier,3,1791,2355,Under Construction,1,Full Vastu,Fully Furnished,Walkable (<500m),4,4,1,1,1,0,0,27570000.0
1454,Chennai,Nungambakkam / Anna Nagar,Upscale,3,1095,1451,Ready to Move,1,Full Vastu,Semi-Furnished,Walkable (<500m),4,7,0,1,1,1,0,19790000.0
1455,Mumbai,Andheri West / Powai,Mid-Tier,3,1464,1885,Ready to Move,1,Full Vastu,Fully Furnished,Near (1-2 km),12,12,1,1,0,1,0,51280000.0
1456,Delhi NCR,South Delhi (Vasant Vihar),Upscale,1,536,696,Under Construction,1,Full Vastu,Semi-Furnished,Near (1-2 km),11,12,1,1,0,1,5,16250000.0
1457,Mumbai,Andheri West / Powai,Mid-Tier,3,1336,1685,New Launch,1,Non-Vastu,Semi-Furnished,Walkable (<500m),2,22,1,1,0,1,2,34290000.0
1458,Bengaluru,HSR Layout / Whitefield,Mid-Tier,1,655,823,Ready to Move,1,Full Vastu,Unfurnished,Walkable (<500m),1,4,1,1,1,1,12,9530000.0
1459,Mumbai,Andheri West / Powai,Mid-Tier,2,859,1102,Under Construction,0,Partial Vastu,Unfurnished,Walkable (<500m),2,7,1,1,1,1,0,22080000.0
1460,Mumbai,Andheri West / Powai,Mid-Tier,2,944,1189,New Launch,1,Partial Vastu,Fully Furnished,Walkable (<500m),7,7,0,1,1,1,5,25850000.0
1461,Mumbai,Navi Mumbai (Kharghar),Emerging,2,1029,1300,Under Construction,1,Full Vastu,Unfurnished,Walkable (<500m),9,12,0,1,0,1,12,10260000.0
1462,Delhi NCR,Noida Sector 62,Suburban,2,865,1173,New Launch,1,Partial Vastu,Unfurnished,Walkable (<500m),1,12,1,1,1,0,0,8730000.0
1463,Hyderabad,HITEC City / Kondapur,Mid-Tier,5,2747,3448,Ready to Move,1,Full Vastu,Semi-Furnished,Walkable (<500m),1,4,1,1,1,1,5,31580000.0
1464,Delhi NCR,"Cyber City, Gurgaon",Mid-Tier,1,486,649,New Launch,0,Partial Vastu,Semi-Furnished,Walkable (<500m),16,35,1,1,1,1,5,7810000.0
1465,Kolkata,New Town Action Area 1,Mid-Tier,3,1789,2300,Under Construction,1,Full Vastu,Unfurnished,Walkable (<500m),1,7,1,1,0,0,20,15790000.0
1466,Bengaluru,Koramangala / Sadashivnagar,Upscale,2,901,1228,Ready to Move,1,Partial Vastu,Unfurnished,Distant (>3 km),18,22,1,1,1,2,5,15030000.0
1467,Bengaluru,Koramangala / Sadashivnagar,Upscale,1,453,595,New Launch,0,Full Vastu,Semi-Furnished,Near (1-2 km),2,12,0,1,0,1,2,7240000.0
1468,Pune,Koregaon Park,Prime / Ultra-Luxury,2,1081,1394,Ready to Move,1,Partial Vastu,Unfurnished,Distant (>3 km),6,7,1,1,1,0,8,22330000.0
1469,Mumbai,Andheri West / Powai,Mid-Tier,4,2280,3003,Ready to Move,1,Full Vastu,Semi-Furnished,Walkable (<500m),3,22,1,0,1,1,5,69780000.0
1470,Kolkata,New Town Action Area 1,Mid-Tier,3,1431,1860,Ready to Move,1,Partial Vastu,Unfurnished,Near (1-2 km),20,22,1,1,1,1,2,13790000.0
1471,Mumbai,Bandra West / BKC,Upscale,4,2453,3246,Ready to Move,1,Full Vastu,Fully Furnished,Walkable (<500m),3,12,1,1,1,0,8,120530000.0
1472,Kolkata,Rajarhat,Emerging,5,4239,5362,Ready to Move,1,Partial Vastu,Semi-Furnished,Near (1-2 km),1,12,1,1,1,0,5,20140000.0
1473,Mumbai,Thane West,Suburban,2,1289,1778,Under Construction,1,Full Vastu,Semi-Furnished,Walkable (<500m),6,7,1,1,0,0,0,23460000.0
1474,Pune,Baner / Viman Nagar,Mid-Tier,2,1067,1393,Ready to Move,1,Full Vastu,Unfurnished,Walkable (<500m),6,12,1,1,1,1,12,11420000.0
1475,Delhi NCR,"Cyber City, Gurgaon",Mid-Tier,3,1819,2356,Ready to Move,1,Partial Vastu,Semi-Furnished,Distant (>3 km),3,7,1,1,1,1,2,35840000.0
1476,Kolkata,EM Bypass,Suburban,2,877,1177,Ready to Move,1,Non-Vastu,Semi-Furnished,Near (1-2 km),16,22,1,1,0,2,5,4670000.0
1477,Mumbai,Bandra West / BKC,Upscale,2,803,1042,Ready to Move,1,Full Vastu,Unfurnished,Distant (>3 km),3,7,1,1,1,1,2,34710000.0
1478,Delhi NCR,"Cyber City, Gurgaon",Mid-Tier,2,958,1301,Under Construction,1,Non-Vastu,Semi-Furnished,Walkable (<500m),1,4,1,1,1,1,12,13280000.0
1479,Kolkata,Park Street / Salt Lake Sec 5,Upscale,2,965,1263,Under Construction,1,Partial Vastu,Semi-Furnished,Walkable (<500m),2,7,1,1,1,1,5,13400000.0
1480,Delhi NCR,"Cyber City, Gurgaon",Mid-Tier,2,796,1069,New Launch,1,Partial Vastu,Semi-Furnished,Walkable (<500m),2,7,1,1,1,1,5,13280000.0
1481,Delhi NCR,South Delhi (Vasant Vihar),Upscale,2,925,1169,Under Construction,1,Full Vastu,Unfurnished,Near (1-2 km),7,12,0,1,1,1,30,18160000.0
1482,Hyderabad,Miyapur / Kukatpally,Suburban,2,1006,1368,Ready to Move,1,Full Vastu,Unfurnished,Near (1-2 km),5,7,1,1,1,1,2,8440000.0
1483,Bengaluru,Electronic City,Suburban,2,1001,1347,New Launch,1,Partial Vastu,Fully Furnished,Distant (>3 km),8,22,1,1,1,1,0,7990000.0
1484,Delhi NCR,South Delhi (Vasant Vihar),Upscale,2,1021,1304,Under Construction,1,Full Vastu,Semi-Furnished,Walkable (<500m),6,7,1,1,0,1,5,32420000.0
1485,Delhi NCR,"Cyber City, Gurgaon",Mid-Tier,2,991,1257,Ready to Move,1,Full Vastu,Semi-Furnished,Near (1-2 km),2,22,1,1,1,2,2,26220000.0
1486,Chennai,GST Road (Tambaram),Emerging,3,1432,1849,Under Construction,1,Full Vastu,Semi-Furnished,Walkable (<500m),10,12,1,1,1,1,5,7260000.0
1487,Mumbai,Andheri West / Powai,Mid-Tier,1,479,660,New Launch,0,Full Vastu,Unfurnished,Walkable (<500m),8,50,1,1,0,1,5,10270000.0
1488,Bengaluru,Electronic City,Suburban,2,779,1000,Under Construction,1,Partial Vastu,Semi-Furnished,Near (1-2 km),7,50,0,1,1,0,5,5830000.0
1489,Chennai,Velachery / Adyar,Mid-Tier,3,1964,2571,Ready to Move,1,Partial Vastu,Unfurnished,Near (1-2 km),13,22,1,1,1,1,2,22080000.0
1490,Pune,Kalyani Nagar / Prabhat Road,Upscale,2,951,1192,Under Construction,1,Partial Vastu,Semi-Furnished,Walkable (<500m),19,22,1,1,1,1,12,16160000.0
1491,Bengaluru,Koramangala / Sadashivnagar,Upscale,2,917,1194,Ready to Move,1,Full Vastu,Semi-Furnished,Walkable (<500m),8,12,1,1,0,2,5,21380000.0
1492,Delhi NCR,South Delhi (Vasant Vihar),Upscale,3,1334,1767,Ready to Move,1,Full Vastu,Fully Furnished,Walkable (<500m),15,22,1,1,1,1,12,40400000.0
1493,Bengaluru,HSR Layout / Whitefield,Mid-Tier,2,1368,1880,Ready to Move,0,Full Vastu,Semi-Furnished,Walkable (<500m),2,35,1,1,0,0,12,14300000.0
1494,Mumbai,Bandra West / BKC,Upscale,3,1300,1712,Ready to Move,1,Full Vastu,Unfurnished,Walkable (<500m),2,4,1,1,0,0,0,68610000.0
1495,Bengaluru,HSR Layout / Whitefield,Mid-Tier,3,1450,1967,Ready to Move,0,Partial Vastu,Semi-Furnished,Walkable (<500m),5,12,1,1,1,1,8,17140000.0
1496,Bengaluru,HSR Layout / Whitefield,Mid-Tier,3,1646,2175,Ready to Move,1,Partial Vastu,Unfurnished,Walkable (<500m),3,7,1,1,0,0,2,24930000.0
1497,Delhi NCR,"Cyber City, Gurgaon",Mid-Tier,2,1035,1299,Under Construction,0,Full Vastu,Unfurnished,Distant (>3 km),1,12,1,1,1,2,12,14180000.0
1498,Mumbai,Thane West,Suburban,1,594,767,Under Construction,1,Partial Vastu,Unfurnished,Distant (>3 km),7,12,1,1,1,2,8,8400000.0
1499,Kolkata,Rajarhat,Emerging,2,1207,1599,New Launch,1,Full Vastu,Semi-Furnished,Near (1-2 km),2,12,1,1,1,2,0,5010000.0
1500,Kolkata,New Town Action Area 1,Mid-Tier,2,1022,1404,Ready to Move,1,Partial Vastu,Unfurnished,Distant (>3 km),1,12,1,1,1,1,20,7810000.0
1501,Hyderabad,Miyapur / Kukatpally,Suburban,2,799,1088,Ready to Move,1,Full Vastu,Semi-Furnished,Near (1-2 km),1,50,1,1,0,1,8,6030000.0
1502,Delhi NCR,"Cyber City, Gurgaon",Mid-Tier,2,913,1168,New Launch,1,Partial Vastu,Fully Furnished,Walkable (<500m),7,12,0,1,1,2,20,15650000.0
1503,Bengaluru,HSR Layout / Whitefield,Mid-Tier,2,993,1270,Ready to Move,1,Full Vastu,Semi-Furnished,Walkable (<500m),17,22,1,1,1,2,0,16400000.0
1504,Pune,Hinjawadi Phase 3,Emerging,1,681,869,Under Construction,1,Full Vastu,Unfurnished,Distant (>3 km),1,7,1,1,0,2,12,2980000.0
1505,Hyderabad,Banjara Hills / Gachibowli,Upscale,2,750,1027,Under Construction,1,Full Vastu,Unfurnished,Near (1-2 km),6,12,1,1,0,2,5,10940000.0
1506,Mumbai,South Mumbai (Worli/Malabar Hill),Prime / Ultra-Luxury,2,1121,1526,Ready to Move,1,Full Vastu,Semi-Furnished,Near (1-2 km),4,12,1,1,0,1,5,81430000.0
1507,Chennai,OMR (Perungudi),Suburban,3,1591,2149,Under Construction,1,Full Vastu,Fully Furnished,Distant (>3 km),4,7,1,1,0,0,12,9320000.0
1508,Pune,Baner / Viman Nagar,Mid-Tier,1,585,761,Under Construction,0,Full Vastu,Unfurnished,Near (1-2 km),4,12,1,1,1,1,5,4280000.0
1509,Chennai,OMR (Perungudi),Suburban,2,935,1230,Ready to Move,1,Full Vastu,Semi-Furnished,Walkable (<500m),12,12,0,1,1,1,5,7630000.0
1510,Hyderabad,Miyapur / Kukatpally,Suburban,4,2096,2747,Ready to Move,1,Partial Vastu,Semi-Furnished,Walkable (<500m),5,12,0,0,1,1,2,17960000.0
1511,Delhi NCR,"Golf Course Road, Gurgaon",Prime / Ultra-Luxury,2,1056,1355,Ready to Move,1,Full Vastu,Semi-Furnished,Walkable (<500m),2,12,1,1,1,2,8,48720000.0
1512,Bengaluru,Electronic City,Suburban,2,1043,1372,Ready to Move,1,Partial Vastu,Fully Furnished,Walkable (<500m),5,12,1,1,1,2,5,11680000.0
1513,Chennai,Velachery / Adyar,Mid-Tier,1,595,746,Ready to Move,0,Full Vastu,Semi-Furnished,Walkable (<500m),2,7,1,1,0,1,12,6260000.0
1514,Pune,Baner / Viman Nagar,Mid-Tier,3,1546,1959,Ready to Move,1,Non-Vastu,Fully Furnished,Walkable (<500m),12,12,1,1,0,0,2,17730000.0
1515,Mumbai,Andheri West / Powai,Mid-Tier,2,864,1180,Ready to Move,1,Non-Vastu,Semi-Furnished,Walkable (<500m),4,4,1,1,1,1,2,26400000.0
1516,Mumbai,Thane West,Suburban,2,727,980,New Launch,1,Full Vastu,Semi-Furnished,Near (1-2 km),2,7,1,1,0,1,0,13500000.0
1517,Bengaluru,Indiranagar / Lavelle Road,Prime / Ultra-Luxury,2,1066,1391,Ready to Move,1,Partial Vastu,Semi-Furnished,Walkable (<500m),3,4,1,1,1,1,8,32030000.0
1518,Pune,Baner / Viman Nagar,Mid-Tier,3,1648,2171,Ready to Move,1,Full Vastu,Unfurnished,Near (1-2 km),2,4,1,1,1,1,2,18760000.0
1519,Kolkata,New Town Action Area 1,Mid-Tier,2,812,1054,Ready to Move,0,Non-Vastu,Semi-Furnished,Near (1-2 km),5,7,1,1,0,0,2,5610000.0
1520,Mumbai,Andheri West / Powai,Mid-Tier,1,477,642,Ready to Move,1,Full Vastu,Unfurnished,Near (1-2 km),2,4,0,1,1,0,8,12460000.0
1521,Delhi NCR,"Cyber City, Gurgaon",Mid-Tier,3,1441,1948,Ready to Move,1,Full Vastu,Unfurnished,Distant (>3 km),6,7,1,0,0,1,2,25380000.0
1522,Bengaluru,Koramangala / Sadashivnagar,Upscale,2,738,996,Ready to Move,1,Full Vastu,Semi-Furnished,Walkable (<500m),9,12,1,1,1,1,12,14700000.0
1523,Kolkata,Park Street / Salt Lake Sec 5,Upscale,3,1359,1826,Ready to Move,1,Full Vastu,Semi-Furnished,Walkable (<500m),4,4,1,1,0,0,5,17830000.0
1524,Pune,Kalyani Nagar / Prabhat Road,Upscale,2,788,1006,Under Construction,0,Full Vastu,Fully Furnished,Near (1-2 km),5,12,1,1,1,2,20,11650000.0
1525,Pune,Wakad / Kharadi,Suburban,3,1454,1881,New Launch,1,Partial Vastu,Semi-Furnished,Near (1-2 km),4,35,1,1,1,1,0,9310000.0
1526,Bengaluru,Koramangala / Sadashivnagar,Upscale,2,844,1107,Ready to Move,1,Full Vastu,Semi-Furnished,Near (1-2 km),6,22,1,1,1,0,2,16790000.0
1527,Bengaluru,Koramangala / Sadashivnagar,Upscale,3,1171,1514,Ready to Move,1,Full Vastu,Unfurnished,Walkable (<500m),2,7,1,1,1,1,2,28920000.0
1528,Bengaluru,Yelahanka / Devanahalli,Emerging,4,3128,4217,Under Construction,1,Full Vastu,Fully Furnished,Near (1-2 km),13,35,1,1,1,2,8,19300000.0
1529,Mumbai,South Mumbai (Worli/Malabar Hill),Prime / Ultra-Luxury,2,1128,1458,Under Construction,1,Full Vastu,Semi-Furnished,Distant (>3 km),7,7,1,1,1,1,0,68590000.0
1530,Pune,Hinjawadi Phase 3,Emerging,2,838,1063,Ready to Move,1,Full Vastu,Semi-Furnished,Near (1-2 km),3,4,1,1,0,1,2,4380000.0
1531,Pune,Baner / Viman Nagar,Mid-Tier,2,988,1286,New Launch,1,Partial Vastu,Semi-Furnished,Walkable (<500m),30,50,1,1,0,2,12,8840000.0
1532,Kolkata,EM Bypass,Suburban,2,1009,1390,Ready to Move,0,Full Vastu,Unfurnished,Distant (>3 km),10,22,0,1,1,1,0,4760000.0
1533,Kolkata,Park Street / Salt Lake Sec 5,Upscale,2,1119,1432,Ready to Move,1,Partial Vastu,Semi-Furnished,Near (1-2 km),4,12,1,1,1,0,8,14280000.0
1534,Delhi NCR,"Golf Course Road, Gurgaon",Prime / Ultra-Luxury,2,833,1108,Under Construction,1,Full Vastu,Fully Furnished,Near (1-2 km),9,12,1,1,0,1,8,32640000.0
1535,Hyderabad,HITEC City / Kondapur,Mid-Tier,2,1105,1443,New Launch,1,Full Vastu,Unfurnished,Walkable (<500m),12,12,1,1,1,2,0,13580000.0
1536,Chennai,OMR (Perungudi),Suburban,2,871,1097,Under Construction,1,Partial Vastu,Semi-Furnished,Near (1-2 km),7,7,1,1,1,1,8,6700000.0
1537,Pune,Baner / Viman Nagar,Mid-Tier,2,759,997,Ready to Move,1,Full Vastu,Fully Furnished,Walkable (<500m),5,7,1,1,1,2,5,10730000.0
1538,Mumbai,Bandra West / BKC,Upscale,3,1718,2304,Ready to Move,1,Full Vastu,Unfurnished,Walkable (<500m),5,12,1,1,1,1,2,88350000.0
1539,Bengaluru,HSR Layout / Whitefield,Mid-Tier,1,620,816,Ready to Move,0,Partial Vastu,Fully Furnished,Near (1-2 km),26,35,1,1,1,1,2,6940000.0
1540,Mumbai,Andheri West / Powai,Mid-Tier,1,721,983,Ready to Move,0,Full Vastu,Fully Furnished,Walkable (<500m),1,4,1,0,1,1,12,20660000.0
1541,Chennai,Velachery / Adyar,Mid-Tier,2,779,1003,Under Construction,1,Full Vastu,Semi-Furnished,Near (1-2 km),10,22,1,1,1,1,0,7890000.0
1542,Delhi NCR,"Cyber City, Gurgaon",Mid-Tier,2,1049,1323,Under Construction,1,Partial Vastu,Unfurnished,Near (1-2 km),4,4,0,1,1,2,5,16830000.0
1543,Mumbai,Thane West,Suburban,2,891,1222,Under Construction,1,Partial Vastu,Unfurnished,Walkable (<500m),10,12,1,1,1,2,8,18050000.0
1544,Hyderabad,HITEC City / Kondapur,Mid-Tier,2,1061,1378,New Launch,1,Full Vastu,Unfurnished,Near (1-2 km),6,12,1,0,1,2,0,12740000.0
1545,Delhi NCR,"Golf Course Road, Gurgaon",Prime / Ultra-Luxury,2,740,980,Ready to Move,1,Full Vastu,Semi-Furnished,Distant (>3 km),8,12,0,1,0,3,20,26580000.0
1546,Bengaluru,HSR Layout / Whitefield,Mid-Tier,3,1256,1699,Under Construction,1,Full Vastu,Semi-Furnished,Walkable (<500m),1,4,1,1,0,1,2,18650000.0
1547,Mumbai,South Mumbai (Worli/Malabar Hill),Prime / Ultra-Luxury,1,459,593,Under Construction,1,Full Vastu,Semi-Furnished,Near (1-2 km),5,12,0,1,1,2,2,35970000.0
1548,Hyderabad,HITEC City / Kondapur,Mid-Tier,3,1568,2106,Ready to Move,1,Partial Vastu,Semi-Furnished,Walkable (<500m),3,12,1,1,1,1,5,20320000.0
1549,Delhi NCR,"Cyber City, Gurgaon",Mid-Tier,3,1400,1775,Under Construction,1,Partial Vastu,Unfurnished,Near (1-2 km),3,4,1,1,1,0,0,23380000.0
1550,Hyderabad,Jubilee Hills,Prime / Ultra-Luxury,3,1703,2193,Ready to Move,1,Partial Vastu,Semi-Furnished,Walkable (<500m),2,4,1,1,1,1,5,47140000.0
1551,Delhi NCR,South Delhi (Vasant Vihar),Upscale,4,2769,3513,Under Construction,1,Full Vastu,Semi-Furnished,Walkable (<500m),11,12,1,1,0,1,12,75590000.0
1552,Pune,Koregaon Park,Prime / Ultra-Luxury,1,566,767,Ready to Move,0,Full Vastu,Fully Furnished,Walkable (<500m),12,12,1,0,1,2,0,12860000.0
1553,Delhi NCR,Noida Sector 62,Suburban,2,1180,1509,Ready to Move,0,Partial Vastu,Semi-Furnished,Distant (>3 km),3,7,0,1,1,1,2,10080000.0
1554,Delhi NCR,Noida Sector 62,Suburban,3,1646,2211,Under Construction,1,Full Vastu,Semi-Furnished,Near (1-2 km),2,12,0,1,1,2,0,19320000.0
1555,Pune,Koregaon Park,Prime / Ultra-Luxury,2,776,1065,Under Construction,1,Partial Vastu,Semi-Furnished,Near (1-2 km),32,35,1,1,0,0,8,15050000.0
1556,Bengaluru,Yelahanka / Devanahalli,Emerging,2,1144,1508,Ready to Move,1,Partial Vastu,Semi-Furnished,Walkable (<500m),3,4,1,1,1,2,0,9610000.0
1557,Mumbai,Andheri West / Powai,Mid-Tier,3,1409,1860,Ready to Move,1,Non-Vastu,Semi-Furnished,Near (1-2 km),8,12,1,1,1,1,2,41720000.0
1558,Mumbai,Bandra West / BKC,Upscale,3,1761,2307,Ready to Move,1,Full Vastu,Fully Furnished,Walkable (<500m),4,4,1,1,1,1,5,103450000.0
1559,Hyderabad,Jubilee Hills,Prime / Ultra-Luxury,4,2966,3833,Ready to Move,1,Full Vastu,Semi-Furnished,Walkable (<500m),2,4,1,1,1,1,2,89880000.0
1560,Delhi NCR,"Cyber City, Gurgaon",Mid-Tier,5,4060,5326,Under Construction,1,Partial Vastu,Semi-Furnished,Near (1-2 km),4,7,1,1,1,1,0,77080000.0
1561,Hyderabad,HITEC City / Kondapur,Mid-Tier,3,1202,1597,New Launch,1,Partial Vastu,Unfurnished,Walkable (<500m),9,12,1,1,1,1,20,9830000.0
1562,Mumbai,Andheri West / Powai,Mid-Tier,2,819,1129,Ready to Move,1,Partial Vastu,Unfurnished,Walkable (<500m),16,22,1,1,1,1,2,26840000.0
1563,Mumbai,South Mumbai (Worli/Malabar Hill),Prime / Ultra-Luxury,3,1857,2548,Under Construction,0,Full Vastu,Semi-Furnished,Near (1-2 km),2,7,1,1,1,1,2,119540000.0
1564,Mumbai,South Mumbai (Worli/Malabar Hill),Prime / Ultra-Luxury,1,506,689,Ready to Move,1,Partial Vastu,Unfurnished,Near (1-2 km),9,12,1,1,1,0,0,41550000.0
1565,Bengaluru,HSR Layout / Whitefield,Mid-Tier,2,961,1312,Under Construction,1,Partial Vastu,Unfurnished,Walkable (<500m),8,12,1,1,1,0,12,9540000.0
1566,Delhi NCR,South Delhi (Vasant Vihar),Upscale,3,1726,2262,Ready to Move,1,Full Vastu,Semi-Furnished,Walkable (<500m),3,7,0,0,1,1,2,51600000.0
1567,Bengaluru,Koramangala / Sadashivnagar,Upscale,2,1049,1401,Ready to Move,1,Full Vastu,Unfurnished,Walkable (<500m),10,12,1,1,0,2,0,20570000.0
1568,Bengaluru,Koramangala / Sadashivnagar,Upscale,2,989,1351,Under Construction,1,Partial Vastu,Semi-Furnished,Distant (>3 km),1,22,1,1,0,1,2,15510000.0
1569,Chennai,OMR (Perungudi),Suburban,1,503,654,Ready to Move,1,Full Vastu,Semi-Furnished,Near (1-2 km),21,22,0,1,0,2,30,2870000.0
1570,Bengaluru,Electronic City,Suburban,3,1477,2031,Under Construction,1,Full Vastu,Semi-Furnished,Near (1-2 km),11,22,1,1,1,1,0,13480000.0
1571,Delhi NCR,"Cyber City, Gurgaon",Mid-Tier,2,1072,1398,Under Construction,1,Partial Vastu,Unfurnished,Distant (>3 km),2,7,0,1,1,2,0,20180000.0
1572,Hyderabad,Miyapur / Kukatpally,Suburban,3,1678,2229,Ready to Move,1,Full Vastu,Unfurnished,Near (1-2 km),21,22,1,1,1,1,5,14960000.0
1573,Bengaluru,Koramangala / Sadashivnagar,Upscale,2,913,1225,Ready to Move,1,Partial Vastu,Semi-Furnished,Distant (>3 km),5,7,0,1,1,0,2,15700000.0
1574,Delhi NCR,"Cyber City, Gurgaon",Mid-Tier,3,1801,2474,Under Construction,1,Full Vastu,Semi-Furnished,Walkable (<500m),15,22,1,1,1,1,8,35430000.0
1575,Pune,Kalyani Nagar / Prabhat Road,Upscale,3,1519,1947,Under Construction,1,Full Vastu,Semi-Furnished,Walkable (<500m),9,35,1,0,1,1,8,25970000.0
1576,Chennai,Velachery / Adyar,Mid-Tier,2,828,1115,Ready to Move,1,Non-Vastu,Unfurnished,Near (1-2 km),1,4,1,1,1,1,0,8770000.0
1577,Mumbai,Navi Mumbai (Kharghar),Emerging,2,841,1108,Ready to Move,1,Non-Vastu,Semi-Furnished,Walkable (<500m),1,12,1,1,1,1,5,10250000.0
1578,Chennai,Velachery / Adyar,Mid-Tier,2,810,1041,Under Construction,1,Full Vastu,Unfurnished,Near (1-2 km),7,12,1,1,1,0,0,8260000.0
1579,Delhi NCR,South Delhi (Vasant Vihar),Upscale,4,2301,3109,Ready to Move,1,Partial Vastu,Fully Furnished,Walkable (<500m),12,22,1,1,1,1,2,81820000.0
1580,Bengaluru,HSR Layout / Whitefield,Mid-Tier,3,1836,2427,Ready to Move,0,Full Vastu,Fully Furnished,Near (1-2 km),3,7,1,1,1,1,8,23490000.0
1581,Bengaluru,Koramangala / Sadashivnagar,Upscale,4,2110,2819,Ready to Move,0,Full Vastu,Semi-Furnished,Walkable (<500m),42,50,1,1,1,1,2,42030000.0
1582,Kolkata,EM Bypass,Suburban,2,976,1261,Under Construction,1,Full Vastu,Semi-Furnished,Walkable (<500m),3,12,1,1,1,1,0,7630000.0
1583,Delhi NCR,"Cyber City, Gurgaon",Mid-Tier,3,1397,1834,Under Construction,0,Full Vastu,Semi-Furnished,Distant (>3 km),5,7,1,1,0,1,0,21330000.0
1584,Bengaluru,HSR Layout / Whitefield,Mid-Tier,3,1489,1981,New Launch,1,Partial Vastu,Semi-Furnished,Distant (>3 km),4,4,0,1,0,0,12,11820000.0
1585,Delhi NCR,"Cyber City, Gurgaon",Mid-Tier,3,1198,1561,Under Construction,0,Partial Vastu,Semi-Furnished,Distant (>3 km),6,22,1,1,1,1,12,13170000.0
1586,Mumbai,Andheri West / Powai,Mid-Tier,4,2320,2960,New Launch,1,Non-Vastu,Fully Furnished,Near (1-2 km),3,4,1,1,0,1,2,60410000.0
1587,Mumbai,South Mumbai (Worli/Malabar Hill),Prime / Ultra-Luxury,2,922,1268,Ready to Move,1,Partial Vastu,Semi-Furnished,Near (1-2 km),3,4,1,1,1,0,0,69800000.0
1588,Mumbai,Andheri West / Powai,Mid-Tier,1,562,740,Under Construction,1,Full Vastu,Semi-Furnished,Near (1-2 km),9,12,1,1,1,1,30,10940000.0
1589,Mumbai,Bandra West / BKC,Upscale,3,1601,2154,Ready to Move,1,Partial Vastu,Semi-Furnished,Walkable (<500m),3,12,1,1,1,0,5,67820000.0
1590,Mumbai,Andheri West / Powai,Mid-Tier,3,1271,1657,Under Construction,1,Non-Vastu,Semi-Furnished,Walkable (<500m),2,12,1,0,0,3,5,33480000.0
1591,Mumbai,Thane West,Suburban,2,1104,1431,Ready to Move,0,Partial Vastu,Semi-Furnished,Walkable (<500m),9,12,1,1,1,1,8,18960000.0
1592,Delhi NCR,Noida Sector 62,Suburban,2,979,1276,Ready to Move,1,Partial Vastu,Unfurnished,Distant (>3 km),15,22,1,1,1,1,0,10770000.0
1593,Mumbai,Andheri West / Powai,Mid-Tier,2,978,1275,Under Construction,1,Non-Vastu,Semi-Furnished,Walkable (<500m),29,50,0,1,1,1,5,24160000.0
1594,Bengaluru,HSR Layout / Whitefield,Mid-Tier,2,948,1252,Under Construction,1,Full Vastu,Unfurnished,Distant (>3 km),6,7,0,1,0,2,12,9230000.0
1595,Pune,Kalyani Nagar / Prabhat Road,Upscale,2,876,1157,Ready to Move,1,Partial Vastu,Semi-Furnished,Near (1-2 km),8,22,1,1,1,1,0,14390000.0
1596,Delhi NCR,"Cyber City, Gurgaon",Mid-Tier,3,1600,2103,Under Construction,1,Partial Vastu,Semi-Furnished,Near (1-2 km),8,35,0,1,1,0,8,26160000.0
1597,Delhi NCR,South Delhi (Vasant Vihar),Upscale,3,1660,2104,Ready to Move,1,Non-Vastu,Fully Furnished,Walkable (<500m),2,12,1,1,1,1,5,46140000.0
1598,Mumbai,Andheri West / Powai,Mid-Tier,2,701,921,Ready to Move,1,Full Vastu,Semi-Furnished,Walkable (<500m),6,12,1,1,0,1,20,19610000.0
1599,Mumbai,Bandra West / BKC,Upscale,2,873,1110,Under Construction,1,Full Vastu,Semi-Furnished,Distant (>3 km),5,7,1,1,1,1,2,39920000.0
1600,Mumbai,Bandra West / BKC,Upscale,2,913,1156,Ready to Move,1,Partial Vastu,Unfurnished,Walkable (<500m),5,12,1,0,1,1,12,40020000.0
1601,Mumbai,Andheri West / Powai,Mid-Tier,2,986,1352,New Launch,1,Full Vastu,Semi-Furnished,Walkable (<500m),12,12,0,1,1,3,2,29280000.0
1602,Bengaluru,Indiranagar / Lavelle Road,Prime / Ultra-Luxury,3,1827,2427,Ready to Move,1,Partial Vastu,Semi-Furnished,Walkable (<500m),2,22,1,1,1,2,2,68980000.0
1603,Mumbai,Andheri West / Powai,Mid-Tier,4,2122,2834,Under Construction,0,Full Vastu,Semi-Furnished,Walkable (<500m),21,50,1,1,1,2,0,54860000.0
1604,Mumbai,Bandra West / BKC,Upscale,2,879,1145,Under Construction,1,Full Vastu,Unfurnished,Walkable (<500m),4,4,1,1,1,0,12,36960000.0
1605,Mumbai,South Mumbai (Worli/Malabar Hill),Prime / Ultra-Luxury,3,1430,1956,Ready to Move,1,Full Vastu,Semi-Furnished,Near (1-2 km),1,4,1,1,0,1,0,101310000.0
1606,Bengaluru,HSR Layout / Whitefield,Mid-Tier,3,1363,1817,Ready to Move,1,Full Vastu,Semi-Furnished,Near (1-2 km),4,4,1,1,1,1,12,18970000.0
1607,Mumbai,South Mumbai (Worli/Malabar Hill),Prime / Ultra-Luxury,3,1469,1983,Under Construction,1,Full Vastu,Semi-Furnished,Near (1-2 km),17,22,1,1,0,2,5,104360000.0
1608,Bengaluru,Koramangala / Sadashivnagar,Upscale,2,1059,1374,Under Construction,1,Full Vastu,Fully Furnished,Walkable (<500m),2,4,1,1,0,1,12,22610000.0
1609,Delhi NCR,"Cyber City, Gurgaon",Mid-Tier,4,2020,2777,Ready to Move,1,Full Vastu,Fully Furnished,Near (1-2 km),7,12,1,1,1,2,2,47560000.0
1610,Hyderabad,Jubilee Hills,Prime / Ultra-Luxury,2,1010,1370,Ready to Move,1,Full Vastu,Fully Furnished,Near (1-2 km),7,7,1,1,1,2,0,35370000.0
1611,Mumbai,Thane West,Suburban,2,707,962,Ready to Move,1,Full Vastu,Semi-Furnished,Walkable (<500m),12,12,1,1,0,1,5,15850000.0
1612,Hyderabad,Jubilee Hills,Prime / Ultra-Luxury,1,476,606,Ready to Move,1,Full Vastu,Fully Furnished,Walkable (<500m),6,7,1,1,1,1,5,14160000.0
1613,Delhi NCR,South Delhi (Vasant Vihar),Upscale,2,903,1161,Ready to Move,1,Partial Vastu,Semi-Furnished,Walkable (<500m),21,22,1,1,1,1,2,30610000.0
1614,Mumbai,Andheri West / Powai,Mid-Tier,1,650,837,Ready to Move,1,Partial Vastu,Unfurnished,Near (1-2 km),12,12,0,1,1,1,5,19170000.0
1615,Pune,Kalyani Nagar / Prabhat Road,Upscale,2,910,1170,Under Construction,1,Full Vastu,Semi-Furnished,Near (1-2 km),4,35,1,1,1,1,0,13920000.0
1616,Chennai,Boat Club / Poes Garden,Prime / Ultra-Luxury,2,636,866,Under Construction,1,Full Vastu,Unfurnished,Distant (>3 km),5,12,1,1,1,1,5,15210000.0
1617,Mumbai,Bandra West / BKC,Upscale,3,1085,1361,New Launch,1,Partial Vastu,Unfurnished,Walkable (<500m),1,4,1,1,0,1,0,45570000.0
1618,Bengaluru,Koramangala / Sadashivnagar,Upscale,3,1557,1962,Under Construction,1,Full Vastu,Unfurnished,Near (1-2 km),5,7,1,1,0,0,0,30030000.0
1619,Pune,Wakad / Kharadi,Suburban,2,1037,1333,New Launch,1,Non-Vastu,Unfurnished,Walkable (<500m),10,50,1,0,1,1,12,6470000.0
1620,Hyderabad,Banjara Hills / Gachibowli,Upscale,3,1637,2089,Ready to Move,1,Partial Vastu,Semi-Furnished,Walkable (<500m),15,22,1,1,1,2,5,32690000.0
1621,Mumbai,Andheri West / Powai,Mid-Tier,3,1588,2033,Under Construction,1,Full Vastu,Semi-Furnished,Near (1-2 km),4,4,0,1,1,0,8,47130000.0
1622,Mumbai,Thane West,Suburban,3,1820,2464,New Launch,1,Full Vastu,Unfurnished,Walkable (<500m),4,22,0,1,1,0,0,37490000.0
1623,Bengaluru,HSR Layout / Whitefield,Mid-Tier,1,477,631,Under Construction,1,Full Vastu,Semi-Furnished,Near (1-2 km),10,12,1,1,1,1,0,6400000.0
1624,Delhi NCR,Noida Sector 62,Suburban,3,1758,2199,Ready to Move,1,Full Vastu,Semi-Furnished,Near (1-2 km),5,7,0,1,0,1,5,21140000.0
1625,Delhi NCR,South Delhi (Vasant Vihar),Upscale,4,1812,2366,Under Construction,1,Full Vastu,Fully Furnished,Near (1-2 km),7,7,0,1,0,1,2,61390000.0
1626,Bengaluru,Yelahanka / Devanahalli,Emerging,3,1339,1745,New Launch,1,Full Vastu,Semi-Furnished,Walkable (<500m),6,22,1,1,1,1,0,8210000.0
1627,Bengaluru,Indiranagar / Lavelle Road,Prime / Ultra-Luxury,2,692,875,Under Construction,1,Partial Vastu,Semi-Furnished,Distant (>3 km),1,4,1,1,1,1,0,15650000.0
1628,Hyderabad,HITEC City / Kondapur,Mid-Tier,2,910,1217,Ready to Move,1,Full Vastu,Unfurnished,Distant (>3 km),3,7,1,1,1,1,0,10970000.0
1629,Mumbai,Andheri West / Powai,Mid-Tier,3,1539,2064,Under Construction,1,Full Vastu,Unfurnished,Distant (>3 km),2,7,1,1,1,1,2,38380000.0
1630,Bengaluru,Koramangala / Sadashivnagar,Upscale,2,966,1298,New Launch,1,Partial Vastu,Unfurnished,Near (1-2 km),7,7,1,1,1,1,12,14110000.0
1631,Hyderabad,HITEC City / Kondapur,Mid-Tier,1,524,705,Ready to Move,1,Full Vastu,Semi-Furnished,Near (1-2 km),3,12,1,1,0,0,2,5760000.0
1632,Pune,Baner / Viman Nagar,Mid-Tier,2,817,1021,Under Construction,0,Full Vastu,Fully Furnished,Near (1-2 km),2,4,1,1,0,1,8,6240000.0
1633,Delhi NCR,"Golf Course Road, Gurgaon",Prime / Ultra-Luxury,3,1505,2068,Ready to Move,0,Full Vastu,Unfurnished,Walkable (<500m),6,7,0,1,0,2,0,67730000.0
1634,Delhi NCR,South Delhi (Vasant Vihar),Upscale,3,1201,1628,Under Construction,0,Partial Vastu,Unfurnished,Near (1-2 km),35,35,1,1,0,1,8,28590000.0
1635,Mumbai,Andheri West / Powai,Mid-Tier,1,626,856,Under Construction,1,Non-Vastu,Unfurnished,Near (1-2 km),3,7,1,1,0,2,0,15790000.0
1636,Bengaluru,HSR Layout / Whitefield,Mid-Tier,4,2290,2867,Ready to Move,1,Full Vastu,Semi-Furnished,Distant (>3 km),10,12,1,1,0,1,2,29080000.0
1637,Delhi NCR,Dwarka Expressway,Emerging,2,880,1207,Ready to Move,1,Full Vastu,Semi-Furnished,Near (1-2 km),1,12,1,1,1,0,0,7730000.0
1638,Mumbai,Andheri West / Powai,Mid-Tier,3,1919,2601,Under Construction,1,Full Vastu,Semi-Furnished,Walkable (<500m),9,12,1,1,1,1,2,67290000.0
1639,Bengaluru,Yelahanka / Devanahalli,Emerging,3,1261,1713,Ready to Move,1,Full Vastu,Unfurnished,Near (1-2 km),2,22,1,1,1,2,12,7420000.0
1640,Bengaluru,HSR Layout / Whitefield,Mid-Tier,3,1288,1626,Ready to Move,1,Full Vastu,Semi-Furnished,Distant (>3 km),4,7,1,1,1,2,2,17360000.0
1641,Mumbai,Bandra West / BKC,Upscale,4,2005,2699,Under Construction,0,Partial Vastu,Unfurnished,Walkable (<500m),13,22,0,1,1,1,12,75610000.0
1642,Bengaluru,Indiranagar / Lavelle Road,Prime / Ultra-Luxury,2,940,1292,Ready to Move,1,Non-Vastu,Semi-Furnished,Walkable (<500m),19,22,1,1,0,2,12,27920000.0
1643,Mumbai,Andheri West / Powai,Mid-Tier,3,1650,2208,Ready to Move,1,Full Vastu,Unfurnished,Near (1-2 km),5,22,1,0,1,1,0,47540000.0
1644,Bengaluru,HSR Layout / Whitefield,Mid-Tier,1,577,764,New Launch,1,Full Vastu,Semi-Furnished,Walkable (<500m),4,4,1,1,1,0,2,7520000.0
1645,Mumbai,South Mumbai (Worli/Malabar Hill),Prime / Ultra-Luxury,3,2147,2948,Ready to Move,1,Partial Vastu,Semi-Furnished,Walkable (<500m),2,4,1,1,1,0,12,135860000.0
1646,Pune,Kalyani Nagar / Prabhat Road,Upscale,3,1027,1343,Ready to Move,1,Full Vastu,Semi-Furnished,Walkable (<500m),12,12,0,0,1,1,0,18500000.0
1647,Delhi NCR,Dwarka Expressway,Emerging,3,1691,2245,Under Construction,1,Full Vastu,Semi-Furnished,Near (1-2 km),20,22,1,1,1,1,8,12470000.0
1648,Hyderabad,HITEC City / Kondapur,Mid-Tier,2,870,1141,Under Construction,1,Full Vastu,Semi-Furnished,Walkable (<500m),5,12,1,1,1,0,12,9710000.0
1649,Hyderabad,HITEC City / Kondapur,Mid-Tier,3,1413,1938,New Launch,1,Full Vastu,Unfurnished,Near (1-2 km),6,7,1,1,1,2,8,13450000.0
1650,Delhi NCR,"Cyber City, Gurgaon",Mid-Tier,2,861,1085,New Launch,0,Full Vastu,Semi-Furnished,Near (1-2 km),1,4,1,1,1,1,8,12650000.0
1651,Mumbai,Bandra West / BKC,Upscale,1,449,591,Under Construction,1,Partial Vastu,Semi-Furnished,Distant (>3 km),10,12,1,1,1,2,12,17460000.0
1652,Delhi NCR,South Delhi (Vasant Vihar),Upscale,3,1941,2600,Ready to Move,1,Partial Vastu,Semi-Furnished,Distant (>3 km),1,22,1,1,1,1,5,48550000.0
1653,Delhi NCR,South Delhi (Vasant Vihar),Upscale,2,1070,1448,Ready to Move,1,Full Vastu,Semi-Furnished,Near (1-2 km),6,7,1,1,1,1,2,31800000.0
1654,Hyderabad,Jubilee Hills,Prime / Ultra-Luxury,3,1555,2062,Ready to Move,1,Full Vastu,Semi-Furnished,Distant (>3 km),1,4,1,1,1,1,0,46410000.0
1655,Bengaluru,HSR Layout / Whitefield,Mid-Tier,2,1142,1562,Ready to Move,1,Non-Vastu,Semi-Furnished,Walkable (<500m),3,12,1,1,1,1,8,16370000.0
1656,Mumbai,Andheri West / Powai,Mid-Tier,2,734,1007,Under Construction,1,Full Vastu,Unfurnished,Near (1-2 km),2,12,1,1,1,2,12,16960000.0
1657,Bengaluru,Electronic City,Suburban,3,1240,1560,Under Construction,1,Partial Vastu,Semi-Furnished,Near (1-2 km),22,22,0,1,1,1,5,9210000.0
1658,Bengaluru,Electronic City,Suburban,2,639,832,Ready to Move,0,Full Vastu,Unfurnished,Walkable (<500m),12,22,0,1,1,1,5,5070000.0
1659,Delhi NCR,South Delhi (Vasant Vihar),Upscale,2,850,1065,Under Construction,1,Full Vastu,Semi-Furnished,Near (1-2 km),3,12,1,1,0,1,2,24830000.0
1660,Delhi NCR,"Cyber City, Gurgaon",Mid-Tier,3,1587,2052,Ready to Move,1,Full Vastu,Semi-Furnished,Walkable (<500m),4,4,1,1,1,2,12,33000000.0
1661,Bengaluru,HSR Layout / Whitefield,Mid-Tier,2,964,1272,Ready to Move,1,Partial Vastu,Unfurnished,Distant (>3 km),6,12,1,1,1,0,0,12230000.0
1662,Kolkata,EM Bypass,Suburban,3,1584,2168,Under Construction,1,Full Vastu,Fully Furnished,Walkable (<500m),48,50,1,1,0,2,5,10450000.0
1663,Delhi NCR,South Delhi (Vasant Vihar),Upscale,2,748,1017,Ready to Move,1,Full Vastu,Semi-Furnished,Near (1-2 km),28,35,1,0,0,1,12,20980000.0
1664,Mumbai,Andheri West / Powai,Mid-Tier,3,1736,2199,Ready to Move,1,Full Vastu,Semi-Furnished,Walkable (<500m),13,22,1,1,1,1,0,55310000.0
1665,Mumbai,Andheri West / Powai,Mid-Tier,3,1605,2026,Ready to Move,1,Partial Vastu,Unfurnished,Walkable (<500m),4,7,1,1,0,1,20,40680000.0
1666,Mumbai,Bandra West / BKC,Upscale,3,1720,2282,Ready to Move,0,Non-Vastu,Semi-Furnished,Distant (>3 km),22,22,1,1,0,0,20,41940000.0
1667,Mumbai,Bandra West / BKC,Upscale,1,372,491,Under Construction,1,Non-Vastu,Fully Furnished,Near (1-2 km),12,22,0,1,1,1,20,12230000.0
1668,Mumbai,Andheri West / Powai,Mid-Tier,3,1622,2084,New Launch,0,Non-Vastu,Semi-Furnished,Distant (>3 km),2,12,0,1,0,0,5,25580000.0
1669,Mumbai,Andheri West / Powai,Mid-Tier,3,1273,1740,Ready to Move,1,Full Vastu,Fully Furnished,Walkable (<500m),5,7,1,0,1,1,2,41240000.0
1670,Bengaluru,Koramangala / Sadashivnagar,Upscale,3,1457,1997,Ready to Move,1,Full Vastu,Unfurnished,Walkable (<500m),13,35,1,1,1,0,8,32110000.0
1671,Mumbai,Andheri West / Powai,Mid-Tier,2,1026,1336,Under Construction,1,Full Vastu,Semi-Furnished,Near (1-2 km),3,12,1,1,1,0,2,25550000.0
1672,Pune,Kalyani Nagar / Prabhat Road,Upscale,3,1571,2146,New Launch,1,Full Vastu,Semi-Furnished,Near (1-2 km),1,4,1,1,1,2,0,23330000.0
1673,Mumbai,Andheri West / Powai,Mid-Tier,3,1352,1757,Ready to Move,1,Partial Vastu,Semi-Furnished,Walkable (<500m),1,4,0,1,0,1,12,39330000.0
1674,Delhi NCR,South Delhi (Vasant Vihar),Upscale,1,520,700,Ready to Move,1,Partial Vastu,Unfurnished,Near (1-2 km),2,12,0,1,0,1,5,12600000.0
1675,Bengaluru,Electronic City,Suburban,2,731,959,Under Construction,1,Full Vastu,Semi-Furnished,Walkable (<500m),3,12,1,1,0,1,0,7190000.0
1676,Kolkata,Park Street / Salt Lake Sec 5,Upscale,3,1817,2300,Under Construction,1,Partial Vastu,Semi-Furnished,Walkable (<500m),1,4,1,1,1,1,0,26390000.0
1677,Mumbai,Bandra West / BKC,Upscale,1,503,689,Ready to Move,1,Non-Vastu,Semi-Furnished,Walkable (<500m),20,22,1,1,1,1,8,24700000.0
1678,Bengaluru,Indiranagar / Lavelle Road,Prime / Ultra-Luxury,4,2802,3668,Under Construction,1,Full Vastu,Semi-Furnished,Near (1-2 km),1,22,1,1,0,2,12,74860000.0
1679,Kolkata,Ballygunge / Alipore,Prime / Ultra-Luxury,3,1427,1920,Ready to Move,1,Full Vastu,Semi-Furnished,Near (1-2 km),13,22,0,1,1,1,2,29940000.0
1680,Pune,Baner / Viman Nagar,Mid-Tier,3,1428,1853,Ready to Move,0,Full Vastu,Semi-Furnished,Near (1-2 km),2,7,1,1,1,0,0,13880000.0
1681,Pune,Kalyani Nagar / Prabhat Road,Upscale,2,841,1053,Ready to Move,1,Full Vastu,Unfurnished,Near (1-2 km),3,12,1,1,0,1,5,14350000.0
1682,Bengaluru,Electronic City,Suburban,2,1074,1357,Under Construction,1,Partial Vastu,Semi-Furnished,Walkable (<500m),1,4,1,1,1,0,2,9710000.0
1683,Mumbai,South Mumbai (Worli/Malabar Hill),Prime / Ultra-Luxury,4,2144,2818,Ready to Move,0,Full Vastu,Semi-Furnished,Distant (>3 km),7,7,1,1,1,1,0,140260000.0
1684,Delhi NCR,South Delhi (Vasant Vihar),Upscale,2,1041,1395,Ready to Move,0,Full Vastu,Fully Furnished,Distant (>3 km),9,12,1,0,1,2,5,26100000.0
1685,Chennai,Nungambakkam / Anna Nagar,Upscale,3,1461,1890,Ready to Move,1,Non-Vastu,Unfurnished,Near (1-2 km),16,22,1,1,1,1,5,21460000.0
1686,Delhi NCR,"Golf Course Road, Gurgaon",Prime / Ultra-Luxury,2,668,895,Under Construction,1,Full Vastu,Semi-Furnished,Walkable (<500m),11,12,1,1,1,2,5,32450000.0
1687,Delhi NCR,South Delhi (Vasant Vihar),Upscale,1,475,637,Ready to Move,1,Full Vastu,Unfurnished,Near (1-2 km),3,4,1,1,1,0,12,12860000.0
1688,Bengaluru,HSR Layout / Whitefield,Mid-Tier,1,428,574,Ready to Move,1,Non-Vastu,Unfurnished,Near (1-2 km),6,12,1,1,1,1,5,4730000.0
1689,Hyderabad,HITEC City / Kondapur,Mid-Tier,2,954,1254,Ready to Move,1,Full Vastu,Semi-Furnished,Distant (>3 km),11,12,1,1,0,1,12,8860000.0
1690,Mumbai,Andheri West / Powai,Mid-Tier,4,1971,2698,Under Construction,1,Full Vastu,Semi-Furnished,Distant (>3 km),19,35,0,1,1,1,12,43370000.0
1691,Bengaluru,HSR Layout / Whitefield,Mid-Tier,2,1081,1420,Ready to Move,1,Partial Vastu,Unfurnished,Near (1-2 km),4,35,1,1,1,1,5,13970000.0
1692,Bengaluru,HSR Layout / Whitefield,Mid-Tier,2,937,1226,Ready to Move,1,Full Vastu,Semi-Furnished,Walkable (<500m),2,7,1,1,1,1,0,14590000.0
1693,Delhi NCR,"Golf Course Road, Gurgaon",Prime / Ultra-Luxury,2,924,1179,Ready to Move,1,Partial Vastu,Semi-Furnished,Distant (>3 km),2,7,1,1,1,1,12,31180000.0
1694,Mumbai,Andheri West / Powai,Mid-Tier,2,1043,1345,Under Construction,1,Full Vastu,Fully Furnished,Near (1-2 km),4,7,1,1,0,1,12,27060000.0
1695,Mumbai,Navi Mumbai (Kharghar),Emerging,2,1087,1365,Ready to Move,1,Full Vastu,Unfurnished,Near (1-2 km),9,22,1,1,1,1,2,13450000.0
1696,Delhi NCR,"Cyber City, Gurgaon",Mid-Tier,3,1545,2058,Under Construction,1,Full Vastu,Semi-Furnished,Walkable (<500m),1,4,1,1,1,2,5,29710000.0
1697,Bengaluru,HSR Layout / Whitefield,Mid-Tier,2,840,1077,Under Construction,1,Full Vastu,Semi-Furnished,Walkable (<500m),1,4,0,1,1,1,2,10530000.0
1698,Delhi NCR,South Delhi (Vasant Vihar),Upscale,2,697,899,New Launch,1,Partial Vastu,Unfurnished,Near (1-2 km),8,12,1,1,1,2,0,22740000.0
1699,Mumbai,Andheri West / Powai,Mid-Tier,1,466,629,Ready to Move,1,Partial Vastu,Semi-Furnished,Walkable (<500m),7,7,1,1,0,1,5,13910000.0
1700,Delhi NCR,"Cyber City, Gurgaon",Mid-Tier,5,3448,4457,New Launch,1,Non-Vastu,Semi-Furnished,Walkable (<500m),1,4,1,1,0,1,0,54010000.0
1701,Delhi NCR,"Cyber City, Gurgaon",Mid-Tier,2,965,1237,Ready to Move,1,Partial Vastu,Unfurnished,Near (1-2 km),5,12,1,1,1,2,0,17560000.0
1702,Mumbai,Navi Mumbai (Kharghar),Emerging,1,493,627,Ready to Move,1,Full Vastu,Fully Furnished,Walkable (<500m),4,7,0,1,0,0,5,6660000.0
1703,Bengaluru,Koramangala / Sadashivnagar,Upscale,3,1709,2308,Under Construction,1,Partial Vastu,Semi-Furnished,Walkable (<500m),10,12,1,1,1,1,12,27240000.0
1704,Mumbai,South Mumbai (Worli/Malabar Hill),Prime / Ultra-Luxury,2,862,1092,Ready to Move,1,Partial Vastu,Semi-Furnished,Walkable (<500m),18,50,1,1,1,3,12,58950000.0
1705,Mumbai,Andheri West / Powai,Mid-Tier,2,941,1232,Ready to Move,1,Partial Vastu,Semi-Furnished,Walkable (<500m),1,4,1,1,1,1,20,26140000.0
1706,Kolkata,EM Bypass,Suburban,2,1118,1471,Ready to Move,1,Partial Vastu,Semi-Furnished,Distant (>3 km),5,12,1,1,1,2,5,7140000.0
1707,Bengaluru,Koramangala / Sadashivnagar,Upscale,3,1629,2182,Under Construction,1,Partial Vastu,Semi-Furnished,Walkable (<500m),35,35,1,1,1,0,5,30930000.0
1708,Pune,Kalyani Nagar / Prabhat Road,Upscale,2,941,1254,Ready to Move,1,Full Vastu,Semi-Furnished,Walkable (<500m),22,22,1,1,0,1,12,18150000.0
1709,Bengaluru,Indiranagar / Lavelle Road,Prime / Ultra-Luxury,3,1410,1911,Under Construction,1,Partial Vastu,Fully Furnished,Distant (>3 km),9,12,1,1,0,2,8,37190000.0
1710,Hyderabad,Banjara Hills / Gachibowli,Upscale,3,1402,1761,Under Construction,0,Full Vastu,Unfurnished,Distant (>3 km),9,12,1,1,1,1,0,18010000.0
1711,Hyderabad,HITEC City / Kondapur,Mid-Tier,2,828,1067,Under Construction,1,Full Vastu,Unfurnished,Walkable (<500m),4,4,1,1,1,1,2,9500000.0
1712,Delhi NCR,"Cyber City, Gurgaon",Mid-Tier,2,872,1122,Ready to Move,1,Partial Vastu,Semi-Furnished,Near (1-2 km),21,22,1,1,0,0,20,13770000.0
1713,Delhi NCR,South Delhi (Vasant Vihar),Upscale,2,1057,1341,New Launch,0,Full Vastu,Unfurnished,Near (1-2 km),24,50,1,1,1,0,0,23540000.0
1714,Bengaluru,Koramangala / Sadashivnagar,Upscale,3,1498,1929,Ready to Move,1,Full Vastu,Semi-Furnished,Near (1-2 km),4,12,1,1,1,1,0,32810000.0
1715,Bengaluru,Indiranagar / Lavelle Road,Prime / Ultra-Luxury,2,757,977,Ready to Move,1,Full Vastu,Semi-Furnished,Near (1-2 km),5,12,1,1,1,2,2,24470000.0
1716,Chennai,Nungambakkam / Anna Nagar,Upscale,2,1201,1583,Ready to Move,1,Partial Vastu,Fully Furnished,Distant (>3 km),7,7,1,1,1,2,20,18660000.0
1717,Pune,Baner / Viman Nagar,Mid-Tier,2,995,1330,Ready to Move,1,Full Vastu,Semi-Furnished,Walkable (<500m),7,12,1,1,1,1,0,13480000.0
1718,Kolkata,Rajarhat,Emerging,5,2998,3896,Ready to Move,1,Partial Vastu,Semi-Furnished,Walkable (<500m),7,12,1,1,1,2,8,14630000.0
1719,Mumbai,Thane West,Suburban,2,887,1192,Ready to Move,1,Full Vastu,Unfurnished,Walkable (<500m),8,12,1,1,1,1,0,18820000.0
1720,Hyderabad,Jubilee Hills,Prime / Ultra-Luxury,4,2439,3155,Ready to Move,1,Full Vastu,Semi-Furnished,Near (1-2 km),3,4,1,1,1,1,5,78530000.0
1721,Chennai,OMR (Perungudi),Suburban,2,1192,1535,Ready to Move,1,Full Vastu,Semi-Furnished,Distant (>3 km),5,12,1,1,0,1,5,7600000.0
1722,Mumbai,Andheri West / Powai,Mid-Tier,1,433,572,Under Construction,1,Partial Vastu,Semi-Furnished,Near (1-2 km),1,12,1,1,0,1,0,12050000.0
1723,Mumbai,Andheri West / Powai,Mid-Tier,2,1089,1365,Under Construction,1,Full Vastu,Unfurnished,Walkable (<500m),3,7,1,1,1,1,20,27910000.0
1724,Hyderabad,HITEC City / Kondapur,Mid-Tier,2,1149,1448,Under Construction,1,Non-Vastu,Unfurnished,Walkable (<500m),1,7,1,1,1,0,8,12610000.0
1725,Delhi NCR,South Delhi (Vasant Vihar),Upscale,2,860,1122,Ready to Move,1,Non-Vastu,Semi-Furnished,Walkable (<500m),1,7,1,1,1,2,2,31440000.0
1726,Pune,Kalyani Nagar / Prabhat Road,Upscale,1,498,684,Ready to Move,1,Partial Vastu,Semi-Furnished,Distant (>3 km),12,22,1,1,1,0,0,8070000.0
1727,Mumbai,South Mumbai (Worli/Malabar Hill),Prime / Ultra-Luxury,4,2026,2723,New Launch,1,Non-Vastu,Semi-Furnished,Near (1-2 km),6,12,0,0,0,1,2,149870000.0
1728,Hyderabad,Banjara Hills / Gachibowli,Upscale,3,1502,1895,Ready to Move,1,Full Vastu,Semi-Furnished,Near (1-2 km),13,22,1,1,1,1,12,26200000.0
1729,Mumbai,Bandra West / BKC,Upscale,3,1541,2096,Under Construction,1,Full Vastu,Unfurnished,Near (1-2 km),5,7,0,1,1,2,0,48230000.0
1730,Mumbai,Andheri West / Powai,Mid-Tier,2,1044,1404,Ready to Move,0,Partial Vastu,Semi-Furnished,Near (1-2 km),5,35,1,1,0,1,2,25420000.0
1731,Mumbai,Andheri West / Powai,Mid-Tier,1,605,804,New Launch,1,Partial Vastu,Semi-Furnished,Near (1-2 km),21,22,1,1,1,1,5,15050000.0
1732,Pune,Baner / Viman Nagar,Mid-Tier,1,461,625,Ready to Move,1,Partial Vastu,Unfurnished,Walkable (<500m),3,12,1,1,0,1,0,5900000.0
1733,Delhi NCR,"Golf Course Road, Gurgaon",Prime / Ultra-Luxury,3,1092,1422,Ready to Move,1,Partial Vastu,Semi-Furnished,Distant (>3 km),2,4,0,1,0,2,2,41790000.0
1734,Delhi NCR,Dwarka Expressway,Emerging,4,2392,3059,Under Construction,1,Non-Vastu,Semi-Furnished,Near (1-2 km),1,7,1,1,1,1,5,18590000.0
1735,Bengaluru,Electronic City,Suburban,2,991,1305,Ready to Move,1,Full Vastu,Semi-Furnished,Near (1-2 km),30,35,0,1,0,1,2,9230000.0
1736,Pune,Baner / Viman Nagar,Mid-Tier,1,539,712,Ready to Move,1,Partial Vastu,Semi-Furnished,Distant (>3 km),2,7,1,1,1,1,12,5190000.0
1737,Bengaluru,Yelahanka / Devanahalli,Emerging,2,903,1192,Ready to Move,1,Partial Vastu,Unfurnished,Near (1-2 km),2,7,1,1,0,1,20,5020000.0
1738,Pune,Baner / Viman Nagar,Mid-Tier,2,967,1280,Under Construction,1,Partial Vastu,Fully Furnished,Near (1-2 km),2,7,0,1,1,2,2,10340000.0
1739,Bengaluru,Yelahanka / Devanahalli,Emerging,2,1165,1600,Ready to Move,1,Full Vastu,Semi-Furnished,Distant (>3 km),15,22,0,1,0,1,5,7330000.0
1740,Bengaluru,Indiranagar / Lavelle Road,Prime / Ultra-Luxury,3,1638,2240,Ready to Move,1,Partial Vastu,Semi-Furnished,Walkable (<500m),3,7,1,1,0,1,5,53810000.0
1741,Bengaluru,Koramangala / Sadashivnagar,Upscale,3,1463,1995,Ready to Move,0,Non-Vastu,Fully Furnished,Near (1-2 km),2,7,1,1,1,1,5,24480000.0
1742,Bengaluru,Koramangala / Sadashivnagar,Upscale,1,480,650,Ready to Move,1,Full Vastu,Semi-Furnished,Near (1-2 km),8,12,1,1,1,2,0,11300000.0
1743,Hyderabad,Banjara Hills / Gachibowli,Upscale,1,506,695,Under Construction,1,Partial Vastu,Semi-Furnished,Walkable (<500m),11,12,1,0,0,1,0,8560000.0
1744,Delhi NCR,South Delhi (Vasant Vihar),Upscale,5,4732,5976,Ready to Move,1,Full Vastu,Semi-Furnished,Near (1-2 km),12,12,1,1,0,1,12,132280000.0
1745,Mumbai,Andheri West / Powai,Mid-Tier,2,923,1186,Ready to Move,1,Non-Vastu,Semi-Furnished,Near (1-2 km),12,12,1,1,1,1,0,32430000.0
1746,Pune,Baner / Viman Nagar,Mid-Tier,1,518,681,Ready to Move,1,Full Vastu,Semi-Furnished,Near (1-2 km),20,22,1,1,1,1,5,6240000.0
1747,Bengaluru,HSR Layout / Whitefield,Mid-Tier,2,881,1198,Ready to Move,1,Full Vastu,Unfurnished,Distant (>3 km),3,22,1,1,1,1,5,10620000.0
1748,Delhi NCR,South Delhi (Vasant Vihar),Upscale,1,605,796,Ready to Move,1,Full Vastu,Unfurnished,Walkable (<500m),9,22,1,1,0,1,0,20490000.0
1749,Chennai,OMR (Perungudi),Suburban,2,1229,1656,Ready to Move,1,Partial Vastu,Semi-Furnished,Near (1-2 km),4,4,1,1,1,1,8,8210000.0
1750,Delhi NCR,"Cyber City, Gurgaon",Mid-Tier,3,1654,2097,Ready to Move,1,Full Vastu,Unfurnished,Near (1-2 km),10,22,1,1,0,1,12,26500000.0
1751,Mumbai,Bandra West / BKC,Upscale,2,961,1233,New Launch,1,Partial Vastu,Unfurnished,Walkable (<500m),1,4,0,1,1,0,2,41180000.0
1752,Chennai,Velachery / Adyar,Mid-Tier,2,955,1285,Ready to Move,0,Non-Vastu,Semi-Furnished,Walkable (<500m),1,4,1,1,1,1,12,7990000.0
1753,Delhi NCR,South Delhi (Vasant Vihar),Upscale,3,995,1265,Under Construction,0,Partial Vastu,Unfurnished,Distant (>3 km),18,35,1,1,1,1,0,21390000.0
1754,Bengaluru,Koramangala / Sadashivnagar,Upscale,2,1056,1368,Ready to Move,1,Full Vastu,Unfurnished,Near (1-2 km),13,22,0,0,1,2,8,18760000.0
1755,Mumbai,Thane West,Suburban,3,1581,2031,Ready to Move,1,Non-Vastu,Semi-Furnished,Near (1-2 km),8,12,1,1,1,1,5,27840000.0
1756,Hyderabad,Banjara Hills / Gachibowli,Upscale,3,1649,2136,Ready to Move,1,Partial Vastu,Semi-Furnished,Near (1-2 km),19,22,1,1,1,0,5,27590000.0
1757,Delhi NCR,"Cyber City, Gurgaon",Mid-Tier,1,464,623,Ready to Move,1,Full Vastu,Semi-Furnished,Walkable (<500m),10,50,0,1,1,0,0,9390000.0
1758,Delhi NCR,Noida Sector 62,Suburban,3,1460,1895,New Launch,1,Full Vastu,Semi-Furnished,Walkable (<500m),12,12,1,1,1,2,2,20230000.0
1759,Pune,Baner / Viman Nagar,Mid-Tier,2,891,1178,New Launch,1,Full Vastu,Semi-Furnished,Walkable (<500m),6,12,0,0,1,0,12,8670000.0
1760,Hyderabad,Jubilee Hills,Prime / Ultra-Luxury,5,4382,5534,Under Construction,1,Partial Vastu,Semi-Furnished,Distant (>3 km),21,22,1,1,1,1,5,98190000.0
1761,Mumbai,Bandra West / BKC,Upscale,2,896,1214,Under Construction,1,Full Vastu,Semi-Furnished,Walkable (<500m),1,7,1,1,1,0,5,40870000.0
1762,Bengaluru,Indiranagar / Lavelle Road,Prime / Ultra-Luxury,5,4987,6474,Ready to Move,1,Full Vastu,Semi-Furnished,Distant (>3 km),3,7,1,1,1,1,20,128530000.0
1763,Mumbai,Andheri West / Powai,Mid-Tier,3,1650,2202,Ready to Move,0,Partial Vastu,Fully Furnished,Distant (>3 km),7,22,1,1,0,1,5,35990000.0
1764,Hyderabad,HITEC City / Kondapur,Mid-Tier,2,768,1032,New Launch,1,Partial Vastu,Semi-Furnished,Distant (>3 km),6,7,0,1,1,1,2,6770000.0
1765,Mumbai,Bandra West / BKC,Upscale,2,931,1189,Under Construction,1,Partial Vastu,Semi-Furnished,Near (1-2 km),2,4,1,1,1,1,12,42250000.0
1766,Delhi NCR,Dwarka Expressway,Emerging,5,3428,4679,Ready to Move,1,Partial Vastu,Unfurnished,Distant (>3 km),1,7,1,1,0,1,12,17610000.0
1767,Hyderabad,HITEC City / Kondapur,Mid-Tier,3,1039,1382,Ready to Move,1,Full Vastu,Semi-Furnished,Walkable (<500m),5,12,1,1,1,0,2,14380000.0
1768,Pune,Kalyani Nagar / Prabhat Road,Upscale,1,644,841,Ready to Move,1,Partial Vastu,Unfurnished,Walkable (<500m),46,50,1,1,0,1,5,11490000.0
1769,Bengaluru,HSR Layout / Whitefield,Mid-Tier,3,1713,2182,New Launch,1,Full Vastu,Semi-Furnished,Walkable (<500m),8,12,1,1,0,2,20,16140000.0
1770,Pune,Baner / Viman Nagar,Mid-Tier,2,1025,1407,Ready to Move,1,Partial Vastu,Semi-Furnished,Distant (>3 km),6,12,1,1,1,1,0,10700000.0
1771,Mumbai,South Mumbai (Worli/Malabar Hill),Prime / Ultra-Luxury,1,532,717,Ready to Move,1,Partial Vastu,Semi-Furnished,Walkable (<500m),44,50,1,1,1,0,0,41470000.0
1772,Pune,Kalyani Nagar / Prabhat Road,Upscale,2,753,962,Ready to Move,1,Full Vastu,Unfurnished,Near (1-2 km),17,35,0,1,1,0,5,11450000.0
1773,Mumbai,Thane West,Suburban,2,881,1140,Under Construction,1,Non-Vastu,Semi-Furnished,Walkable (<500m),5,12,1,1,1,1,2,15850000.0
1774,Bengaluru,HSR Layout / Whitefield,Mid-Tier,3,1745,2365,Ready to Move,0,Full Vastu,Unfurnished,Walkable (<500m),11,35,1,1,1,2,5,22840000.0
1775,Hyderabad,HITEC City / Kondapur,Mid-Tier,2,800,1072,Under Construction,1,Full Vastu,Semi-Furnished,Walkable (<500m),12,12,1,1,1,1,8,8080000.0
1776,Mumbai,Andheri West / Powai,Mid-Tier,3,961,1297,Ready to Move,1,Non-Vastu,Semi-Furnished,Near (1-2 km),5,7,1,0,1,1,0,31450000.0
1777,Mumbai,South Mumbai (Worli/Malabar Hill),Prime / Ultra-Luxury,1,502,656,Under Construction,1,Partial Vastu,Unfurnished,Near (1-2 km),4,7,1,1,0,0,12,28240000.0
1778,Hyderabad,Banjara Hills / Gachibowli,Upscale,2,929,1248,Under Construction,1,Partial Vastu,Fully Furnished,Distant (>3 km),3,12,1,1,1,1,2,18110000.0
1779,Hyderabad,HITEC City / Kondapur,Mid-Tier,2,969,1260,Ready to Move,1,Full Vastu,Unfurnished,Near (1-2 km),8,12,1,1,0,0,2,10150000.0
1780,Delhi NCR,South Delhi (Vasant Vihar),Upscale,2,1053,1345,Ready to Move,1,Partial Vastu,Fully Furnished,Distant (>3 km),9,12,1,1,1,2,2,29330000.0
1781,Hyderabad,Jubilee Hills,Prime / Ultra-Luxury,1,569,758,Ready to Move,1,Full Vastu,Unfurnished,Near (1-2 km),6,12,0,1,1,1,12,14520000.0
1782,Delhi NCR,Noida Sector 62,Suburban,2,986,1358,Ready to Move,1,Full Vastu,Unfurnished,Near (1-2 km),2,4,1,0,1,1,0,12610000.0
1783,Bengaluru,Yelahanka / Devanahalli,Emerging,2,1120,1445,Under Construction,1,Full Vastu,Unfurnished,Near (1-2 km),2,4,1,1,1,2,0,7940000.0
1784,Bengaluru,HSR Layout / Whitefield,Mid-Tier,2,733,960,Ready to Move,1,Full Vastu,Unfurnished,Near (1-2 km),10,12,1,1,1,0,30,7210000.0
1785,Mumbai,Thane West,Suburban,2,1021,1366,Ready to Move,1,Partial Vastu,Semi-Furnished,Near (1-2 km),2,7,1,1,1,0,30,14680000.0
1786,Chennai,Nungambakkam / Anna Nagar,Upscale,2,1039,1372,Ready to Move,1,Full Vastu,Semi-Furnished,Near (1-2 km),6,12,1,1,1,2,2,22540000.0
1787,Delhi NCR,Dwarka Expressway,Emerging,3,1261,1715,Ready to Move,1,Full Vastu,Semi-Furnished,Near (1-2 km),12,12,0,1,1,1,0,10400000.0
1788,Bengaluru,Koramangala / Sadashivnagar,Upscale,4,1858,2506,Under Construction,1,Full Vastu,Unfurnished,Near (1-2 km),8,12,1,1,0,2,5,37050000.0
1789,Bengaluru,Yelahanka / Devanahalli,Emerging,2,843,1060,Ready to Move,1,Partial Vastu,Semi-Furnished,Walkable (<500m),2,7,0,1,1,1,5,4810000.0
1790,Chennai,GST Road (Tambaram),Emerging,2,855,1180,New Launch,1,Partial Vastu,Semi-Furnished,Near (1-2 km),9,12,1,1,1,3,20,3160000.0
1791,Mumbai,Andheri West / Powai,Mid-Tier,1,578,779,New Launch,1,Full Vastu,Semi-Furnished,Walkable (<500m),16,22,1,1,1,1,2,18150000.0
1792,Delhi NCR,Dwarka Expressway,Emerging,4,2178,2967,Ready to Move,1,Partial Vastu,Semi-Furnished,Near (1-2 km),30,50,1,1,1,0,0,17920000.0
1793,Delhi NCR,"Cyber City, Gurgaon",Mid-Tier,1,453,605,Ready to Move,1,Full Vastu,Semi-Furnished,Near (1-2 km),15,22,0,1,1,2,5,9410000.0
1794,Delhi NCR,South Delhi (Vasant Vihar),Upscale,2,862,1173,Under Construction,1,Partial Vastu,Unfurnished,Distant (>3 km),4,12,1,0,0,0,5,18070000.0
1795,Mumbai,Andheri West / Powai,Mid-Tier,2,1109,1402,Ready to Move,0,Full Vastu,Semi-Furnished,Walkable (<500m),4,7,0,1,0,1,8,24600000.0
1796,Pune,Baner / Viman Nagar,Mid-Tier,2,951,1232,Ready to Move,1,Full Vastu,Semi-Furnished,Walkable (<500m),4,12,1,1,1,1,12,10850000.0
1797,Chennai,Boat Club / Poes Garden,Prime / Ultra-Luxury,2,924,1260,Ready to Move,1,Partial Vastu,Semi-Furnished,Walkable (<500m),11,35,1,0,1,1,5,22120000.0
1798,Delhi NCR,"Cyber City, Gurgaon",Mid-Tier,3,1524,1945,Ready to Move,1,Non-Vastu,Unfurnished,Walkable (<500m),5,7,1,1,1,1,0,29680000.0
1799,Hyderabad,Tellapur,Emerging,1,620,781,Under Construction,1,Full Vastu,Unfurnished,Near (1-2 km),2,7,1,1,1,2,5,3090000.0
1800,Chennai,Nungambakkam / Anna Nagar,Upscale,3,1375,1860,Ready to Move,1,Partial Vastu,Semi-Furnished,Near (1-2 km),3,4,1,1,1,2,2,26050000.0
1801,Hyderabad,HITEC City / Kondapur,Mid-Tier,1,622,845,Ready to Move,1,Partial Vastu,Unfurnished,Near (1-2 km),5,22,1,1,1,2,5,7050000.0
1802,Mumbai,Thane West,Suburban,1,536,681,New Launch,0,Non-Vastu,Unfurnished,Distant (>3 km),2,12,0,1,1,1,20,5110000.0
1803,Delhi NCR,Noida Sector 62,Suburban,4,2342,3188,Under Construction,1,Full Vastu,Semi-Furnished,Walkable (<500m),3,4,1,1,1,2,5,28560000.0
1804,Delhi NCR,Dwarka Expressway,Emerging,2,1306,1749,Ready to Move,1,Full Vastu,Semi-Furnished,Walkable (<500m),11,22,0,1,1,1,0,12640000.0
1805,Bengaluru,HSR Layout / Whitefield,Mid-Tier,3,1304,1718,Under Construction,1,Partial Vastu,Semi-Furnished,Walkable (<500m),11,12,1,1,1,2,2,18220000.0
1806,Hyderabad,Tellapur,Emerging,2,899,1221,Ready to Move,1,Full Vastu,Unfurnished,Near (1-2 km),1,7,1,1,1,3,0,6590000.0
1807,Chennai,Velachery / Adyar,Mid-Tier,1,423,552,Under Construction,1,Full Vastu,Fully Furnished,Near (1-2 km),7,7,1,1,1,0,0,5450000.0
1808,Chennai,Nungambakkam / Anna Nagar,Upscale,4,2742,3497,Ready to Move,1,Full Vastu,Unfurnished,Near (1-2 km),7,7,1,1,1,1,8,43600000.0
1809,Bengaluru,HSR Layout / Whitefield,Mid-Tier,2,1190,1532,Ready to Move,1,Partial Vastu,Semi-Furnished,Walkable (<500m),3,12,1,1,0,2,5,15610000.0
1810,Mumbai,Andheri West / Powai,Mid-Tier,3,1938,2550,Under Construction,1,Full Vastu,Fully Furnished,Walkable (<500m),4,7,0,1,0,0,5,49400000.0
1811,Kolkata,Park Street / Salt Lake Sec 5,Upscale,2,1124,1483,Ready to Move,1,Partial Vastu,Semi-Furnished,Distant (>3 km),8,12,1,1,1,1,2,17460000.0
1812,Pune,Baner / Viman Nagar,Mid-Tier,3,1504,2038,New Launch,1,Full Vastu,Fully Furnished,Walkable (<500m),19,22,0,1,1,2,2,14860000.0
1813,Mumbai,Andheri West / Powai,Mid-Tier,1,491,664,Ready to Move,1,Full Vastu,Semi-Furnished,Near (1-2 km),12,12,0,1,1,0,0,14430000.0
1814,Chennai,Nungambakkam / Anna Nagar,Upscale,2,711,942,New Launch,1,Full Vastu,Unfurnished,Walkable (<500m),5,7,1,0,0,2,2,11010000.0
1815,Pune,Baner / Viman Nagar,Mid-Tier,3,2023,2734,New Launch,1,Full Vastu,Unfurnished,Walkable (<500m),7,12,1,1,0,2,12,21780000.0
1816,Delhi NCR,"Cyber City, Gurgaon",Mid-Tier,4,2568,3274,Ready to Move,1,Partial Vastu,Unfurnished,Near (1-2 km),12,22,1,1,1,1,8,41920000.0
1817,Delhi NCR,"Cyber City, Gurgaon",Mid-Tier,4,2222,2792,Under Construction,1,Partial Vastu,Unfurnished,Walkable (<500m),1,4,1,1,1,1,30,34140000.0
1818,Bengaluru,Indiranagar / Lavelle Road,Prime / Ultra-Luxury,3,1858,2534,Ready to Move,1,Full Vastu,Semi-Furnished,Near (1-2 km),4,4,1,0,1,0,5,60150000.0
1819,Mumbai,South Mumbai (Worli/Malabar Hill),Prime / Ultra-Luxury,3,1323,1667,New Launch,1,Full Vastu,Unfurnished,Near (1-2 km),9,12,1,1,0,1,5,82240000.0
1820,Bengaluru,Koramangala / Sadashivnagar,Upscale,2,1007,1291,Ready to Move,1,Partial Vastu,Semi-Furnished,Near (1-2 km),6,12,1,1,0,1,2,20400000.0
1821,Pune,Wakad / Kharadi,Suburban,2,925,1240,Under Construction,0,Partial Vastu,Semi-Furnished,Near (1-2 km),3,7,1,1,1,2,0,5420000.0
1822,Mumbai,Bandra West / BKC,Upscale,2,1041,1357,Ready to Move,0,Partial Vastu,Semi-Furnished,Near (1-2 km),13,22,1,1,0,1,5,39640000.0
1823,Bengaluru,HSR Layout / Whitefield,Mid-Tier,2,940,1282,Ready to Move,1,Partial Vastu,Fully Furnished,Walkable (<500m),5,12,1,1,1,1,5,13460000.0
1824,Bengaluru,Koramangala / Sadashivnagar,Upscale,2,743,958,Ready to Move,1,Full Vastu,Unfurnished,Near (1-2 km),24,35,1,1,1,1,8,13500000.0
1825,Delhi NCR,South Delhi (Vasant Vihar),Upscale,2,960,1201,Ready to Move,1,Partial Vastu,Semi-Furnished,Near (1-2 km),4,7,0,1,1,1,2,25780000.0
1826,Chennai,OMR (Perungudi),Suburban,2,1099,1417,Under Construction,1,Full Vastu,Semi-Furnished,Walkable (<500m),9,22,1,1,1,2,30,7210000.0
1827,Bengaluru,HSR Layout / Whitefield,Mid-Tier,3,1543,2045,Under Construction,1,Full Vastu,Unfurnished,Distant (>3 km),2,4,1,1,1,2,2,18000000.0
1828,Bengaluru,Indiranagar / Lavelle Road,Prime / Ultra-Luxury,2,1060,1377,Under Construction,1,Partial Vastu,Semi-Furnished,Near (1-2 km),4,12,0,1,1,1,2,32570000.0
1829,Hyderabad,HITEC City / Kondapur,Mid-Tier,2,801,1057,Ready to Move,1,Non-Vastu,Semi-Furnished,Near (1-2 km),2,12,1,1,0,1,12,7850000.0
1830,Bengaluru,Indiranagar / Lavelle Road,Prime / Ultra-Luxury,2,946,1290,Ready to Move,1,Partial Vastu,Semi-Furnished,Distant (>3 km),3,12,1,1,0,1,2,27630000.0
1831,Mumbai,Andheri West / Powai,Mid-Tier,3,1404,1922,Ready to Move,1,Full Vastu,Semi-Furnished,Near (1-2 km),5,22,1,1,1,1,12,41100000.0
1832,Bengaluru,HSR Layout / Whitefield,Mid-Tier,3,1723,2213,Under Construction,1,Full Vastu,Semi-Furnished,Near (1-2 km),4,4,0,1,1,0,0,22770000.0
1833,Mumbai,South Mumbai (Worli/Malabar Hill),Prime / Ultra-Luxury,3,1557,2040,New Launch,1,Full Vastu,Semi-Furnished,Walkable (<500m),12,12,0,1,0,1,8,93890000.0
1834,Mumbai,Bandra West / BKC,Upscale,2,1048,1385,Ready to Move,1,Partial Vastu,Unfurnished,Near (1-2 km),2,7,1,1,1,1,0,50120000.0
1835,Delhi NCR,South Delhi (Vasant Vihar),Upscale,2,1104,1516,Ready to Move,1,Full Vastu,Semi-Furnished,Distant (>3 km),18,22,1,1,0,1,0,34090000.0
1836,Bengaluru,Electronic City,Suburban,1,573,791,Ready to Move,1,Partial Vastu,Fully Furnished,Near (1-2 km),1,4,1,1,1,0,8,5530000.0
1837,Chennai,GST Road (Tambaram),Emerging,2,988,1265,Under Construction,1,Full Vastu,Fully Furnished,Walkable (<500m),14,22,1,1,0,1,2,6120000.0
1838,Bengaluru,Indiranagar / Lavelle Road,Prime / Ultra-Luxury,2,807,1085,Under Construction,0,Partial Vastu,Semi-Furnished,Near (1-2 km),2,22,1,1,1,1,0,19690000.0
1839,Delhi NCR,"Cyber City, Gurgaon",Mid-Tier,1,519,674,Under Construction,1,Non-Vastu,Semi-Furnished,Distant (>3 km),15,22,1,1,1,0,8,6970000.0
1840,Delhi NCR,South Delhi (Vasant Vihar),Upscale,2,874,1093,Ready to Move,1,Full Vastu,Fully Furnished,Near (1-2 km),3,7,1,0,1,1,20,24040000.0
1841,Mumbai,Bandra West / BKC,Upscale,4,2276,2848,Under Construction,1,Full Vastu,Semi-Furnished,Near (1-2 km),8,12,1,1,0,1,0,92720000.0
1842,Delhi NCR,"Cyber City, Gurgaon",Mid-Tier,4,2265,2967,Under Construction,1,Partial Vastu,Semi-Furnished,Near (1-2 km),4,4,1,1,1,1,2,43130000.0
1843,Mumbai,Thane West,Suburban,2,810,1064,Ready to Move,1,Full Vastu,Unfurnished,Walkable (<500m),20,22,1,1,0,3,8,16800000.0
1844,Kolkata,Rajarhat,Emerging,1,367,460,Ready to Move,1,Partial Vastu,Fully Furnished,Walkable (<500m),5,22,1,1,0,2,8,1860000.0
1845,Mumbai,Andheri West / Powai,Mid-Tier,2,854,1144,Ready to Move,0,Partial Vastu,Semi-Furnished,Near (1-2 km),4,12,0,1,1,1,30,18000000.0
1846,Bengaluru,Koramangala / Sadashivnagar,Upscale,2,977,1259,Ready to Move,1,Full Vastu,Semi-Furnished,Near (1-2 km),12,22,1,1,1,1,2,20100000.0
1847,Mumbai,Andheri West / Powai,Mid-Tier,4,1914,2532,Under Construction,1,Partial Vastu,Unfurnished,Near (1-2 km),3,4,1,1,1,2,5,56820000.0
1848,Kolkata,Park Street / Salt Lake Sec 5,Upscale,1,521,672,Ready to Move,1,Full Vastu,Semi-Furnished,Near (1-2 km),9,12,1,0,1,2,0,9310000.0
1849,Delhi NCR,"Cyber City, Gurgaon",Mid-Tier,3,1991,2532,Under Construction,1,Non-Vastu,Semi-Furnished,Near (1-2 km),6,7,1,1,1,0,2,33220000.0
1850,Delhi NCR,South Delhi (Vasant Vihar),Upscale,1,599,780,Ready to Move,1,Full Vastu,Semi-Furnished,Walkable (<500m),45,50,1,1,1,2,0,21170000.0
1851,Mumbai,Andheri West / Powai,Mid-Tier,5,4736,6063,Ready to Move,1,Partial Vastu,Unfurnished,Walkable (<500m),5,22,1,0,1,1,0,150490000.0
1852,Hyderabad,Banjara Hills / Gachibowli,Upscale,2,1005,1326,Ready to Move,0,Full Vastu,Semi-Furnished,Walkable (<500m),12,22,1,1,1,1,5,14970000.0
1853,Mumbai,Bandra West / BKC,Upscale,3,1821,2323,Ready to Move,1,Full Vastu,Unfurnished,Near (1-2 km),19,35,1,1,1,0,0,87850000.0
1854,Pune,Wakad / Kharadi,Suburban,2,846,1113,Ready to Move,1,Full Vastu,Semi-Furnished,Walkable (<500m),2,7,1,1,1,3,12,8170000.0
1855,Mumbai,South Mumbai (Worli/Malabar Hill),Prime / Ultra-Luxury,3,1400,1779,Ready to Move,1,Partial Vastu,Unfurnished,Near (1-2 km),7,35,0,1,0,1,8,108930000.0
1856,Mumbai,Andheri West / Powai,Mid-Tier,2,559,748,Ready to Move,1,Partial Vastu,Unfurnished,Walkable (<500m),4,7,1,1,1,1,0,18130000.0
1857,Mumbai,Bandra West / BKC,Upscale,1,612,825,Ready to Move,1,Partial Vastu,Unfurnished,Near (1-2 km),5,22,1,1,0,1,12,24750000.0
1858,Delhi NCR,"Golf Course Road, Gurgaon",Prime / Ultra-Luxury,4,2954,3735,Ready to Move,1,Full Vastu,Unfurnished,Walkable (<500m),20,22,1,1,1,1,30,118610000.0
1859,Delhi NCR,"Golf Course Road, Gurgaon",Prime / Ultra-Luxury,4,2200,2884,Ready to Move,0,Partial Vastu,Unfurnished,Near (1-2 km),1,4,1,1,1,0,5,77340000.0
1860,Mumbai,Bandra West / BKC,Upscale,3,1490,1876,Ready to Move,1,Partial Vastu,Fully Furnished,Near (1-2 km),11,12,0,1,1,1,2,79100000.0
1861,Hyderabad,Miyapur / Kukatpally,Suburban,3,1374,1824,New Launch,1,Full Vastu,Semi-Furnished,Walkable (<500m),2,4,1,0,0,1,2,9320000.0
1862,Bengaluru,Koramangala / Sadashivnagar,Upscale,3,1638,2104,Ready to Move,0,Full Vastu,Semi-Furnished,Distant (>3 km),50,50,1,1,1,0,0,28250000.0
1863,Delhi NCR,Dwarka Expressway,Emerging,1,607,800,Under Construction,1,Full Vastu,Semi-Furnished,Walkable (<500m),3,4,1,1,1,1,5,4810000.0
1864,Bengaluru,HSR Layout / Whitefield,Mid-Tier,2,701,923,Ready to Move,1,Full Vastu,Semi-Furnished,Near (1-2 km),10,12,0,1,0,1,0,9560000.0
1865,Bengaluru,HSR Layout / Whitefield,Mid-Tier,2,1008,1381,Under Construction,0,Full Vastu,Fully Furnished,Distant (>3 km),20,22,1,1,1,1,5,10110000.0
1866,Delhi NCR,"Cyber City, Gurgaon",Mid-Tier,3,1485,1962,Ready to Move,1,Partial Vastu,Unfurnished,Near (1-2 km),6,7,1,1,1,1,2,27990000.0
1867,Mumbai,Andheri West / Powai,Mid-Tier,2,966,1281,New Launch,1,Full Vastu,Unfurnished,Distant (>3 km),4,12,1,1,1,0,5,22910000.0
1868,Mumbai,Andheri West / Powai,Mid-Tier,1,555,723,Ready to Move,1,Partial Vastu,Fully Furnished,Walkable (<500m),4,12,0,1,1,1,2,19200000.0
1869,Pune,Kalyani Nagar / Prabhat Road,Upscale,2,923,1268,Under Construction,1,Non-Vastu,Semi-Furnished,Near (1-2 km),3,7,1,1,0,1,2,12600000.0
1870,Chennai,Nungambakkam / Anna Nagar,Upscale,3,1525,2060,Ready to Move,1,Partial Vastu,Unfurnished,Near (1-2 km),2,22,1,0,1,1,2,28380000.0
1871,Bengaluru,Electronic City,Suburban,2,919,1183,Ready to Move,1,Partial Vastu,Unfurnished,Walkable (<500m),5,7,1,1,1,2,5,7770000.0
1872,Bengaluru,Electronic City,Suburban,1,595,809,Under Construction,1,Full Vastu,Unfurnished,Near (1-2 km),5,7,1,1,0,1,12,3890000.0
1873,Delhi NCR,Noida Sector 62,Suburban,2,1009,1318,Ready to Move,1,Partial Vastu,Fully Furnished,Walkable (<500m),9,12,1,1,0,1,5,11980000.0
1874,Bengaluru,HSR Layout / Whitefield,Mid-Tier,2,981,1332,Ready to Move,1,Full Vastu,Unfurnished,Near (1-2 km),1,12,1,1,1,0,2,13530000.0
1875,Mumbai,Andheri West / Powai,Mid-Tier,2,768,1042,Ready to Move,1,Partial Vastu,Fully Furnished,Distant (>3 km),15,35,1,1,0,0,12,22290000.0
1876,Mumbai,Andheri West / Powai,Mid-Tier,3,1461,1862,Under Construction,0,Non-Vastu,Fully Furnished,Walkable (<500m),31,35,0,1,1,1,8,32500000.0
1877,Hyderabad,HITEC City / Kondapur,Mid-Tier,3,1758,2358,New Launch,1,Partial Vastu,Semi-Furnished,Walkable (<500m),10,12,1,1,0,1,0,17270000.0
1878,Delhi NCR,South Delhi (Vasant Vihar),Upscale,3,1558,2006,Ready to Move,1,Partial Vastu,Unfurnished,Near (1-2 km),7,12,1,1,1,2,0,46220000.0
1879,Mumbai,Andheri West / Powai,Mid-Tier,2,1043,1344,Under Construction,1,Full Vastu,Unfurnished,Near (1-2 km),4,7,1,0,1,1,0,29260000.0
1880,Mumbai,Bandra West / BKC,Upscale,3,1960,2526,Ready to Move,0,Full Vastu,Semi-Furnished,Near (1-2 km),5,7,1,1,1,0,2,76080000.0
1881,Mumbai,Bandra West / BKC,Upscale,2,1098,1476,Ready to Move,1,Partial Vastu,Semi-Furnished,Near (1-2 km),6,12,1,0,0,1,2,59050000.0
1882,Hyderabad,Miyapur / Kukatpally,Suburban,2,963,1233,New Launch,1,Full Vastu,Semi-Furnished,Walkable (<500m),22,22,1,1,1,2,5,6120000.0
1883,Mumbai,Bandra West / BKC,Upscale,3,1431,1789,Under Construction,1,Partial Vastu,Semi-Furnished,Near (1-2 km),5,7,1,1,1,1,12,54910000.0
1884,Mumbai,South Mumbai (Worli/Malabar Hill),Prime / Ultra-Luxury,2,586,787,Under Construction,1,Full Vastu,Fully Furnished,Distant (>3 km),1,7,1,1,1,2,0,40570000.0
1885,Hyderabad,Jubilee Hills,Prime / Ultra-Luxury,1,506,644,Ready to Move,1,Partial Vastu,Semi-Furnished,Near (1-2 km),10,12,0,1,1,0,2,12210000.0
1886,Mumbai,Thane West,Suburban,3,1474,1863,Ready to Move,1,Full Vastu,Semi-Furnished,Near (1-2 km),1,4,1,1,0,2,2,31460000.0
1887,Delhi NCR,"Cyber City, Gurgaon",Mid-Tier,2,1005,1287,Ready to Move,0,Full Vastu,Fully Furnished,Walkable (<500m),20,22,1,1,0,1,20,15140000.0
1888,Mumbai,Andheri West / Powai,Mid-Tier,3,1514,1967,Ready to Move,1,Partial Vastu,Unfurnished,Walkable (<500m),12,12,1,1,0,1,0,49430000.0
1889,Mumbai,Thane West,Suburban,1,495,649,Ready to Move,1,Full Vastu,Unfurnished,Walkable (<500m),11,12,1,1,1,1,0,11960000.0
1890,Mumbai,Thane West,Suburban,3,1136,1427,Under Construction,0,Full Vastu,Unfurnished,Near (1-2 km),4,7,0,1,1,1,0,18610000.0
1891,Hyderabad,Banjara Hills / Gachibowli,Upscale,2,816,1123,Under Construction,1,Full Vastu,Unfurnished,Distant (>3 km),29,35,1,1,1,3,5,12890000.0
1892,Pune,Baner / Viman Nagar,Mid-Tier,1,557,748,Ready to Move,1,Full Vastu,Semi-Furnished,Near (1-2 km),1,4,1,1,0,0,2,6100000.0
1893,Pune,Baner / Viman Nagar,Mid-Tier,3,1948,2517,Ready to Move,1,Full Vastu,Unfurnished,Walkable (<500m),20,22,1,1,1,0,8,23180000.0
1894,Bengaluru,HSR Layout / Whitefield,Mid-Tier,2,936,1209,Under Construction,1,Full Vastu,Semi-Furnished,Walkable (<500m),1,12,1,1,1,2,2,13090000.0
1895,Delhi NCR,South Delhi (Vasant Vihar),Upscale,2,996,1303,Ready to Move,1,Partial Vastu,Fully Furnished,Walkable (<500m),2,35,1,1,1,0,0,32430000.0
1896,Mumbai,Thane West,Suburban,1,594,791,Under Construction,1,Full Vastu,Unfurnished,Near (1-2 km),13,22,1,1,1,1,2,9830000.0
1897,Bengaluru,HSR Layout / Whitefield,Mid-Tier,1,456,579,Ready to Move,0,Non-Vastu,Semi-Furnished,Near (1-2 km),2,4,1,1,1,1,12,4830000.0
1898,Pune,Kalyani Nagar / Prabhat Road,Upscale,2,1002,1277,Ready to Move,1,Full Vastu,Unfurnished,Walkable (<500m),20,22,1,1,0,1,2,15960000.0
1899,Mumbai,Andheri West / Powai,Mid-Tier,1,462,629,New Launch,1,Full Vastu,Unfurnished,Near (1-2 km),11,12,1,1,1,2,12,10980000.0
1900,Mumbai,South Mumbai (Worli/Malabar Hill),Prime / Ultra-Luxury,4,2711,3479,Ready to Move,1,Full Vastu,Semi-Furnished,Walkable (<500m),3,4,1,1,1,1,2,271920000.0
1901,Mumbai,Bandra West / BKC,Upscale,1,531,690,Ready to Move,1,Partial Vastu,Fully Furnished,Walkable (<500m),1,4,1,1,1,2,2,31300000.0
1902,Mumbai,Andheri West / Powai,Mid-Tier,2,992,1352,Ready to Move,1,Full Vastu,Semi-Furnished,Walkable (<500m),10,12,1,1,1,2,8,33900000.0
1903,Mumbai,South Mumbai (Worli/Malabar Hill),Prime / Ultra-Luxury,1,458,612,New Launch,0,Partial Vastu,Unfurnished,Walkable (<500m),3,12,1,1,0,1,0,24520000.0
1904,Delhi NCR,"Cyber City, Gurgaon",Mid-Tier,2,1050,1359,Under Construction,1,Full Vastu,Semi-Furnished,Walkable (<500m),14,22,1,1,1,1,0,22160000.0
1905,Bengaluru,HSR Layout / Whitefield,Mid-Tier,4,3150,4217,Ready to Move,0,Full Vastu,Unfurnished,Walkable (<500m),8,22,1,1,1,1,0,37610000.0
1906,Pune,Koregaon Park,Prime / Ultra-Luxury,2,806,1010,Ready to Move,1,Partial Vastu,Unfurnished,Near (1-2 km),12,12,0,1,0,0,0,15910000.0
1907,Pune,Hinjawadi Phase 3,Emerging,4,2277,3064,Under Construction,1,Full Vastu,Semi-Furnished,Near (1-2 km),9,22,1,1,1,0,2,11190000.0
1908,Bengaluru,Koramangala / Sadashivnagar,Upscale,2,983,1291,Ready to Move,1,Full Vastu,Unfurnished,Near (1-2 km),7,12,1,1,1,1,2,18980000.0
1909,Bengaluru,Koramangala / Sadashivnagar,Upscale,3,1732,2348,Under Construction,1,Partial Vastu,Semi-Furnished,Near (1-2 km),2,7,1,1,1,2,2,35100000.0
1910,Bengaluru,Koramangala / Sadashivnagar,Upscale,2,870,1195,Ready to Move,1,Partial Vastu,Semi-Furnished,Walkable (<500m),8,35,0,1,1,1,5,18600000.0
1911,Delhi NCR,South Delhi (Vasant Vihar),Upscale,3,891,1221,Ready to Move,1,Partial Vastu,Semi-Furnished,Distant (>3 km),3,4,1,1,1,0,5,24290000.0
1912,Bengaluru,Indiranagar / Lavelle Road,Prime / Ultra-Luxury,2,1143,1564,Under Construction,1,Partial Vastu,Unfurnished,Walkable (<500m),11,12,1,1,1,1,0,38050000.0
1913,Delhi NCR,"Cyber City, Gurgaon",Mid-Tier,2,1058,1393,Ready to Move,1,Partial Vastu,Fully Furnished,Walkable (<500m),5,22,1,1,1,1,5,23460000.0
1914,Bengaluru,Yelahanka / Devanahalli,Emerging,2,701,909,Under Construction,1,Partial Vastu,Semi-Furnished,Walkable (<500m),11,12,1,1,1,1,2,4280000.0
1915,Delhi NCR,South Delhi (Vasant Vihar),Upscale,2,863,1131,Ready to Move,1,Full Vastu,Semi-Furnished,Walkable (<500m),2,4,1,1,1,1,8,28920000.0
1916,Bengaluru,HSR Layout / Whitefield,Mid-Tier,4,2964,3971,Ready to Move,1,Partial Vastu,Unfurnished,Distant (>3 km),3,4,1,0,1,0,5,34950000.0
1917,Bengaluru,HSR Layout / Whitefield,Mid-Tier,2,1156,1578,New Launch,1,Partial Vastu,Semi-Furnished,Walkable (<500m),5,12,1,1,1,1,5,13650000.0
1918,Chennai,OMR (Perungudi),Suburban,2,1083,1383,Ready to Move,1,Full Vastu,Semi-Furnished,Walkable (<500m),18,50,1,1,1,2,8,8550000.0
1919,Hyderabad,HITEC City / Kondapur,Mid-Tier,3,1509,2066,Under Construction,1,Full Vastu,Unfurnished,Walkable (<500m),12,12,1,1,0,1,2,17940000.0
1920,Mumbai,Bandra West / BKC,Upscale,2,961,1303,Ready to Move,1,Full Vastu,Unfurnished,Walkable (<500m),12,12,1,1,1,0,2,44120000.0
1921,Pune,Kalyani Nagar / Prabhat Road,Upscale,4,2352,3239,Under Construction,1,Partial Vastu,Semi-Furnished,Walkable (<500m),4,7,1,1,1,1,5,37940000.0
1922,Delhi NCR,"Cyber City, Gurgaon",Mid-Tier,3,1812,2472,Under Construction,1,Full Vastu,Fully Furnished,Walkable (<500m),4,7,1,1,1,0,2,35810000.0
1923,Pune,Wakad / Kharadi,Suburban,2,825,1061,Ready to Move,1,Non-Vastu,Semi-Furnished,Walkable (<500m),1,4,1,1,0,2,2,6260000.0
1924,Hyderabad,Banjara Hills / Gachibowli,Upscale,3,1362,1721,Under Construction,1,Full Vastu,Unfurnished,Near (1-2 km),3,7,0,1,0,1,2,20420000.0
1925,Bengaluru,Koramangala / Sadashivnagar,Upscale,1,598,756,Under Construction,1,Partial Vastu,Semi-Furnished,Walkable (<500m),5,12,1,1,0,2,2,12340000.0
1926,Mumbai,Thane West,Suburban,2,943,1214,Ready to Move,1,Full Vastu,Fully Furnished,Walkable (<500m),6,7,1,1,1,2,8,18350000.0
1927,Bengaluru,Electronic City,Suburban,2,1146,1524,Ready to Move,1,Partial Vastu,Semi-Furnished,Near (1-2 km),1,4,1,1,1,1,0,10830000.0
1928,Delhi NCR,Dwarka Expressway,Emerging,2,854,1157,Ready to Move,1,Partial Vastu,Unfurnished,Distant (>3 km),10,22,1,1,1,1,0,5950000.0
1929,Delhi NCR,"Cyber City, Gurgaon",Mid-Tier,3,1537,2101,Ready to Move,1,Partial Vastu,Fully Furnished,Walkable (<500m),32,35,1,1,1,2,20,31830000.0
1930,Bengaluru,Koramangala / Sadashivnagar,Upscale,4,2067,2751,Ready to Move,0,Partial Vastu,Unfurnished,Walkable (<500m),33,35,1,1,0,0,0,32730000.0
1931,Mumbai,Andheri West / Powai,Mid-Tier,2,951,1189,Ready to Move,1,Partial Vastu,Semi-Furnished,Distant (>3 km),1,12,1,1,1,0,2,21550000.0
1932,Pune,Baner / Viman Nagar,Mid-Tier,2,739,942,Ready to Move,1,Full Vastu,Semi-Furnished,Walkable (<500m),3,4,1,1,1,1,12,7310000.0
1933,Kolkata,Ballygunge / Alipore,Prime / Ultra-Luxury,4,2224,2809,Under Construction,1,Full Vastu,Fully Furnished,Near (1-2 km),3,22,0,1,0,1,0,45870000.0
1934,Delhi NCR,"Cyber City, Gurgaon",Mid-Tier,2,745,966,Ready to Move,1,Partial Vastu,Fully Furnished,Walkable (<500m),1,4,1,1,1,1,20,12230000.0
1935,Mumbai,Andheri West / Powai,Mid-Tier,2,1048,1378,New Launch,1,Full Vastu,Fully Furnished,Distant (>3 km),11,12,1,1,1,3,0,26560000.0
1936,Bengaluru,Koramangala / Sadashivnagar,Upscale,2,1052,1321,Ready to Move,1,Full Vastu,Unfurnished,Distant (>3 km),18,22,1,1,1,0,0,19090000.0
1937,Mumbai,Andheri West / Powai,Mid-Tier,4,1777,2302,Ready to Move,1,Partial Vastu,Fully Furnished,Near (1-2 km),10,22,1,0,1,2,0,60930000.0
1938,Chennai,Velachery / Adyar,Mid-Tier,2,1140,1452,Under Construction,1,Full Vastu,Unfurnished,Walkable (<500m),8,35,1,1,1,0,5,11310000.0
1939,Mumbai,Navi Mumbai (Kharghar),Emerging,3,2130,2842,Ready to Move,1,Full Vastu,Unfurnished,Walkable (<500m),2,22,1,1,1,1,20,24080000.0
1940,Delhi NCR,"Golf Course Road, Gurgaon",Prime / Ultra-Luxury,3,1560,2044,Ready to Move,1,Partial Vastu,Semi-Furnished,Walkable (<500m),5,12,1,1,1,1,12,66790000.0
1941,Bengaluru,Koramangala / Sadashivnagar,Upscale,2,858,1128,Ready to Move,0,Full Vastu,Semi-Furnished,Distant (>3 km),1,7,1,1,1,2,5,13010000.0
1942,Delhi NCR,"Cyber City, Gurgaon",Mid-Tier,2,1352,1765,Ready to Move,1,Full Vastu,Semi-Furnished,Distant (>3 km),33,35,1,1,0,0,0,24840000.0
1943,Delhi NCR,South Delhi (Vasant Vihar),Upscale,3,1243,1708,Ready to Move,1,Full Vastu,Semi-Furnished,Walkable (<500m),1,7,1,0,1,1,12,45150000.0
1944,Pune,Baner / Viman Nagar,Mid-Tier,2,952,1217,New Launch,1,Partial Vastu,Fully Furnished,Near (1-2 km),10,35,1,1,0,1,8,7670000.0
1945,Mumbai,Andheri West / Powai,Mid-Tier,3,1591,2096,Ready to Move,1,Non-Vastu,Unfurnished,Walkable (<500m),2,7,1,0,0,2,2,42660000.0
1946,Mumbai,South Mumbai (Worli/Malabar Hill),Prime / Ultra-Luxury,4,2884,3881,Under Construction,1,Partial Vastu,Unfurnished,Near (1-2 km),1,4,1,1,0,1,8,162000000.0
1947,Mumbai,Andheri West / Powai,Mid-Tier,3,1633,2159,Under Construction,1,Full Vastu,Fully Furnished,Near (1-2 km),10,22,1,1,1,0,12,43730000.0
1948,Chennai,Velachery / Adyar,Mid-Tier,3,1434,1966,Ready to Move,1,Non-Vastu,Unfurnished,Walkable (<500m),1,4,1,0,1,1,8,13140000.0
1949,Pune,Kalyani Nagar / Prabhat Road,Upscale,3,1328,1725,Ready to Move,1,Partial Vastu,Semi-Furnished,Walkable (<500m),4,22,1,0,0,1,0,24930000.0
1950,Delhi NCR,Noida Sector 62,Suburban,3,1470,1926,Under Construction,0,Partial Vastu,Semi-Furnished,Walkable (<500m),2,7,1,1,0,1,30,11920000.0
1951,Delhi NCR,Noida Sector 62,Suburban,2,806,1017,Under Construction,1,Partial Vastu,Semi-Furnished,Near (1-2 km),19,35,1,0,1,0,0,8850000.0
1952,Delhi NCR,"Cyber City, Gurgaon",Mid-Tier,1,523,695,Ready to Move,1,Full Vastu,Semi-Furnished,Distant (>3 km),10,12,1,1,0,1,5,9890000.0
1953,Mumbai,Andheri West / Powai,Mid-Tier,2,869,1119,Ready to Move,1,Full Vastu,Unfurnished,Distant (>3 km),1,12,1,0,1,1,0,24680000.0
1954,Chennai,Velachery / Adyar,Mid-Tier,3,1202,1528,Ready to Move,1,Full Vastu,Fully Furnished,Near (1-2 km),3,12,1,0,0,0,12,13770000.0
1955,Bengaluru,Electronic City,Suburban,2,1128,1490,Ready to Move,1,Full Vastu,Unfurnished,Near (1-2 km),1,4,1,1,1,1,2,10120000.0
1956,Bengaluru,HSR Layout / Whitefield,Mid-Tier,3,1434,1892,Ready to Move,0,Partial Vastu,Semi-Furnished,Walkable (<500m),19,22,1,1,1,0,5,16490000.0
1957,Delhi NCR,"Cyber City, Gurgaon",Mid-Tier,2,769,969,Under Construction,1,Partial Vastu,Unfurnished,Distant (>3 km),3,7,1,1,1,1,0,12980000.0
1958,Mumbai,Thane West,Suburban,3,1510,2025,Ready to Move,1,Partial Vastu,Semi-Furnished,Near (1-2 km),10,12,1,1,1,1,5,28040000.0
1959,Mumbai,Bandra West / BKC,Upscale,2,959,1277,Under Construction,1,Full Vastu,Semi-Furnished,Near (1-2 km),6,12,1,1,1,2,20,45990000.0
1960,Hyderabad,Miyapur / Kukatpally,Suburban,3,1143,1457,Under Construction,1,Full Vastu,Fully Furnished,Near (1-2 km),3,12,0,1,0,0,12,8200000.0
1961,Mumbai,Bandra West / BKC,Upscale,2,997,1307,Ready to Move,1,Full Vastu,Semi-Furnished,Near (1-2 km),3,7,1,1,1,1,0,49420000.0
1962,Delhi NCR,South Delhi (Vasant Vihar),Upscale,2,800,1075,Ready to Move,0,Full Vastu,Semi-Furnished,Walkable (<500m),3,4,1,1,1,1,2,22800000.0
1963,Mumbai,Bandra West / BKC,Upscale,2,1193,1573,Under Construction,1,Full Vastu,Fully Furnished,Walkable (<500m),1,4,1,1,1,1,2,60360000.0
1964,Bengaluru,Yelahanka / Devanahalli,Emerging,3,1671,2175,Under Construction,1,Partial Vastu,Semi-Furnished,Near (1-2 km),18,22,0,1,0,1,5,8620000.0
1965,Bengaluru,Electronic City,Suburban,2,893,1154,Under Construction,1,Full Vastu,Semi-Furnished,Distant (>3 km),1,4,0,1,1,1,12,6590000.0
1966,Bengaluru,HSR Layout / Whitefield,Mid-Tier,2,843,1121,Ready to Move,1,Non-Vastu,Semi-Furnished,Near (1-2 km),10,50,1,1,0,1,8,9520000.0
1967,Hyderabad,HITEC City / Kondapur,Mid-Tier,4,2362,3241,Ready to Move,1,Full Vastu,Semi-Furnished,Walkable (<500m),5,7,1,1,1,1,2,30710000.0
1968,Bengaluru,HSR Layout / Whitefield,Mid-Tier,3,1692,2263,Ready to Move,1,Partial Vastu,Semi-Furnished,Walkable (<500m),2,4,1,1,1,1,2,23590000.0
1969,Delhi NCR,Noida Sector 62,Suburban,4,2390,3011,Ready to Move,1,Full Vastu,Unfurnished,Near (1-2 km),3,12,1,1,1,0,5,26140000.0
1970,Delhi NCR,"Cyber City, Gurgaon",Mid-Tier,2,919,1204,Under Construction,1,Full Vastu,Semi-Furnished,Near (1-2 km),3,4,1,1,0,1,0,17690000.0
1971,Delhi NCR,South Delhi (Vasant Vihar),Upscale,2,958,1308,Ready to Move,1,Partial Vastu,Semi-Furnished,Near (1-2 km),2,12,1,1,1,1,0,31710000.0
1972,Chennai,Nungambakkam / Anna Nagar,Upscale,3,1409,1779,Under Construction,1,Partial Vastu,Fully Furnished,Walkable (<500m),11,22,1,1,1,1,0,24490000.0
1973,Hyderabad,HITEC City / Kondapur,Mid-Tier,2,901,1242,Ready to Move,1,Full Vastu,Fully Furnished,Distant (>3 km),3,4,1,1,1,0,0,11590000.0
1974,Mumbai,Andheri West / Powai,Mid-Tier,3,1065,1463,Under Construction,1,Full Vastu,Semi-Furnished,Near (1-2 km),12,22,1,1,1,1,2,32340000.0
1975,Mumbai,Bandra West / BKC,Upscale,2,1088,1371,New Launch,0,Full Vastu,Semi-Furnished,Near (1-2 km),8,12,0,1,0,1,20,32180000.0
1976,Bengaluru,Indiranagar / Lavelle Road,Prime / Ultra-Luxury,2,992,1360,Ready to Move,1,Partial Vastu,Semi-Furnished,Walkable (<500m),1,7,1,1,1,0,0,37580000.0
1977,Delhi NCR,Noida Sector 62,Suburban,1,459,595,New Launch,1,Non-Vastu,Semi-Furnished,Walkable (<500m),6,7,1,1,0,1,8,4800000.0
1978,Mumbai,South Mumbai (Worli/Malabar Hill),Prime / Ultra-Luxury,2,1220,1659,Ready to Move,1,Full Vastu,Fully Furnished,Distant (>3 km),23,35,1,1,1,2,5,97100000.0
1979,Delhi NCR,"Cyber City, Gurgaon",Mid-Tier,1,526,686,Ready to Move,1,Full Vastu,Fully Furnished,Walkable (<500m),2,4,0,1,1,0,5,11040000.0
1980,Delhi NCR,Dwarka Expressway,Emerging,1,439,574,Under Construction,1,Non-Vastu,Fully Furnished,Near (1-2 km),21,22,1,1,1,0,0,2800000.0
1981,Bengaluru,HSR Layout / Whitefield,Mid-Tier,4,2708,3608,New Launch,1,Full Vastu,Unfurnished,Near (1-2 km),6,12,1,1,1,1,0,34080000.0
1982,Hyderabad,Banjara Hills / Gachibowli,Upscale,2,1006,1359,Ready to Move,1,Partial Vastu,Fully Furnished,Near (1-2 km),4,4,1,1,0,1,0,19570000.0
1983,Mumbai,Andheri West / Powai,Mid-Tier,3,1641,2058,Ready to Move,1,Full Vastu,Fully Furnished,Walkable (<500m),1,12,1,1,1,1,5,58370000.0
1984,Mumbai,Thane West,Suburban,3,1451,1926,Under Construction,1,Partial Vastu,Semi-Furnished,Walkable (<500m),13,22,1,1,1,1,8,24120000.0
1985,Hyderabad,HITEC City / Kondapur,Mid-Tier,2,1014,1292,Under Construction,1,Full Vastu,Semi-Furnished,Distant (>3 km),5,22,1,1,0,1,20,8090000.0
1986,Delhi NCR,Dwarka Expressway,Emerging,2,912,1181,Ready to Move,1,Full Vastu,Semi-Furnished,Near (1-2 km),3,12,1,1,0,0,2,7930000.0
1987,Hyderabad,Jubilee Hills,Prime / Ultra-Luxury,3,1679,2175,Under Construction,1,Full Vastu,Semi-Furnished,Walkable (<500m),9,22,1,1,1,1,5,44280000.0
1988,Bengaluru,HSR Layout / Whitefield,Mid-Tier,3,1107,1451,Ready to Move,0,Partial Vastu,Fully Furnished,Walkable (<500m),4,4,1,1,0,1,5,14010000.0
1989,Mumbai,Andheri West / Powai,Mid-Tier,3,1449,1874,Ready to Move,1,Partial Vastu,Semi-Furnished,Distant (>3 km),20,35,1,1,1,1,2,34510000.0
1990,Pune,Wakad / Kharadi,Suburban,3,1950,2465,Ready to Move,1,Partial Vastu,Semi-Furnished,Walkable (<500m),19,22,1,1,1,0,2,15470000.0
1991,Hyderabad,Banjara Hills / Gachibowli,Upscale,4,2123,2694,Ready to Move,1,Partial Vastu,Semi-Furnished,Near (1-2 km),19,22,1,1,1,1,12,37920000.0
1992,Hyderabad,Miyapur / Kukatpally,Suburban,2,863,1083,New Launch,1,Full Vastu,Semi-Furnished,Near (1-2 km),21,22,1,1,1,1,2,6400000.0
1993,Bengaluru,HSR Layout / Whitefield,Mid-Tier,2,886,1162,Ready to Move,1,Full Vastu,Fully Furnished,Distant (>3 km),1,12,1,1,0,2,12,11140000.0
1994,Delhi NCR,South Delhi (Vasant Vihar),Upscale,3,1267,1741,New Launch,1,Partial Vastu,Semi-Furnished,Near (1-2 km),5,12,1,1,1,1,2,30800000.0
1995,Bengaluru,Koramangala / Sadashivnagar,Upscale,1,347,439,Ready to Move,1,Full Vastu,Semi-Furnished,Near (1-2 km),8,12,0,1,1,1,2,6290000.0
1996,Mumbai,Thane West,Suburban,3,1496,2054,Under Construction,1,Full Vastu,Unfurnished,Walkable (<500m),10,12,1,1,1,0,5,25310000.0
1997,Chennai,Nungambakkam / Anna Nagar,Upscale,1,530,713,Under Construction,1,Full Vastu,Semi-Furnished,Distant (>3 km),12,12,1,1,1,1,0,8810000.0
1998,Mumbai,Bandra West / BKC,Upscale,2,942,1256,Under Construction,1,Full Vastu,Semi-Furnished,Near (1-2 km),1,7,1,1,0,1,20,35660000.0
1999,Chennai,Nungambakkam / Anna Nagar,Upscale,3,1516,2022,Under Construction,1,Full Vastu,Fully Furnished,Distant (>3 km),12,12,1,1,1,0,12,22630000.0
2000,Bengaluru,Electronic City,Suburban,2,956,1298,Ready to Move,1,Partial Vastu,Unfurnished,Near (1-2 km),1,7,1,1,1,1,8,9020000.0
2001,Mumbai,Andheri West / Powai,Mid-Tier,2,1095,1384,Under Construction,1,Non-Vastu,Semi-Furnished,Near (1-2 km),2,4,1,0,0,3,30,22240000.0
2002,Delhi NCR,"Cyber City, Gurgaon",Mid-Tier,2,922,1213,Under Construction,1,Partial Vastu,Unfurnished,Walkable (<500m),2,7,1,1,1,2,0,18760000.0
2003,Pune,Kalyani Nagar / Prabhat Road,Upscale,3,1416,1898,Ready to Move,1,Non-Vastu,Semi-Furnished,Near (1-2 km),18,22,1,0,1,1,2,23910000.0
2004,Hyderabad,HITEC City / Kondapur,Mid-Tier,2,909,1206,Under Construction,1,Non-Vastu,Fully Furnished,Walkable (<500m),6,12,0,1,1,1,12,8040000.0
2005,Pune,Baner / Viman Nagar,Mid-Tier,3,1684,2287,Ready to Move,1,Full Vastu,Semi-Furnished,Walkable (<500m),1,22,1,1,1,1,2,19530000.0
2006,Delhi NCR,Noida Sector 62,Suburban,1,630,793,Ready to Move,1,Full Vastu,Semi-Furnished,Walkable (<500m),3,7,1,1,1,0,0,7140000.0
2007,Hyderabad,Miyapur / Kukatpally,Suburban,3,1403,1880,Under Construction,1,Partial Vastu,Semi-Furnished,Walkable (<500m),1,12,1,1,1,1,0,9590000.0
2008,Pune,Koregaon Park,Prime / Ultra-Luxury,3,1573,2075,Ready to Move,1,Full Vastu,Unfurnished,Walkable (<500m),2,4,1,1,0,1,2,39290000.0
2009,Mumbai,Andheri West / Powai,Mid-Tier,2,998,1297,Under Construction,1,Full Vastu,Semi-Furnished,Walkable (<500m),3,4,1,1,0,1,5,28250000.0
2010,Delhi NCR,"Golf Course Road, Gurgaon",Prime / Ultra-Luxury,2,808,1046,Ready to Move,1,Full Vastu,Semi-Furnished,Distant (>3 km),12,12,1,1,0,2,0,29850000.0
2011,Mumbai,Andheri West / Powai,Mid-Tier,2,952,1267,Ready to Move,1,Full Vastu,Semi-Furnished,Walkable (<500m),4,12,1,1,0,1,2,32310000.0
2012,Kolkata,Park Street / Salt Lake Sec 5,Upscale,3,1209,1651,Ready to Move,1,Full Vastu,Fully Furnished,Near (1-2 km),2,7,1,1,0,0,0,17800000.0
2013,Chennai,Nungambakkam / Anna Nagar,Upscale,2,697,916,Ready to Move,0,Full Vastu,Semi-Furnished,Walkable (<500m),4,12,1,1,0,1,5,12080000.0
2014,Mumbai,Bandra West / BKC,Upscale,3,1635,2219,Under Construction,1,Full Vastu,Semi-Furnished,Near (1-2 km),3,22,1,1,0,1,12,67890000.0
2015,Hyderabad,HITEC City / Kondapur,Mid-Tier,2,895,1166,Ready to Move,1,Partial Vastu,Fully Furnished,Near (1-2 km),3,7,1,1,1,0,5,10780000.0
2016,Chennai,Nungambakkam / Anna Nagar,Upscale,2,978,1236,Ready to Move,1,Partial Vastu,Fully Furnished,Distant (>3 km),3,4,1,1,1,1,2,16150000.0
2017,Mumbai,Andheri West / Powai,Mid-Tier,1,518,652,Ready to Move,0,Partial Vastu,Semi-Furnished,Near (1-2 km),9,12,1,1,1,0,0,13340000.0
2018,Delhi NCR,"Cyber City, Gurgaon",Mid-Tier,2,810,1018,Ready to Move,1,Full Vastu,Unfurnished,Near (1-2 km),4,4,1,1,1,1,0,16790000.0
2019,Chennai,Boat Club / Poes Garden,Prime / Ultra-Luxury,2,943,1225,Under Construction,1,Full Vastu,Semi-Furnished,Near (1-2 km),12,50,0,1,0,2,0,24460000.0
2020,Mumbai,Andheri West / Powai,Mid-Tier,3,1263,1634,Ready to Move,1,Partial Vastu,Semi-Furnished,Walkable (<500m),12,12,1,1,1,3,8,37070000.0
2021,Hyderabad,Banjara Hills / Gachibowli,Upscale,3,1873,2516,Under Construction,1,Full Vastu,Unfurnished,Near (1-2 km),10,12,1,1,0,1,0,28590000.0
2022,Bengaluru,HSR Layout / Whitefield,Mid-Tier,2,756,1018,New Launch,1,Partial Vastu,Unfurnished,Walkable (<500m),9,12,0,1,1,1,2,9140000.0
2023,Chennai,Velachery / Adyar,Mid-Tier,4,2329,2927,Under Construction,0,Partial Vastu,Unfurnished,Walkable (<500m),1,12,1,1,1,1,8,20100000.0
2024,Kolkata,Park Street / Salt Lake Sec 5,Upscale,3,1307,1671,Under Construction,1,Partial Vastu,Semi-Furnished,Walkable (<500m),4,4,1,1,1,1,8,18660000.0
2025,Chennai,Boat Club / Poes Garden,Prime / Ultra-Luxury,4,2605,3349,Ready to Move,1,Non-Vastu,Semi-Furnished,Near (1-2 km),28,35,1,1,0,0,5,56710000.0
2026,Delhi NCR,South Delhi (Vasant Vihar),Upscale,2,902,1192,Ready to Move,1,Full Vastu,Semi-Furnished,Near (1-2 km),12,12,1,1,0,1,5,30130000.0
2027,Pune,Wakad / Kharadi,Suburban,2,876,1111,Under Construction,1,Full Vastu,Unfurnished,Near (1-2 km),4,7,1,1,0,1,0,5800000.0
2028,Pune,Baner / Viman Nagar,Mid-Tier,1,586,743,Under Construction,1,Partial Vastu,Semi-Furnished,Near (1-2 km),11,12,1,1,1,1,0,5890000.0
2029,Bengaluru,HSR Layout / Whitefield,Mid-Tier,3,1556,2136,Under Construction,1,Full Vastu,Unfurnished,Walkable (<500m),2,4,1,1,1,0,5,21850000.0
2030,Pune,Baner / Viman Nagar,Mid-Tier,1,560,759,Under Construction,1,Full Vastu,Unfurnished,Near (1-2 km),1,4,1,1,1,1,2,6000000.0
2031,Mumbai,Bandra West / BKC,Upscale,2,810,1032,Ready to Move,0,Full Vastu,Semi-Furnished,Near (1-2 km),3,12,1,1,1,0,0,40810000.0
2032,Delhi NCR,"Cyber City, Gurgaon",Mid-Tier,2,749,976,Ready to Move,1,Full Vastu,Semi-Furnished,Distant (>3 km),5,12,1,0,0,1,8,13450000.0
2033,Mumbai,Andheri West / Powai,Mid-Tier,2,965,1251,Under Construction,1,Full Vastu,Semi-Furnished,Near (1-2 km),8,12,0,1,1,1,5,28960000.0
2034,Mumbai,South Mumbai (Worli/Malabar Hill),Prime / Ultra-Luxury,3,1475,1995,Under Construction,1,Full Vastu,Semi-Furnished,Near (1-2 km),2,7,0,1,1,0,2,97170000.0
2035,Mumbai,Bandra West / BKC,Upscale,2,1039,1368,Ready to Move,1,Partial Vastu,Unfurnished,Near (1-2 km),5,12,1,1,1,2,0,57290000.0
2036,Hyderabad,Banjara Hills / Gachibowli,Upscale,2,938,1188,Under Construction,1,Partial Vastu,Semi-Furnished,Walkable (<500m),1,4,1,1,1,1,5,16050000.0
2037,Bengaluru,HSR Layout / Whitefield,Mid-Tier,3,1597,2150,Ready to Move,0,Partial Vastu,Unfurnished,Walkable (<500m),2,12,1,1,1,2,2,16830000.0
2038,Hyderabad,Tellapur,Emerging,4,1815,2362,Ready to Move,1,Partial Vastu,Unfurnished,Walkable (<500m),6,12,1,1,0,1,2,11000000.0
2039,Mumbai,South Mumbai (Worli/Malabar Hill),Prime / Ultra-Luxury,3,1989,2554,Under Construction,1,Full Vastu,Semi-Furnished,Walkable (<500m),5,12,1,1,1,1,8,151750000.0
2040,Bengaluru,HSR Layout / Whitefield,Mid-Tier,4,2340,3039,Under Construction,1,Full Vastu,Semi-Furnished,Near (1-2 km),16,35,1,1,0,1,2,27290000.0
2041,Delhi NCR,South Delhi (Vasant Vihar),Upscale,3,1712,2251,Ready to Move,1,Full Vastu,Unfurnished,Distant (>3 km),8,22,1,1,1,1,0,50910000.0
2042,Hyderabad,Tellapur,Emerging,2,830,1075,Ready to Move,1,Partial Vastu,Unfurnished,Near (1-2 km),23,50,1,1,0,1,5,4510000.0
2043,Bengaluru,Indiranagar / Lavelle Road,Prime / Ultra-Luxury,2,993,1272,Ready to Move,1,Partial Vastu,Semi-Furnished,Near (1-2 km),29,50,1,1,1,1,12,33830000.0
2044,Delhi NCR,"Cyber City, Gurgaon",Mid-Tier,3,1247,1623,Under Construction,0,Full Vastu,Semi-Furnished,Near (1-2 km),10,22,1,1,1,2,12,19140000.0
2045,Pune,Baner / Viman Nagar,Mid-Tier,3,1655,2073,Ready to Move,1,Full Vastu,Unfurnished,Walkable (<500m),5,35,1,0,1,2,12,18200000.0
2046,Delhi NCR,"Cyber City, Gurgaon",Mid-Tier,3,1467,1981,Under Construction,1,Non-Vastu,Semi-Furnished,Walkable (<500m),11,22,1,1,1,0,2,22710000.0
2047,Mumbai,Andheri West / Powai,Mid-Tier,2,954,1214,New Launch,1,Partial Vastu,Unfurnished,Near (1-2 km),21,22,1,1,1,0,8,19380000.0
2048,Mumbai,Bandra West / BKC,Upscale,2,1049,1317,Under Construction,1,Partial Vastu,Semi-Furnished,Near (1-2 km),1,4,1,1,0,1,12,45700000.0
2049,Pune,Kalyani Nagar / Prabhat Road,Upscale,2,774,1033,Ready to Move,1,Full Vastu,Unfurnished,Distant (>3 km),3,4,1,1,1,0,5,11770000.0
2050,Mumbai,Bandra West / BKC,Upscale,2,852,1151,Under Construction,1,Full Vastu,Semi-Furnished,Walkable (<500m),20,22,0,1,0,0,2,36530000.0
2051,Pune,Kalyani Nagar / Prabhat Road,Upscale,2,1015,1376,Ready to Move,1,Partial Vastu,Unfurnished,Distant (>3 km),2,12,1,1,1,0,8,14670000.0
2052,Delhi NCR,"Cyber City, Gurgaon",Mid-Tier,3,2037,2677,Ready to Move,1,Partial Vastu,Semi-Furnished,Walkable (<500m),14,22,1,1,1,1,12,38120000.0
2053,Chennai,Nungambakkam / Anna Nagar,Upscale,2,930,1187,Ready to Move,1,Partial Vastu,Semi-Furnished,Near (1-2 km),1,7,1,1,1,1,30,10730000.0
2054,Hyderabad,Banjara Hills / Gachibowli,Upscale,1,566,762,Ready to Move,1,Partial Vastu,Semi-Furnished,Near (1-2 km),10,12,1,1,1,1,2,11190000.0
2055,Kolkata,New Town Action Area 1,Mid-Tier,2,934,1252,New Launch,1,Partial Vastu,Unfurnished,Walkable (<500m),10,22,0,1,1,3,20,7610000.0
2056,Bengaluru,Yelahanka / Devanahalli,Emerging,3,2001,2565,Ready to Move,0,Partial Vastu,Semi-Furnished,Walkable (<500m),11,35,1,1,1,1,5,11530000.0
2057,Hyderabad,HITEC City / Kondapur,Mid-Tier,2,701,959,Ready to Move,1,Full Vastu,Semi-Furnished,Walkable (<500m),3,4,0,1,0,1,2,8440000.0
2058,Bengaluru,Indiranagar / Lavelle Road,Prime / Ultra-Luxury,2,963,1217,New Launch,1,Full Vastu,Semi-Furnished,Walkable (<500m),3,22,1,1,1,1,30,22450000.0
2059,Delhi NCR,"Golf Course Road, Gurgaon",Prime / Ultra-Luxury,2,718,989,Ready to Move,1,Partial Vastu,Semi-Furnished,Near (1-2 km),19,22,1,1,0,1,12,33110000.0
2060,Delhi NCR,Dwarka Expressway,Emerging,2,592,806,Under Construction,1,Full Vastu,Semi-Furnished,Walkable (<500m),6,7,1,1,1,2,8,5320000.0
2061,Pune,Kalyani Nagar / Prabhat Road,Upscale,4,2507,3358,Ready to Move,1,Full Vastu,Semi-Furnished,Near (1-2 km),1,12,0,0,1,1,12,35110000.0
2062,Kolkata,Ballygunge / Alipore,Prime / Ultra-Luxury,4,2450,3361,Ready to Move,1,Partial Vastu,Semi-Furnished,Walkable (<500m),4,4,0,0,1,3,8,57030000.0
2063,Hyderabad,HITEC City / Kondapur,Mid-Tier,2,909,1222,New Launch,1,Non-Vastu,Fully Furnished,Near (1-2 km),1,4,1,1,1,1,2,8540000.0
2064,Bengaluru,HSR Layout / Whitefield,Mid-Tier,2,934,1191,Ready to Move,1,Full Vastu,Unfurnished,Near (1-2 km),3,12,1,1,0,2,20,10480000.0
2065,Bengaluru,HSR Layout / Whitefield,Mid-Tier,3,2270,2968,Ready to Move,1,Full Vastu,Unfurnished,Near (1-2 km),4,4,1,1,0,1,20,25540000.0
2066,Hyderabad,Banjara Hills / Gachibowli,Upscale,1,499,628,Ready to Move,1,Partial Vastu,Semi-Furnished,Near (1-2 km),5,7,1,1,1,2,2,8890000.0
2067,Mumbai,South Mumbai (Worli/Malabar Hill),Prime / Ultra-Luxury,2,1022,1329,Ready to Move,1,Partial Vastu,Fully Furnished,Walkable (<500m),18,22,1,1,0,1,2,74470000.0
2068,Mumbai,Navi Mumbai (Kharghar),Emerging,2,857,1154,Ready to Move,1,Partial Vastu,Fully Furnished,Near (1-2 km),6,12,1,1,1,1,2,12610000.0
2069,Bengaluru,Koramangala / Sadashivnagar,Upscale,4,2506,3258,Ready to Move,1,Full Vastu,Semi-Furnished,Walkable (<500m),10,12,1,1,0,1,12,52250000.0
2070,Bengaluru,HSR Layout / Whitefield,Mid-Tier,1,501,648,Ready to Move,1,Full Vastu,Semi-Furnished,Walkable (<500m),4,7,1,1,1,1,8,8320000.0
2071,Bengaluru,HSR Layout / Whitefield,Mid-Tier,2,891,1183,Under Construction,1,Partial Vastu,Semi-Furnished,Walkable (<500m),17,22,1,1,1,2,30,9350000.0
2072,Mumbai,Andheri West / Powai,Mid-Tier,3,1972,2689,Ready to Move,1,Partial Vastu,Semi-Furnished,Near (1-2 km),17,22,1,1,0,1,5,50930000.0
2073,Mumbai,Bandra West / BKC,Upscale,2,1117,1403,Ready to Move,0,Partial Vastu,Semi-Furnished,Near (1-2 km),8,12,0,1,1,1,8,46120000.0
2074,Mumbai,Bandra West / BKC,Upscale,1,530,689,Ready to Move,0,Full Vastu,Fully Furnished,Near (1-2 km),4,35,1,1,1,0,12,22060000.0
2075,Kolkata,New Town Action Area 1,Mid-Tier,4,1570,1995,New Launch,1,Full Vastu,Semi-Furnished,Walkable (<500m),15,22,1,1,1,1,0,14440000.0
2076,Bengaluru,Electronic City,Suburban,2,898,1204,New Launch,1,Full Vastu,Semi-Furnished,Walkable (<500m),1,22,1,1,0,2,5,8210000.0
2077,Bengaluru,Electronic City,Suburban,3,2178,2752,Under Construction,1,Non-Vastu,Semi-Furnished,Distant (>3 km),7,22,1,1,1,0,5,13180000.0
2078,Hyderabad,Jubilee Hills,Prime / Ultra-Luxury,2,917,1226,Under Construction,1,Partial Vastu,Semi-Furnished,Near (1-2 km),1,4,1,1,1,1,8,23940000.0
2079,Mumbai,Bandra West / BKC,Upscale,2,1107,1425,Ready to Move,1,Full Vastu,Semi-Furnished,Walkable (<500m),2,7,1,1,0,1,8,58060000.0
2080,Chennai,OMR (Perungudi),Suburban,2,1155,1474,Ready to Move,1,Full Vastu,Semi-Furnished,Near (1-2 km),3,4,1,1,0,2,8,8730000.0
2081,Hyderabad,HITEC City / Kondapur,Mid-Tier,1,537,737,Under Construction,1,Partial Vastu,Unfurnished,Walkable (<500m),1,4,1,1,1,1,2,5280000.0
2082,Mumbai,Thane West,Suburban,1,454,569,Under Construction,1,Full Vastu,Unfurnished,Walkable (<500m),1,7,0,1,1,0,0,8770000.0
2083,Bengaluru,Koramangala / Sadashivnagar,Upscale,3,983,1285,Ready to Move,1,Partial Vastu,Semi-Furnished,Walkable (<500m),12,35,1,1,1,2,8,22650000.0
2084,Pune,Baner / Viman Nagar,Mid-Tier,2,1047,1312,Ready to Move,1,Partial Vastu,Semi-Furnished,Walkable (<500m),1,7,1,0,1,0,2,12030000.0
2085,Chennai,Velachery / Adyar,Mid-Tier,2,833,1094,New Launch,1,Full Vastu,Unfurnished,Walkable (<500m),47,50,1,1,1,1,2,8720000.0
2086,Bengaluru,HSR Layout / Whitefield,Mid-Tier,2,975,1282,Under Construction,1,Full Vastu,Semi-Furnished,Distant (>3 km),8,12,1,1,1,0,2,10450000.0
2087,Delhi NCR,"Cyber City, Gurgaon",Mid-Tier,3,1259,1626,Ready to Move,1,Partial Vastu,Unfurnished,Near (1-2 km),7,7,1,1,1,0,0,21710000.0
2088,Mumbai,South Mumbai (Worli/Malabar Hill),Prime / Ultra-Luxury,1,499,632,Under Construction,1,Full Vastu,Unfurnished,Near (1-2 km),3,12,1,1,0,2,8,31130000.0
2089,Kolkata,New Town Action Area 1,Mid-Tier,2,954,1239,Ready to Move,1,Full Vastu,Fully Furnished,Near (1-2 km),3,7,0,1,1,1,8,8180000.0
2090,Mumbai,Bandra West / BKC,Upscale,1,540,722,Ready to Move,1,Non-Vastu,Fully Furnished,Distant (>3 km),44,50,1,1,1,1,5,20600000.0
2091,Chennai,Velachery / Adyar,Mid-Tier,1,433,585,Ready to Move,1,Partial Vastu,Unfurnished,Walkable (<500m),19,22,1,1,1,1,8,4690000.0
2092,Delhi NCR,Dwarka Expressway,Emerging,1,613,809,Ready to Move,1,Partial Vastu,Semi-Furnished,Near (1-2 km),2,4,1,0,1,1,2,4510000.0
2093,Delhi NCR,South Delhi (Vasant Vihar),Upscale,3,1411,1872,Ready to Move,1,Full Vastu,Unfurnished,Near (1-2 km),30,35,1,1,1,0,2,41980000.0
2094,Delhi NCR,Noida Sector 62,Suburban,1,389,496,Under Construction,1,Full Vastu,Fully Furnished,Walkable (<500m),14,22,1,0,1,1,12,4350000.0
2095,Mumbai,Bandra West / BKC,Upscale,1,511,658,Ready to Move,1,Full Vastu,Unfurnished,Walkable (<500m),4,4,1,1,0,1,2,23000000.0
2096,Mumbai,Andheri West / Powai,Mid-Tier,2,954,1213,Ready to Move,1,Full Vastu,Unfurnished,Near (1-2 km),7,12,1,1,1,2,0,33080000.0
2097,Mumbai,Navi Mumbai (Kharghar),Emerging,3,1587,2035,Ready to Move,1,Partial Vastu,Semi-Furnished,Near (1-2 km),9,12,1,1,1,1,8,20650000.0
2098,Mumbai,South Mumbai (Worli/Malabar Hill),Prime / Ultra-Luxury,2,1144,1463,Ready to Move,1,Full Vastu,Semi-Furnished,Walkable (<500m),3,7,1,1,1,1,2,81410000.0
2099,Hyderabad,Jubilee Hills,Prime / Ultra-Luxury,2,916,1207,Under Construction,1,Partial Vastu,Unfurnished,Near (1-2 km),12,22,1,1,1,1,0,25550000.0
2100,Bengaluru,HSR Layout / Whitefield,Mid-Tier,1,510,675,Under Construction,0,Full Vastu,Semi-Furnished,Near (1-2 km),3,4,1,1,1,1,0,6090000.0
2101,Mumbai,South Mumbai (Worli/Malabar Hill),Prime / Ultra-Luxury,2,792,1087,New Launch,1,Full Vastu,Unfurnished,Near (1-2 km),4,12,1,1,1,1,30,41100000.0
2102,Kolkata,New Town Action Area 1,Mid-Tier,2,1066,1360,New Launch,1,Non-Vastu,Fully Furnished,Near (1-2 km),1,4,1,0,1,2,5,9710000.0
2103,Pune,Wakad / Kharadi,Suburban,2,976,1301,Ready to Move,1,Full Vastu,Unfurnished,Near (1-2 km),37,50,1,1,0,0,0,7310000.0
2104,Chennai,Velachery / Adyar,Mid-Tier,2,890,1207,Ready to Move,1,Full Vastu,Fully Furnished,Near (1-2 km),8,22,1,1,1,1,8,9960000.0
2105,Kolkata,Park Street / Salt Lake Sec 5,Upscale,2,678,897,Under Construction,1,Full Vastu,Semi-Furnished,Distant (>3 km),3,7,1,1,1,1,12,6990000.0
2106,Mumbai,Andheri West / Powai,Mid-Tier,1,632,811,New Launch,1,Full Vastu,Semi-Furnished,Walkable (<500m),2,7,1,1,1,0,5,17290000.0
2107,Bengaluru,HSR Layout / Whitefield,Mid-Tier,2,775,995,Under Construction,1,Full Vastu,Fully Furnished,Walkable (<500m),4,7,1,1,0,2,0,11300000.0
2108,Hyderabad,Jubilee Hills,Prime / Ultra-Luxury,1,473,594,Under Construction,1,Full Vastu,Fully Furnished,Walkable (<500m),15,22,1,0,1,0,2,11440000.0
2109,Hyderabad,HITEC City / Kondapur,Mid-Tier,3,1633,2106,Under Construction,1,Partial Vastu,Semi-Furnished,Near (1-2 km),3,4,1,1,0,1,0,16780000.0
2110,Mumbai,Andheri West / Powai,Mid-Tier,4,1969,2652,Ready to Move,1,Partial Vastu,Unfurnished,Near (1-2 km),15,22,1,1,1,1,5,65050000.0
2111,Pune,Baner / Viman Nagar,Mid-Tier,4,1862,2339,Ready to Move,1,Full Vastu,Semi-Furnished,Near (1-2 km),14,35,1,1,0,0,5,20710000.0
2112,Mumbai,Bandra West / BKC,Upscale,3,1056,1350,Under Construction,1,Full Vastu,Semi-Furnished,Walkable (<500m),8,12,1,1,1,2,2,47480000.0
2113,Mumbai,Andheri West / Powai,Mid-Tier,3,1717,2304,Under Construction,0,Partial Vastu,Semi-Furnished,Walkable (<500m),2,7,0,1,1,1,5,41280000.0
2114,Delhi NCR,"Golf Course Road, Gurgaon",Prime / Ultra-Luxury,3,1423,1924,Ready to Move,1,Full Vastu,Semi-Furnished,Near (1-2 km),8,12,1,1,0,0,5,64300000.0
2115,Delhi NCR,South Delhi (Vasant Vihar),Upscale,2,1367,1790,Ready to Move,1,Partial Vastu,Unfurnished,Near (1-2 km),4,12,0,1,1,1,12,39070000.0
2116,Delhi NCR,Noida Sector 62,Suburban,3,1318,1767,Ready to Move,1,Partial Vastu,Semi-Furnished,Near (1-2 km),11,12,1,1,0,1,5,15500000.0
2117,Mumbai,Andheri West / Powai,Mid-Tier,2,818,1064,Ready to Move,1,Full Vastu,Semi-Furnished,Near (1-2 km),2,12,1,1,0,1,5,27100000.0
2118,Pune,Koregaon Park,Prime / Ultra-Luxury,2,869,1104,New Launch,1,Partial Vastu,Unfurnished,Near (1-2 km),12,12,1,1,1,1,12,17810000.0
2119,Bengaluru,Koramangala / Sadashivnagar,Upscale,3,1606,2091,Ready to Move,0,Non-Vastu,Semi-Furnished,Walkable (<500m),3,12,1,1,1,1,0,28550000.0
2120,Mumbai,Bandra West / BKC,Upscale,2,882,1169,Ready to Move,1,Partial Vastu,Semi-Furnished,Near (1-2 km),3,35,1,0,1,1,0,43990000.0
2121,Pune,Kalyani Nagar / Prabhat Road,Upscale,2,1037,1424,Ready to Move,1,Full Vastu,Semi-Furnished,Near (1-2 km),4,4,1,1,1,1,8,16930000.0
2122,Chennai,Nungambakkam / Anna Nagar,Upscale,4,2047,2577,Under Construction,0,Partial Vastu,Unfurnished,Near (1-2 km),11,12,1,1,0,1,2,26760000.0
2123,Pune,Koregaon Park,Prime / Ultra-Luxury,1,412,542,Ready to Move,1,Non-Vastu,Semi-Furnished,Walkable (<500m),13,22,1,1,0,0,2,10310000.0
2124,Pune,Baner / Viman Nagar,Mid-Tier,2,693,896,Ready to Move,1,Full Vastu,Unfurnished,Distant (>3 km),2,4,1,1,1,1,12,6540000.0
2125,Delhi NCR,"Cyber City, Gurgaon",Mid-Tier,4,1599,2104,Ready to Move,0,Partial Vastu,Semi-Furnished,Near (1-2 km),18,22,1,1,0,1,5,25800000.0
2126,Delhi NCR,"Cyber City, Gurgaon",Mid-Tier,3,1429,1791,Ready to Move,1,Full Vastu,Semi-Furnished,Walkable (<500m),19,22,0,1,0,1,8,26010000.0
2127,Mumbai,Andheri West / Powai,Mid-Tier,2,907,1171,Ready to Move,1,Full Vastu,Semi-Furnished,Near (1-2 km),12,12,1,1,1,0,8,26280000.0
2128,Bengaluru,Indiranagar / Lavelle Road,Prime / Ultra-Luxury,2,860,1167,Ready to Move,1,Partial Vastu,Unfurnished,Distant (>3 km),1,4,1,1,1,0,0,25260000.0
2129,Bengaluru,Yelahanka / Devanahalli,Emerging,2,1127,1490,New Launch,1,Partial Vastu,Semi-Furnished,Walkable (<500m),6,7,0,1,1,1,5,6140000.0
2130,Bengaluru,Electronic City,Suburban,3,1835,2401,Ready to Move,1,Partial Vastu,Fully Furnished,Near (1-2 km),3,7,1,0,0,1,20,15630000.0
2131,Hyderabad,Miyapur / Kukatpally,Suburban,2,902,1161,Ready to Move,1,Non-Vastu,Unfurnished,Near (1-2 km),1,7,1,0,1,1,5,6680000.0
2132,Delhi NCR,Noida Sector 62,Suburban,2,694,894,Under Construction,0,Full Vastu,Fully Furnished,Walkable (<500m),35,50,1,1,0,3,8,7540000.0
2133,Mumbai,Thane West,Suburban,1,475,617,Ready to Move,1,Full Vastu,Semi-Furnished,Near (1-2 km),1,12,1,0,0,1,5,9280000.0
2134,Mumbai,Andheri West / Powai,Mid-Tier,1,473,643,Under Construction,1,Non-Vastu,Semi-Furnished,Walkable (<500m),3,7,0,0,1,1,0,12600000.0
2135,Hyderabad,Banjara Hills / Gachibowli,Upscale,4,2163,2976,Ready to Move,1,Full Vastu,Unfurnished,Walkable (<500m),25,35,1,1,1,0,0,37780000.0
2136,Mumbai,Andheri West / Powai,Mid-Tier,2,850,1111,Ready to Move,1,Partial Vastu,Unfurnished,Walkable (<500m),8,22,1,1,1,1,2,29450000.0
2137,Pune,Baner / Viman Nagar,Mid-Tier,3,1398,1819,Under Construction,1,Full Vastu,Fully Furnished,Walkable (<500m),5,7,1,1,1,1,5,18840000.0
2138,Delhi NCR,"Cyber City, Gurgaon",Mid-Tier,1,489,665,New Launch,1,Full Vastu,Semi-Furnished,Walkable (<500m),4,12,1,0,1,1,5,9060000.0
2139,Delhi NCR,"Cyber City, Gurgaon",Mid-Tier,3,1402,1830,Ready to Move,1,Full Vastu,Unfurnished,Near (1-2 km),6,7,1,1,0,1,20,21480000.0
2140,Delhi NCR,"Golf Course Road, Gurgaon",Prime / Ultra-Luxury,4,2474,3270,Ready to Move,1,Full Vastu,Semi-Furnished,Walkable (<500m),11,50,1,1,1,1,0,130030000.0
2141,Pune,Kalyani Nagar / Prabhat Road,Upscale,2,1001,1281,Ready to Move,0,Partial Vastu,Unfurnished,Near (1-2 km),1,12,1,1,0,1,2,12610000.0
2142,Bengaluru,Electronic City,Suburban,1,448,603,New Launch,1,Partial Vastu,Semi-Furnished,Near (1-2 km),8,35,1,1,1,0,5,3200000.0
2143,Hyderabad,HITEC City / Kondapur,Mid-Tier,2,1131,1492,New Launch,1,Partial Vastu,Semi-Furnished,Walkable (<500m),6,7,1,1,1,1,20,8600000.0
2144,Delhi NCR,"Cyber City, Gurgaon",Mid-Tier,3,1322,1792,Ready to Move,1,Full Vastu,Fully Furnished,Near (1-2 km),2,22,1,1,0,0,5,28910000.0
2145,Bengaluru,Koramangala / Sadashivnagar,Upscale,2,719,972,Ready to Move,0,Full Vastu,Semi-Furnished,Near (1-2 km),4,4,1,0,1,1,8,12720000.0
2146,Pune,Kalyani Nagar / Prabhat Road,Upscale,3,1638,2093,Ready to Move,1,Full Vastu,Unfurnished,Near (1-2 km),9,50,1,1,1,1,8,27690000.0
2147,Hyderabad,Miyapur / Kukatpally,Suburban,3,1359,1825,Ready to Move,1,Full Vastu,Semi-Furnished,Walkable (<500m),21,35,1,1,1,1,5,12620000.0
2148,Delhi NCR,"Cyber City, Gurgaon",Mid-Tier,3,1624,2199,Ready to Move,1,Full Vastu,Semi-Furnished,Near (1-2 km),4,12,0,1,0,1,0,32240000.0
2149,Pune,Baner / Viman Nagar,Mid-Tier,3,991,1283,Ready to Move,1,Full Vastu,Semi-Furnished,Distant (>3 km),6,22,1,1,1,1,0,11600000.0
2150,Pune,Baner / Viman Nagar,Mid-Tier,1,628,799,Under Construction,1,Full Vastu,Fully Furnished,Near (1-2 km),1,22,1,1,1,1,0,7870000.0
2151,Hyderabad,HITEC City / Kondapur,Mid-Tier,2,1045,1307,New Launch,1,Full Vastu,Semi-Furnished,Walkable (<500m),35,35,1,0,0,0,0,10860000.0
2152,Pune,Kalyani Nagar / Prabhat Road,Upscale,2,736,963,New Launch,1,Full Vastu,Unfurnished,Near (1-2 km),3,7,1,1,1,2,2,9620000.0
2153,Hyderabad,HITEC City / Kondapur,Mid-Tier,4,1867,2419,Ready to Move,0,Partial Vastu,Fully Furnished,Walkable (<500m),12,12,1,1,1,1,5,19170000.0
2154,Hyderabad,HITEC City / Kondapur,Mid-Tier,3,1938,2562,Ready to Move,1,Full Vastu,Unfurnished,Near (1-2 km),7,22,1,0,1,2,0,24880000.0
2155,Delhi NCR,"Cyber City, Gurgaon",Mid-Tier,3,1378,1756,Under Construction,1,Full Vastu,Unfurnished,Walkable (<500m),11,22,1,0,1,2,0,24450000.0
2156,Hyderabad,HITEC City / Kondapur,Mid-Tier,2,831,1132,Ready to Move,1,Non-Vastu,Semi-Furnished,Walkable (<500m),8,12,1,1,1,1,8,9330000.0
2157,Mumbai,Thane West,Suburban,2,627,805,Under Construction,1,Full Vastu,Fully Furnished,Near (1-2 km),12,22,1,1,1,1,0,15060000.0
2158,Pune,Koregaon Park,Prime / Ultra-Luxury,3,1468,1878,Ready to Move,1,Partial Vastu,Semi-Furnished,Walkable (<500m),1,4,1,1,0,1,0,41790000.0
2159,Pune,Wakad / Kharadi,Suburban,2,917,1204,Ready to Move,1,Full Vastu,Unfurnished,Walkable (<500m),1,22,0,1,0,1,30,4570000.0
2160,Mumbai,Bandra West / BKC,Upscale,2,1051,1382,Ready to Move,1,Partial Vastu,Semi-Furnished,Walkable (<500m),4,7,1,1,1,1,0,66800000.0
2161,Pune,Baner / Viman Nagar,Mid-Tier,3,1224,1564,Ready to Move,1,Full Vastu,Unfurnished,Walkable (<500m),2,7,1,1,1,0,2,15920000.0
2162,Mumbai,South Mumbai (Worli/Malabar Hill),Prime / Ultra-Luxury,1,401,515,Under Construction,1,Partial Vastu,Unfurnished,Near (1-2 km),2,12,1,1,0,1,0,28100000.0
2163,Bengaluru,Koramangala / Sadashivnagar,Upscale,2,1014,1290,Ready to Move,1,Full Vastu,Unfurnished,Distant (>3 km),1,12,1,1,1,0,12,17780000.0
2164,Hyderabad,HITEC City / Kondapur,Mid-Tier,2,1093,1468,Ready to Move,1,Partial Vastu,Semi-Furnished,Walkable (<500m),5,12,1,1,1,1,5,12040000.0
2165,Mumbai,South Mumbai (Worli/Malabar Hill),Prime / Ultra-Luxury,1,397,536,Ready to Move,1,Full Vastu,Fully Furnished,Near (1-2 km),2,12,0,1,1,1,0,31470000.0
2166,Pune,Baner / Viman Nagar,Mid-Tier,5,4416,5785,Under Construction,1,Full Vastu,Unfurnished,Walkable (<500m),4,7,1,1,1,3,5,41890000.0
2167,Pune,Wakad / Kharadi,Suburban,2,955,1282,Ready to Move,1,Partial Vastu,Unfurnished,Near (1-2 km),1,7,1,1,1,1,0,7840000.0
2168,Delhi NCR,"Golf Course Road, Gurgaon",Prime / Ultra-Luxury,1,605,814,Ready to Move,1,Full Vastu,Semi-Furnished,Near (1-2 km),11,22,1,1,1,1,5,27930000.0
2169,Mumbai,Andheri West / Powai,Mid-Tier,2,939,1191,Ready to Move,0,Non-Vastu,Semi-Furnished,Walkable (<500m),3,12,1,1,1,1,5,22580000.0
2170,Bengaluru,HSR Layout / Whitefield,Mid-Tier,3,963,1325,Ready to Move,0,Full Vastu,Fully Furnished,Near (1-2 km),8,12,1,1,0,0,0,12970000.0
2171,Delhi NCR,"Cyber City, Gurgaon",Mid-Tier,2,928,1259,Ready to Move,0,Full Vastu,Unfurnished,Walkable (<500m),10,12,1,1,1,1,5,16590000.0
2172,Kolkata,Park Street / Salt Lake Sec 5,Upscale,2,1101,1406,Under Construction,1,Partial Vastu,Unfurnished,Walkable (<500m),26,35,1,1,1,1,5,16750000.0
2173,Delhi NCR,South Delhi (Vasant Vihar),Upscale,1,450,573,Ready to Move,1,Full Vastu,Semi-Furnished,Near (1-2 km),21,22,1,1,1,0,12,12460000.0
2174,Bengaluru,Koramangala / Sadashivnagar,Upscale,1,489,619,Ready to Move,1,Full Vastu,Semi-Furnished,Near (1-2 km),2,4,1,1,1,1,30,9230000.0
2175,Delhi NCR,"Golf Course Road, Gurgaon",Prime / Ultra-Luxury,2,924,1172,Under Construction,1,Partial Vastu,Semi-Furnished,Near (1-2 km),19,22,0,1,1,1,5,35640000.0
2176,Delhi NCR,South Delhi (Vasant Vihar),Upscale,3,875,1179,Ready to Move,1,Partial Vastu,Semi-Furnished,Near (1-2 km),24,50,1,0,1,0,12,22090000.0
2177,Hyderabad,HITEC City / Kondapur,Mid-Tier,3,1938,2541,Ready to Move,0,Non-Vastu,Unfurnished,Near (1-2 km),12,12,1,1,1,1,5,18390000.0
2178,Mumbai,Thane West,Suburban,1,449,607,Ready to Move,1,Full Vastu,Semi-Furnished,Near (1-2 km),12,50,1,1,0,1,12,8170000.0
2179,Hyderabad,Miyapur / Kukatpally,Suburban,2,1022,1377,Ready to Move,1,Full Vastu,Semi-Furnished,Walkable (<500m),9,12,1,1,1,1,2,9470000.0
2180,Delhi NCR,"Cyber City, Gurgaon",Mid-Tier,4,2368,3146,Under Construction,1,Full Vastu,Semi-Furnished,Near (1-2 km),11,12,1,1,1,1,5,39400000.0
2181,Kolkata,Ballygunge / Alipore,Prime / Ultra-Luxury,2,1129,1512,Under Construction,0,Full Vastu,Semi-Furnished,Near (1-2 km),3,7,1,1,1,0,12,15090000.0
2182,Bengaluru,Koramangala / Sadashivnagar,Upscale,3,1644,2059,Under Construction,1,Partial Vastu,Semi-Furnished,Near (1-2 km),7,12,0,0,0,1,12,24740000.0
2183,Delhi NCR,South Delhi (Vasant Vihar),Upscale,1,501,647,Under Construction,1,Full Vastu,Unfurnished,Near (1-2 km),1,7,1,1,0,1,0,14490000.0
2184,Chennai,Nungambakkam / Anna Nagar,Upscale,4,2078,2770,Ready to Move,1,Full Vastu,Unfurnished,Walkable (<500m),4,4,1,1,1,1,0,41250000.0
2185,Mumbai,Andheri West / Powai,Mid-Tier,3,1735,2171,Ready to Move,1,Full Vastu,Semi-Furnished,Walkable (<500m),4,4,1,1,1,0,20,47160000.0
2186,Chennai,Velachery / Adyar,Mid-Tier,4,1725,2164,Ready to Move,1,Partial Vastu,Unfurnished,Walkable (<500m),4,7,1,1,1,1,5,20240000.0
2187,Hyderabad,Banjara Hills / Gachibowli,Upscale,3,1700,2313,Ready to Move,1,Non-Vastu,Semi-Furnished,Near (1-2 km),6,12,1,1,1,1,30,21830000.0
2188,Mumbai,Bandra West / BKC,Upscale,2,793,1062,New Launch,1,Partial Vastu,Semi-Furnished,Near (1-2 km),7,12,1,1,0,1,8,30300000.0
2189,Bengaluru,Electronic City,Suburban,4,2850,3661,Under Construction,1,Full Vastu,Semi-Furnished,Distant (>3 km),4,7,1,1,0,1,8,22660000.0
2190,Hyderabad,HITEC City / Kondapur,Mid-Tier,2,972,1302,Ready to Move,1,Partial Vastu,Unfurnished,Near (1-2 km),6,50,0,1,1,1,2,9670000.0
2191,Mumbai,Bandra West / BKC,Upscale,2,1041,1408,Ready to Move,0,Partial Vastu,Fully Furnished,Distant (>3 km),2,7,1,1,1,1,2,48470000.0
2192,Delhi NCR,Noida Sector 62,Suburban,3,1569,2024,Ready to Move,1,Full Vastu,Unfurnished,Near (1-2 km),11,12,1,1,1,2,5,19150000.0
2193,Bengaluru,Yelahanka / Devanahalli,Emerging,3,1142,1433,Ready to Move,1,Full Vastu,Unfurnished,Distant (>3 km),1,4,1,1,1,1,12,7650000.0
2194,Delhi NCR,South Delhi (Vasant Vihar),Upscale,4,2090,2866,Ready to Move,1,Full Vastu,Semi-Furnished,Near (1-2 km),2,7,0,1,1,3,8,74600000.0
2195,Mumbai,Bandra West / BKC,Upscale,2,1045,1353,Ready to Move,1,Full Vastu,Semi-Furnished,Distant (>3 km),1,4,1,0,1,1,5,38560000.0
2196,Pune,Baner / Viman Nagar,Mid-Tier,3,1588,2007,Under Construction,1,Partial Vastu,Unfurnished,Walkable (<500m),9,12,1,1,0,1,8,15420000.0
2197,Kolkata,EM Bypass,Suburban,3,1824,2397,Under Construction,1,Full Vastu,Semi-Furnished,Walkable (<500m),3,22,0,1,1,1,8,10270000.0
2198,Kolkata,EM Bypass,Suburban,1,551,744,Ready to Move,1,Full Vastu,Semi-Furnished,Near (1-2 km),6,7,1,1,0,1,12,3380000.0
2199,Hyderabad,Jubilee Hills,Prime / Ultra-Luxury,2,812,1038,Ready to Move,1,Non-Vastu,Unfurnished,Distant (>3 km),6,12,1,1,0,1,2,19030000.0
2200,Mumbai,Bandra West / BKC,Upscale,2,836,1074,Ready to Move,1,Partial Vastu,Unfurnished,Walkable (<500m),4,4,1,1,0,0,0,45180000.0
2201,Hyderabad,HITEC City / Kondapur,Mid-Tier,2,964,1235,Under Construction,1,Partial Vastu,Semi-Furnished,Walkable (<500m),13,22,1,1,1,1,5,9830000.0
2202,Mumbai,Andheri West / Powai,Mid-Tier,5,2480,3420,Under Construction,1,Full Vastu,Semi-Furnished,Near (1-2 km),4,22,1,1,1,1,2,88060000.0
2203,Mumbai,Bandra West / BKC,Upscale,3,1939,2474,New Launch,1,Full Vastu,Unfurnished,Near (1-2 km),3,4,0,1,1,1,30,58030000.0
2204,Bengaluru,Electronic City,Suburban,3,1652,2189,Ready to Move,1,Full Vastu,Unfurnished,Walkable (<500m),6,12,0,1,0,1,0,13520000.0
2205,Delhi NCR,"Cyber City, Gurgaon",Mid-Tier,4,2841,3893,Under Construction,1,Full Vastu,Semi-Furnished,Near (1-2 km),33,35,1,0,0,1,20,45880000.0
2206,Hyderabad,Miyapur / Kukatpally,Suburban,2,724,919,Ready to Move,1,Full Vastu,Semi-Furnished,Distant (>3 km),9,12,1,1,1,1,20,4820000.0
2207,Hyderabad,Miyapur / Kukatpally,Suburban,3,1839,2531,Ready to Move,1,Partial Vastu,Unfurnished,Distant (>3 km),12,12,1,1,1,1,0,16090000.0
2208,Bengaluru,HSR Layout / Whitefield,Mid-Tier,2,1267,1740,Ready to Move,0,Full Vastu,Semi-Furnished,Walkable (<500m),9,12,1,1,1,1,12,14120000.0
2209,Bengaluru,HSR Layout / Whitefield,Mid-Tier,3,1242,1695,Ready to Move,1,Full Vastu,Unfurnished,Walkable (<500m),7,12,1,1,1,0,5,17920000.0
2210,Kolkata,New Town Action Area 1,Mid-Tier,2,1059,1353,Under Construction,1,Full Vastu,Unfurnished,Walkable (<500m),43,50,1,1,0,1,8,10200000.0
2211,Bengaluru,Koramangala / Sadashivnagar,Upscale,4,2400,3198,Ready to Move,1,Partial Vastu,Unfurnished,Walkable (<500m),13,50,1,1,0,1,0,47520000.0
2212,Bengaluru,HSR Layout / Whitefield,Mid-Tier,2,729,983,Ready to Move,1,Partial Vastu,Semi-Furnished,Walkable (<500m),1,22,1,0,0,1,20,9600000.0
2213,Mumbai,Bandra West / BKC,Upscale,2,1020,1406,Ready to Move,1,Partial Vastu,Semi-Furnished,Near (1-2 km),3,12,0,0,1,1,5,46910000.0
2214,Hyderabad,HITEC City / Kondapur,Mid-Tier,3,1743,2220,Ready to Move,1,Full Vastu,Semi-Furnished,Walkable (<500m),12,12,1,1,1,1,12,19360000.0
2215,Hyderabad,Banjara Hills / Gachibowli,Upscale,2,864,1166,Ready to Move,1,Full Vastu,Semi-Furnished,Distant (>3 km),5,12,1,1,1,2,8,16140000.0
2216,Mumbai,South Mumbai (Worli/Malabar Hill),Prime / Ultra-Luxury,3,1821,2356,Ready to Move,1,Full Vastu,Semi-Furnished,Distant (>3 km),36,50,0,1,0,1,5,118010000.0
2217,Mumbai,Bandra West / BKC,Upscale,2,712,906,Ready to Move,1,Full Vastu,Unfurnished,Walkable (<500m),5,22,0,1,0,1,0,38410000.0
2218,Hyderabad,Jubilee Hills,Prime / Ultra-Luxury,3,1202,1568,Ready to Move,1,Partial Vastu,Unfurnished,Distant (>3 km),7,12,1,1,1,1,0,28720000.0
2219,Delhi NCR,"Cyber City, Gurgaon",Mid-Tier,2,969,1311,New Launch,1,Non-Vastu,Fully Furnished,Near (1-2 km),1,4,1,1,1,0,5,13610000.0
2220,Bengaluru,HSR Layout / Whitefield,Mid-Tier,1,521,683,Ready to Move,0,Partial Vastu,Semi-Furnished,Near (1-2 km),1,12,1,1,1,1,12,5520000.0
2221,Chennai,Velachery / Adyar,Mid-Tier,2,847,1118,Ready to Move,1,Non-Vastu,Semi-Furnished,Walkable (<500m),37,50,1,1,0,1,0,9420000.0
2222,Mumbai,Bandra West / BKC,Upscale,2,1065,1469,Ready to Move,1,Partial Vastu,Unfurnished,Near (1-2 km),3,12,1,1,1,1,30,39810000.0
2223,Bengaluru,Indiranagar / Lavelle Road,Prime / Ultra-Luxury,2,1025,1334,Under Construction,1,Full Vastu,Semi-Furnished,Walkable (<500m),3,7,0,1,1,1,12,31460000.0
2224,Chennai,Boat Club / Poes Garden,Prime / Ultra-Luxury,2,1072,1426,Under Construction,1,Non-Vastu,Semi-Furnished,Near (1-2 km),3,4,0,0,1,2,2,27210000.0
2225,Bengaluru,Koramangala / Sadashivnagar,Upscale,2,932,1209,Ready to Move,0,Full Vastu,Unfurnished,Walkable (<500m),2,12,1,1,0,1,2,17060000.0
2226,Delhi NCR,Noida Sector 62,Suburban,1,567,738,Ready to Move,1,Partial Vastu,Semi-Furnished,Near (1-2 km),6,35,1,1,1,0,20,6480000.0
2227,Bengaluru,Koramangala / Sadashivnagar,Upscale,2,886,1188,Under Construction,1,Full Vastu,Semi-Furnished,Walkable (<500m),19,50,1,1,1,1,0,20440000.0
2228,Bengaluru,Koramangala / Sadashivnagar,Upscale,3,2027,2781,Under Construction,1,Full Vastu,Unfurnished,Walkable (<500m),1,35,1,1,1,1,2,40900000.0
2229,Kolkata,Ballygunge / Alipore,Prime / Ultra-Luxury,2,834,1101,Under Construction,1,Partial Vastu,Unfurnished,Near (1-2 km),7,22,1,0,1,2,0,17120000.0
2230,Bengaluru,Koramangala / Sadashivnagar,Upscale,2,1250,1687,Under Construction,1,Full Vastu,Unfurnished,Near (1-2 km),2,12,0,1,0,0,20,18940000.0
2231,Pune,Baner / Viman Nagar,Mid-Tier,3,1558,1966,Under Construction,1,Full Vastu,Unfurnished,Near (1-2 km),8,12,1,1,0,2,5,16750000.0
2232,Mumbai,Andheri West / Powai,Mid-Tier,2,753,962,Ready to Move,1,Full Vastu,Semi-Furnished,Walkable (<500m),3,12,1,1,1,1,2,28050000.0
2233,Mumbai,Bandra West / BKC,Upscale,3,1868,2457,Ready to Move,1,Full Vastu,Unfurnished,Distant (>3 km),1,22,1,1,1,1,2,75530000.0
2234,Mumbai,South Mumbai (Worli/Malabar Hill),Prime / Ultra-Luxury,2,967,1211,Under Construction,1,Non-Vastu,Unfurnished,Near (1-2 km),10,12,1,1,1,1,2,66670000.0
2235,Delhi NCR,South Delhi (Vasant Vihar),Upscale,2,1071,1374,Under Construction,1,Partial Vastu,Fully Furnished,Walkable (<500m),9,12,0,1,0,0,0,31170000.0
2236,Bengaluru,Koramangala / Sadashivnagar,Upscale,1,615,810,Ready to Move,1,Full Vastu,Semi-Furnished,Near (1-2 km),1,4,1,0,1,2,12,12740000.0
2237,Pune,Kalyani Nagar / Prabhat Road,Upscale,3,1628,2038,New Launch,1,Full Vastu,Semi-Furnished,Near (1-2 km),1,7,1,1,0,1,5,22730000.0
2238,Delhi NCR,Dwarka Expressway,Emerging,3,1412,1814,Ready to Move,1,Partial Vastu,Semi-Furnished,Walkable (<500m),10,22,0,1,1,1,8,12090000.0
2239,Kolkata,New Town Action Area 1,Mid-Tier,1,596,785,Ready to Move,1,Full Vastu,Fully Furnished,Near (1-2 km),27,35,1,1,1,2,0,7140000.0
2240,Mumbai,Andheri West / Powai,Mid-Tier,2,950,1258,Under Construction,1,Full Vastu,Unfurnished,Near (1-2 km),6,12,1,1,1,0,5,25650000.0
2241,Pune,Baner / Viman Nagar,Mid-Tier,4,2646,3626,Ready to Move,0,Full Vastu,Semi-Furnished,Near (1-2 km),2,4,1,1,1,2,0,29730000.0
2242,Hyderabad,HITEC City / Kondapur,Mid-Tier,2,643,858,Ready to Move,1,Partial Vastu,Semi-Furnished,Walkable (<500m),35,35,1,1,1,0,8,7140000.0
2243,Hyderabad,HITEC City / Kondapur,Mid-Tier,2,1013,1321,Ready to Move,0,Full Vastu,Unfurnished,Near (1-2 km),20,22,1,1,1,1,8,9880000.0
2244,Pune,Baner / Viman Nagar,Mid-Tier,4,2170,2975,Ready to Move,1,Full Vastu,Semi-Furnished,Walkable (<500m),8,12,1,1,1,1,0,27990000.0
2245,Hyderabad,HITEC City / Kondapur,Mid-Tier,3,1934,2615,Ready to Move,0,Full Vastu,Fully Furnished,Distant (>3 km),5,12,1,1,0,1,0,18700000.0
2246,Delhi NCR,South Delhi (Vasant Vihar),Upscale,2,1038,1324,Ready to Move,1,Full Vastu,Fully Furnished,Walkable (<500m),12,12,1,1,1,1,12,33020000.0
2247,Mumbai,Andheri West / Powai,Mid-Tier,3,1605,2034,Ready to Move,0,Partial Vastu,Unfurnished,Near (1-2 km),6,12,0,1,1,2,0,37960000.0
2248,Mumbai,Andheri West / Powai,Mid-Tier,3,1663,2225,New Launch,1,Full Vastu,Unfurnished,Near (1-2 km),26,35,1,1,0,1,5,43240000.0
2249,Chennai,OMR (Perungudi),Suburban,2,807,1067,New Launch,1,Full Vastu,Fully Furnished,Walkable (<500m),4,7,0,1,0,1,5,6340000.0
2250,Delhi NCR,"Cyber City, Gurgaon",Mid-Tier,2,1181,1597,Ready to Move,1,Full Vastu,Semi-Furnished,Near (1-2 km),2,4,1,1,1,1,0,25690000.0
2251,Hyderabad,HITEC City / Kondapur,Mid-Tier,2,1233,1660,Under Construction,1,Full Vastu,Unfurnished,Near (1-2 km),3,4,1,1,0,1,5,12460000.0
2252,Delhi NCR,"Golf Course Road, Gurgaon",Prime / Ultra-Luxury,4,2541,3383,Ready to Move,1,Partial Vastu,Semi-Furnished,Walkable (<500m),2,7,1,1,1,1,5,130700000.0
2253,Mumbai,Andheri West / Powai,Mid-Tier,3,1919,2645,Ready to Move,1,Partial Vastu,Unfurnished,Near (1-2 km),4,4,1,1,0,1,5,53970000.0
2254,Mumbai,South Mumbai (Worli/Malabar Hill),Prime / Ultra-Luxury,1,475,627,Ready to Move,1,Full Vastu,Unfurnished,Near (1-2 km),1,7,1,1,1,2,2,40270000.0
2255,Hyderabad,Banjara Hills / Gachibowli,Upscale,3,1364,1725,New Launch,1,Full Vastu,Fully Furnished,Walkable (<500m),2,4,1,1,0,2,12,23390000.0
2256,Bengaluru,Koramangala / Sadashivnagar,Upscale,2,955,1297,New Launch,1,Full Vastu,Unfurnished,Distant (>3 km),6,7,1,1,1,0,0,13940000.0
2257,Mumbai,Andheri West / Powai,Mid-Tier,1,553,709,Ready to Move,1,Partial Vastu,Unfurnished,Distant (>3 km),5,7,0,1,1,1,2,14590000.0
2258,Delhi NCR,South Delhi (Vasant Vihar),Upscale,2,893,1206,Ready to Move,1,Partial Vastu,Unfurnished,Walkable (<500m),4,4,1,1,1,0,2,32700000.0
2259,Mumbai,Bandra West / BKC,Upscale,2,1026,1410,Ready to Move,1,Full Vastu,Semi-Furnished,Near (1-2 km),1,12,1,1,1,2,12,47230000.0
2260,Delhi NCR,Noida Sector 62,Suburban,3,1621,2173,Ready to Move,1,Partial Vastu,Unfurnished,Walkable (<500m),10,12,1,1,1,2,0,23500000.0
2261,Bengaluru,Koramangala / Sadashivnagar,Upscale,2,807,1071,Ready to Move,1,Partial Vastu,Semi-Furnished,Near (1-2 km),4,4,1,1,1,2,8,17960000.0
2262,Hyderabad,HITEC City / Kondapur,Mid-Tier,3,1670,2187,Ready to Move,1,Non-Vastu,Semi-Furnished,Distant (>3 km),3,12,0,1,1,1,5,15400000.0
2263,Bengaluru,HSR Layout / Whitefield,Mid-Tier,2,1073,1392,Under Construction,1,Full Vastu,Semi-Furnished,Walkable (<500m),40,50,1,1,1,1,12,13860000.0
2264,Bengaluru,Indiranagar / Lavelle Road,Prime / Ultra-Luxury,1,533,691,Ready to Move,1,Full Vastu,Unfurnished,Near (1-2 km),23,35,1,1,1,1,5,16350000.0
2265,Mumbai,Andheri West / Powai,Mid-Tier,4,2814,3750,New Launch,1,Full Vastu,Semi-Furnished,Near (1-2 km),4,4,1,1,1,1,5,81390000.0
2266,Mumbai,South Mumbai (Worli/Malabar Hill),Prime / Ultra-Luxury,2,776,1046,Under Construction,1,Partial Vastu,Unfurnished,Walkable (<500m),10,22,1,1,1,0,8,47760000.0
2267,Bengaluru,HSR Layout / Whitefield,Mid-Tier,2,1016,1360,Ready to Move,0,Partial Vastu,Semi-Furnished,Distant (>3 km),10,12,1,1,1,2,5,11550000.0
2268,Delhi NCR,"Cyber City, Gurgaon",Mid-Tier,2,783,999,Under Construction,1,Partial Vastu,Semi-Furnished,Near (1-2 km),2,4,1,1,1,1,12,14910000.0
2269,Delhi NCR,"Cyber City, Gurgaon",Mid-Tier,3,1290,1695,Under Construction,1,Full Vastu,Unfurnished,Near (1-2 km),2,7,1,1,1,2,0,23070000.0
2270,Bengaluru,HSR Layout / Whitefield,Mid-Tier,2,860,1164,Ready to Move,1,Full Vastu,Semi-Furnished,Near (1-2 km),7,7,1,1,0,2,5,12560000.0
2271,Hyderabad,Banjara Hills / Gachibowli,Upscale,2,815,1069,Ready to Move,1,Full Vastu,Unfurnished,Walkable (<500m),4,12,1,1,1,2,8,13840000.0
2272,Pune,Koregaon Park,Prime / Ultra-Luxury,1,477,630,New Launch,1,Partial Vastu,Unfurnished,Walkable (<500m),1,12,1,1,1,1,12,9850000.0
2273,Hyderabad,HITEC City / Kondapur,Mid-Tier,2,919,1241,Ready to Move,1,Full Vastu,Semi-Furnished,Distant (>3 km),11,22,0,1,1,0,12,8260000.0
2274,Mumbai,Andheri West / Powai,Mid-Tier,3,1744,2330,Ready to Move,1,Full Vastu,Semi-Furnished,Near (1-2 km),3,7,0,1,1,1,5,53630000.0
2275,Delhi NCR,Noida Sector 62,Suburban,2,904,1178,Ready to Move,1,Partial Vastu,Unfurnished,Near (1-2 km),5,7,0,1,1,1,30,7460000.0
2276,Mumbai,Thane West,Suburban,2,724,989,Under Construction,1,Full Vastu,Unfurnished,Walkable (<500m),6,7,0,1,0,0,0,11630000.0
2277,Mumbai,Thane West,Suburban,2,1112,1414,Under Construction,1,Full Vastu,Unfurnished,Near (1-2 km),10,12,1,1,0,0,0,18960000.0
2278,Kolkata,New Town Action Area 1,Mid-Tier,2,830,1145,New Launch,0,Full Vastu,Semi-Furnished,Distant (>3 km),40,50,1,1,1,1,0,4680000.0
2279,Mumbai,Bandra West / BKC,Upscale,4,2378,3009,Ready to Move,1,Partial Vastu,Semi-Furnished,Walkable (<500m),2,22,1,1,1,2,30,90620000.0
2280,Delhi NCR,"Cyber City, Gurgaon",Mid-Tier,2,1013,1268,Ready to Move,1,Partial Vastu,Unfurnished,Walkable (<500m),2,50,0,0,1,2,2,23800000.0
2281,Delhi NCR,"Cyber City, Gurgaon",Mid-Tier,5,3913,5344,Ready to Move,0,Non-Vastu,Unfurnished,Near (1-2 km),8,12,1,1,1,0,8,54820000.0
2282,Hyderabad,Banjara Hills / Gachibowli,Upscale,2,1105,1416,Under Construction,1,Full Vastu,Semi-Furnished,Walkable (<500m),9,12,1,1,0,2,0,19580000.0
2283,Delhi NCR,Noida Sector 62,Suburban,2,1018,1369,Ready to Move,1,Non-Vastu,Semi-Furnished,Walkable (<500m),10,12,0,1,0,1,2,11560000.0
2284,Mumbai,Thane West,Suburban,3,1349,1828,Ready to Move,1,Partial Vastu,Semi-Furnished,Distant (>3 km),1,12,1,1,1,1,5,25890000.0
2285,Bengaluru,HSR Layout / Whitefield,Mid-Tier,2,1260,1716,Ready to Move,1,Partial Vastu,Fully Furnished,Distant (>3 km),2,12,1,1,1,1,5,18990000.0
2286,Delhi NCR,"Golf Course Road, Gurgaon",Prime / Ultra-Luxury,3,1595,2199,Ready to Move,1,Non-Vastu,Unfurnished,Near (1-2 km),4,22,1,1,1,1,0,66730000.0
2287,Mumbai,Bandra West / BKC,Upscale,5,3716,4787,Under Construction,1,Full Vastu,Fully Furnished,Near (1-2 km),12,12,1,1,1,1,5,174140000.0
2288,Bengaluru,Electronic City,Suburban,1,595,799,Under Construction,1,Full Vastu,Unfurnished,Near (1-2 km),3,7,1,1,0,1,0,5050000.0
2289,Mumbai,Thane West,Suburban,1,539,682,New Launch,1,Full Vastu,Fully Furnished,Near (1-2 km),1,22,1,1,1,1,5,9780000.0
2290,Mumbai,Bandra West / BKC,Upscale,3,1642,2139,Ready to Move,1,Partial Vastu,Unfurnished,Walkable (<500m),4,22,1,1,1,2,0,85950000.0
2291,Bengaluru,Indiranagar / Lavelle Road,Prime / Ultra-Luxury,2,1305,1775,New Launch,1,Partial Vastu,Semi-Furnished,Walkable (<500m),11,12,1,1,0,2,5,40790000.0
2292,Mumbai,Thane West,Suburban,2,910,1181,Under Construction,1,Partial Vastu,Semi-Furnished,Walkable (<500m),11,12,1,1,1,2,0,18860000.0
2293,Delhi NCR,South Delhi (Vasant Vihar),Upscale,1,495,657,Ready to Move,1,Full Vastu,Semi-Furnished,Walkable (<500m),2,4,1,1,1,1,5,16610000.0
2294,Hyderabad,HITEC City / Kondapur,Mid-Tier,1,529,696,New Launch,1,Full Vastu,Semi-Furnished,Walkable (<500m),10,12,0,1,1,1,0,7070000.0
2295,Pune,Hinjawadi Phase 3,Emerging,3,1799,2400,Ready to Move,1,Full Vastu,Semi-Furnished,Walkable (<500m),1,4,1,1,1,1,2,13040000.0
2296,Mumbai,South Mumbai (Worli/Malabar Hill),Prime / Ultra-Luxury,1,402,553,Under Construction,1,Partial Vastu,Fully Furnished,Walkable (<500m),1,4,0,1,1,1,2,31400000.0
2297,Mumbai,Andheri West / Powai,Mid-Tier,2,669,841,Under Construction,0,Full Vastu,Semi-Furnished,Walkable (<500m),8,12,1,1,1,2,8,18900000.0
2298,Mumbai,South Mumbai (Worli/Malabar Hill),Prime / Ultra-Luxury,3,1413,1872,Under Construction,1,Non-Vastu,Semi-Furnished,Near (1-2 km),2,7,1,1,0,1,5,83570000.0
2299,Delhi NCR,South Delhi (Vasant Vihar),Upscale,2,717,977,Ready to Move,1,Full Vastu,Unfurnished,Walkable (<500m),18,22,1,1,1,2,20,20920000.0
2300,Hyderabad,Miyapur / Kukatpally,Suburban,1,486,638,Ready to Move,1,Full Vastu,Fully Furnished,Near (1-2 km),27,35,1,1,1,1,20,3930000.0
2301,Mumbai,Andheri West / Powai,Mid-Tier,3,1666,2100,Ready to Move,1,Partial Vastu,Semi-Furnished,Walkable (<500m),3,4,1,1,0,1,8,56320000.0
2302,Chennai,GST Road (Tambaram),Emerging,1,450,595,Ready to Move,1,Full Vastu,Semi-Furnished,Near (1-2 km),3,22,1,0,1,1,8,2200000.0
2303,Mumbai,Andheri West / Powai,Mid-Tier,3,1218,1575,Under Construction,1,Full Vastu,Semi-Furnished,Distant (>3 km),4,12,1,1,0,0,5,28320000.0
2304,Delhi NCR,South Delhi (Vasant Vihar),Upscale,3,1566,1989,Under Construction,1,Full Vastu,Semi-Furnished,Near (1-2 km),3,4,0,1,1,1,8,41980000.0
2305,Hyderabad,Banjara Hills / Gachibowli,Upscale,2,1072,1458,New Launch,1,Full Vastu,Fully Furnished,Near (1-2 km),9,12,1,1,1,0,5,19780000.0
2306,Pune,Kalyani Nagar / Prabhat Road,Upscale,2,708,933,Ready to Move,1,Non-Vastu,Unfurnished,Distant (>3 km),3,12,0,1,1,1,2,9660000.0
2307,Hyderabad,Banjara Hills / Gachibowli,Upscale,2,1066,1462,Under Construction,1,Partial Vastu,Unfurnished,Walkable (<500m),1,12,1,1,1,1,2,19980000.0
2308,Pune,Koregaon Park,Prime / Ultra-Luxury,2,1066,1444,New Launch,0,Full Vastu,Unfurnished,Distant (>3 km),10,35,1,1,0,1,5,16990000.0
2309,Bengaluru,Koramangala / Sadashivnagar,Upscale,3,1771,2373,Under Construction,1,Partial Vastu,Semi-Furnished,Near (1-2 km),1,12,1,1,1,0,8,33410000.0
2310,Pune,Baner / Viman Nagar,Mid-Tier,3,1833,2292,Ready to Move,1,Full Vastu,Unfurnished,Near (1-2 km),28,50,1,1,1,1,2,19190000.0
2311,Mumbai,Andheri West / Powai,Mid-Tier,2,1263,1649,Ready to Move,1,Partial Vastu,Unfurnished,Walkable (<500m),11,12,1,1,1,1,0,38640000.0
2312,Pune,Baner / Viman Nagar,Mid-Tier,3,1467,1871,Ready to Move,1,Non-Vastu,Unfurnished,Near (1-2 km),2,4,1,1,1,2,5,14890000.0
2313,Delhi NCR,"Cyber City, Gurgaon",Mid-Tier,4,2439,3338,Under Construction,1,Partial Vastu,Semi-Furnished,Near (1-2 km),5,12,1,1,0,1,20,32740000.0
2314,Pune,Koregaon Park,Prime / Ultra-Luxury,4,2250,2864,Under Construction,1,Full Vastu,Semi-Furnished,Near (1-2 km),2,7,1,1,0,0,0,46520000.0
2315,Bengaluru,Koramangala / Sadashivnagar,Upscale,2,950,1223,New Launch,1,Full Vastu,Unfurnished,Near (1-2 km),7,12,1,1,1,1,5,16410000.0
2316,Delhi NCR,"Cyber City, Gurgaon",Mid-Tier,2,1168,1538,Ready to Move,1,Full Vastu,Fully Furnished,Walkable (<500m),7,12,1,1,1,1,30,18250000.0
2317,Delhi NCR,"Cyber City, Gurgaon",Mid-Tier,2,758,973,Ready to Move,1,Partial Vastu,Fully Furnished,Walkable (<500m),3,12,0,1,1,0,2,15270000.0
2318,Hyderabad,Jubilee Hills,Prime / Ultra-Luxury,4,2090,2670,Under Construction,0,Full Vastu,Unfurnished,Near (1-2 km),3,4,0,1,1,1,12,41140000.0
2319,Mumbai,Thane West,Suburban,1,627,833,Under Construction,1,Full Vastu,Semi-Furnished,Walkable (<500m),9,12,1,1,1,1,12,10560000.0
2320,Mumbai,Andheri West / Powai,Mid-Tier,2,1095,1381,New Launch,1,Non-Vastu,Semi-Furnished,Walkable (<500m),4,4,1,1,1,0,2,27390000.0
2321,Mumbai,Andheri West / Powai,Mid-Tier,2,898,1129,Under Construction,1,Full Vastu,Unfurnished,Walkable (<500m),3,12,1,1,0,0,0,24860000.0
2322,Mumbai,South Mumbai (Worli/Malabar Hill),Prime / Ultra-Luxury,2,1071,1391,Ready to Move,1,Full Vastu,Unfurnished,Walkable (<500m),5,22,1,1,1,1,0,101710000.0
2323,Pune,Baner / Viman Nagar,Mid-Tier,2,998,1341,Under Construction,1,Full Vastu,Semi-Furnished,Near (1-2 km),13,50,1,1,1,1,2,10660000.0
2324,Mumbai,Andheri West / Powai,Mid-Tier,5,4655,6154,Under Construction,0,Full Vastu,Semi-Furnished,Walkable (<500m),1,4,1,1,1,2,20,127640000.0
2325,Kolkata,New Town Action Area 1,Mid-Tier,1,525,685,Ready to Move,1,Full Vastu,Unfurnished,Distant (>3 km),8,12,1,1,0,1,2,4430000.0
2326,Bengaluru,HSR Layout / Whitefield,Mid-Tier,2,1096,1451,Ready to Move,1,Full Vastu,Semi-Furnished,Near (1-2 km),2,12,1,1,1,1,20,13190000.0
2327,Mumbai,Thane West,Suburban,1,726,942,Ready to Move,1,Full Vastu,Semi-Furnished,Near (1-2 km),10,35,0,1,1,1,0,15780000.0
2328,Hyderabad,HITEC City / Kondapur,Mid-Tier,2,1035,1420,Ready to Move,1,Full Vastu,Semi-Furnished,Walkable (<500m),10,12,1,0,1,1,20,9210000.0
2329,Delhi NCR,South Delhi (Vasant Vihar),Upscale,2,957,1203,Under Construction,1,Partial Vastu,Unfurnished,Near (1-2 km),3,4,1,1,1,1,2,27600000.0
2330,Delhi NCR,"Cyber City, Gurgaon",Mid-Tier,2,1052,1407,Ready to Move,0,Full Vastu,Semi-Furnished,Near (1-2 km),11,12,1,0,1,1,5,17240000.0
2331,Delhi NCR,"Cyber City, Gurgaon",Mid-Tier,2,897,1225,Ready to Move,1,Partial Vastu,Unfurnished,Distant (>3 km),12,12,1,1,0,1,0,15460000.0
2332,Hyderabad,HITEC City / Kondapur,Mid-Tier,2,1290,1747,Ready to Move,1,Full Vastu,Semi-Furnished,Near (1-2 km),13,22,1,1,0,1,2,15010000.0
2333,Mumbai,Bandra West / BKC,Upscale,1,534,680,Ready to Move,1,Full Vastu,Semi-Furnished,Near (1-2 km),8,22,1,1,1,1,0,29010000.0
2334,Kolkata,Park Street / Salt Lake Sec 5,Upscale,2,911,1174,Ready to Move,1,Non-Vastu,Semi-Furnished,Near (1-2 km),1,7,1,1,0,0,0,10390000.0
2335,Kolkata,EM Bypass,Suburban,4,2099,2819,Under Construction,1,Full Vastu,Semi-Furnished,Walkable (<500m),16,35,1,1,1,0,0,13100000.0
2336,Delhi NCR,"Cyber City, Gurgaon",Mid-Tier,4,2794,3523,Ready to Move,1,Full Vastu,Semi-Furnished,Walkable (<500m),1,4,1,1,0,2,5,68200000.0
2337,Mumbai,Thane West,Suburban,2,1073,1454,Ready to Move,1,Partial Vastu,Fully Furnished,Near (1-2 km),10,50,1,1,1,3,2,23360000.0
2338,Hyderabad,HITEC City / Kondapur,Mid-Tier,2,879,1181,Ready to Move,0,Partial Vastu,Semi-Furnished,Walkable (<500m),9,22,1,1,1,1,8,8170000.0
2339,Mumbai,Andheri West / Powai,Mid-Tier,4,2607,3506,Ready to Move,1,Full Vastu,Unfurnished,Walkable (<500m),1,12,1,1,1,1,8,82040000.0
2340,Mumbai,Andheri West / Powai,Mid-Tier,1,402,508,Ready to Move,1,Full Vastu,Semi-Furnished,Near (1-2 km),3,22,1,1,1,0,8,12670000.0
2341,Bengaluru,Electronic City,Suburban,3,1593,2140,Ready to Move,1,Partial Vastu,Unfurnished,Walkable (<500m),3,4,1,1,1,1,12,13800000.0
2342,Bengaluru,HSR Layout / Whitefield,Mid-Tier,4,2562,3429,Under Construction,1,Partial Vastu,Fully Furnished,Near (1-2 km),3,4,1,1,1,1,8,32130000.0
2343,Pune,Baner / Viman Nagar,Mid-Tier,1,653,887,Under Construction,0,Full Vastu,Semi-Furnished,Distant (>3 km),2,4,1,1,1,1,2,5110000.0
2344,Hyderabad,Banjara Hills / Gachibowli,Upscale,2,840,1055,Ready to Move,1,Full Vastu,Semi-Furnished,Walkable (<500m),1,4,1,0,1,1,2,14810000.0
2345,Hyderabad,HITEC City / Kondapur,Mid-Tier,4,1939,2430,Ready to Move,1,Full Vastu,Unfurnished,Walkable (<500m),7,12,1,1,0,1,5,19990000.0
2346,Bengaluru,HSR Layout / Whitefield,Mid-Tier,2,822,1067,New Launch,1,Full Vastu,Semi-Furnished,Walkable (<500m),7,7,1,1,1,2,5,10170000.0
2347,Bengaluru,Koramangala / Sadashivnagar,Upscale,1,415,527,Under Construction,1,Full Vastu,Fully Furnished,Walkable (<500m),18,22,1,1,1,1,2,10110000.0
2348,Bengaluru,Koramangala / Sadashivnagar,Upscale,2,1140,1508,Ready to Move,1,Full Vastu,Unfurnished,Walkable (<500m),8,12,1,1,1,0,5,23500000.0
2349,Kolkata,Park Street / Salt Lake Sec 5,Upscale,2,1170,1602,Under Construction,1,Full Vastu,Semi-Furnished,Walkable (<500m),5,12,1,1,1,0,0,16730000.0
2350,Mumbai,Bandra West / BKC,Upscale,3,1624,2113,Under Construction,1,Full Vastu,Fully Furnished,Near (1-2 km),10,12,1,1,1,2,0,72530000.0
2351,Pune,Kalyani Nagar / Prabhat Road,Upscale,3,1833,2493,Under Construction,0,Non-Vastu,Semi-Furnished,Walkable (<500m),1,7,1,1,0,2,8,22320000.0
2352,Delhi NCR,"Cyber City, Gurgaon",Mid-Tier,5,3876,4845,Ready to Move,1,Full Vastu,Semi-Furnished,Near (1-2 km),3,7,1,1,1,1,0,77800000.0
2353,Bengaluru,Electronic City,Suburban,2,936,1191,Ready to Move,1,Full Vastu,Semi-Furnished,Distant (>3 km),3,7,1,1,0,0,0,7530000.0
2354,Hyderabad,HITEC City / Kondapur,Mid-Tier,2,902,1131,Ready to Move,1,Full Vastu,Semi-Furnished,Near (1-2 km),9,22,0,1,0,2,2,10100000.0
2355,Delhi NCR,South Delhi (Vasant Vihar),Upscale,2,905,1170,New Launch,1,Non-Vastu,Unfurnished,Near (1-2 km),2,12,1,1,1,1,2,20870000.0
2356,Pune,Koregaon Park,Prime / Ultra-Luxury,2,729,997,Under Construction,1,Partial Vastu,Unfurnished,Walkable (<500m),3,7,1,1,1,0,2,16330000.0
2357,Chennai,Velachery / Adyar,Mid-Tier,2,987,1246,Ready to Move,1,Partial Vastu,Semi-Furnished,Near (1-2 km),8,22,1,1,1,2,2,11610000.0
2358,Bengaluru,Koramangala / Sadashivnagar,Upscale,4,2385,3169,New Launch,0,Full Vastu,Fully Furnished,Walkable (<500m),2,4,1,1,0,2,0,35490000.0
2359,Bengaluru,Electronic City,Suburban,3,1723,2255,New Launch,1,Partial Vastu,Unfurnished,Walkable (<500m),8,12,1,1,1,1,0,12280000.0
2360,Delhi NCR,"Cyber City, Gurgaon",Mid-Tier,2,963,1321,New Launch,1,Full Vastu,Unfurnished,Near (1-2 km),5,12,1,1,1,0,0,15510000.0
2361,Chennai,Velachery / Adyar,Mid-Tier,3,1512,1914,Under Construction,1,Full Vastu,Semi-Furnished,Walkable (<500m),6,22,1,1,1,1,2,18610000.0
2362,Mumbai,Bandra West / BKC,Upscale,2,825,1054,New Launch,1,Partial Vastu,Semi-Furnished,Walkable (<500m),15,35,0,1,0,1,2,30210000.0
2363,Delhi NCR,"Cyber City, Gurgaon",Mid-Tier,2,960,1204,Ready to Move,0,Partial Vastu,Unfurnished,Distant (>3 km),4,22,1,1,1,1,8,14190000.0
2364,Delhi NCR,South Delhi (Vasant Vihar),Upscale,3,1721,2248,Under Construction,1,Partial Vastu,Fully Furnished,Distant (>3 km),3,12,1,1,1,1,5,51240000.0
2365,Hyderabad,Miyapur / Kukatpally,Suburban,2,787,1012,Under Construction,1,Partial Vastu,Unfurnished,Walkable (<500m),1,7,1,1,1,2,5,5830000.0
2366,Mumbai,Andheri West / Powai,Mid-Tier,5,3849,5247,Ready to Move,1,Non-Vastu,Fully Furnished,Walkable (<500m),16,22,1,1,0,1,5,112580000.0
2367,Hyderabad,Banjara Hills / Gachibowli,Upscale,3,1604,2131,Ready to Move,1,Full Vastu,Semi-Furnished,Near (1-2 km),8,12,0,1,1,0,2,29510000.0
2368,Chennai,Nungambakkam / Anna Nagar,Upscale,2,847,1126,New Launch,1,Full Vastu,Semi-Furnished,Near (1-2 km),1,4,1,1,0,1,30,9940000.0
2369,Mumbai,Bandra West / BKC,Upscale,3,1413,1864,Ready to Move,1,Full Vastu,Semi-Furnished,Walkable (<500m),17,22,1,1,0,1,0,71130000.0
2370,Mumbai,Andheri West / Powai,Mid-Tier,2,982,1239,Under Construction,1,Partial Vastu,Semi-Furnished,Near (1-2 km),5,7,1,1,1,1,0,28470000.0
2371,Kolkata,Park Street / Salt Lake Sec 5,Upscale,2,788,1031,Ready to Move,1,Full Vastu,Unfurnished,Distant (>3 km),4,4,1,1,1,1,2,10120000.0
2372,Mumbai,Andheri West / Powai,Mid-Tier,2,999,1379,Ready to Move,1,Partial Vastu,Unfurnished,Walkable (<500m),8,35,1,1,1,0,12,31610000.0
2373,Pune,Kalyani Nagar / Prabhat Road,Upscale,2,822,1117,Ready to Move,1,Full Vastu,Semi-Furnished,Distant (>3 km),11,12,1,1,0,2,12,11750000.0
2374,Delhi NCR,"Cyber City, Gurgaon",Mid-Tier,3,1797,2455,Ready to Move,1,Full Vastu,Fully Furnished,Distant (>3 km),2,7,1,1,0,1,12,32210000.0
2375,Mumbai,Thane West,Suburban,2,1283,1741,Under Construction,1,Full Vastu,Semi-Furnished,Walkable (<500m),12,22,1,1,1,1,2,28610000.0
2376,Pune,Baner / Viman Nagar,Mid-Tier,3,1349,1704,Ready to Move,0,Full Vastu,Semi-Furnished,Near (1-2 km),20,35,1,1,1,1,12,12130000.0
2377,Bengaluru,HSR Layout / Whitefield,Mid-Tier,2,1026,1313,Ready to Move,1,Partial Vastu,Semi-Furnished,Walkable (<500m),3,4,1,1,0,1,0,14050000.0
2378,Delhi NCR,South Delhi (Vasant Vihar),Upscale,2,846,1058,Ready to Move,0,Full Vastu,Unfurnished,Near (1-2 km),5,12,1,1,1,1,5,20900000.0
2379,Bengaluru,Indiranagar / Lavelle Road,Prime / Ultra-Luxury,3,1792,2311,Ready to Move,1,Full Vastu,Semi-Furnished,Near (1-2 km),1,22,0,1,0,1,20,49300000.0
2380,Delhi NCR,"Cyber City, Gurgaon",Mid-Tier,2,769,972,Ready to Move,1,Full Vastu,Semi-Furnished,Walkable (<500m),5,7,0,0,1,1,8,14520000.0
2381,Mumbai,Bandra West / BKC,Upscale,2,1018,1335,Under Construction,1,Full Vastu,Semi-Furnished,Near (1-2 km),2,12,1,1,0,1,2,44700000.0
2382,Bengaluru,HSR Layout / Whitefield,Mid-Tier,2,825,1104,Ready to Move,1,Full Vastu,Semi-Furnished,Near (1-2 km),4,4,1,1,1,1,8,11760000.0
2383,Kolkata,Ballygunge / Alipore,Prime / Ultra-Luxury,2,920,1255,Ready to Move,1,Full Vastu,Fully Furnished,Walkable (<500m),5,22,1,1,1,1,2,24020000.0
2384,Bengaluru,Koramangala / Sadashivnagar,Upscale,1,439,592,Ready to Move,1,Partial Vastu,Fully Furnished,Walkable (<500m),22,22,0,1,1,1,0,9590000.0
2385,Delhi NCR,"Golf Course Road, Gurgaon",Prime / Ultra-Luxury,3,1741,2389,Ready to Move,1,Full Vastu,Semi-Furnished,Walkable (<500m),1,4,0,1,1,1,8,78190000.0
2386,Bengaluru,Electronic City,Suburban,2,830,1043,Ready to Move,1,Full Vastu,Semi-Furnished,Near (1-2 km),12,22,1,1,1,0,0,7360000.0
2387,Hyderabad,Banjara Hills / Gachibowli,Upscale,2,1028,1287,Ready to Move,1,Partial Vastu,Semi-Furnished,Distant (>3 km),19,22,1,1,0,1,0,16150000.0
2388,Mumbai,Andheri West / Powai,Mid-Tier,4,2276,3041,Under Construction,1,Full Vastu,Semi-Furnished,Near (1-2 km),6,7,1,1,1,1,5,53440000.0
2389,Kolkata,Ballygunge / Alipore,Prime / Ultra-Luxury,2,933,1201,New Launch,1,Full Vastu,Semi-Furnished,Near (1-2 km),6,12,0,1,1,2,5,16720000.0
2390,Bengaluru,HSR Layout / Whitefield,Mid-Tier,3,1584,2032,Under Construction,0,Full Vastu,Unfurnished,Near (1-2 km),3,4,1,1,1,2,0,19220000.0
2391,Mumbai,Bandra West / BKC,Upscale,1,460,595,Ready to Move,1,Full Vastu,Semi-Furnished,Walkable (<500m),17,35,1,0,0,0,0,24210000.0
2392,Mumbai,Thane West,Suburban,2,979,1258,Ready to Move,1,Partial Vastu,Semi-Furnished,Walkable (<500m),7,12,0,0,1,0,12,17900000.0
2393,Mumbai,Thane West,Suburban,3,1905,2508,Ready to Move,1,Full Vastu,Semi-Furnished,Near (1-2 km),12,12,1,1,1,1,0,40860000.0
2394,Delhi NCR,South Delhi (Vasant Vihar),Upscale,2,839,1097,Under Construction,0,Partial Vastu,Unfurnished,Near (1-2 km),11,12,1,1,1,1,5,18170000.0
2395,Bengaluru,Electronic City,Suburban,3,1822,2399,New Launch,0,Non-Vastu,Semi-Furnished,Near (1-2 km),3,12,1,1,1,1,20,8800000.0
2396,Pune,Hinjawadi Phase 3,Emerging,2,1163,1555,Ready to Move,1,Full Vastu,Semi-Furnished,Distant (>3 km),5,22,1,1,1,1,5,5890000.0
2397,Bengaluru,Electronic City,Suburban,1,456,593,Ready to Move,0,Full Vastu,Unfurnished,Near (1-2 km),4,12,1,1,0,1,0,2730000.0
2398,Mumbai,Thane West,Suburban,2,742,952,Under Construction,1,Full Vastu,Semi-Furnished,Near (1-2 km),15,35,1,1,1,1,2,15000000.0
2399,Delhi NCR,South Delhi (Vasant Vihar),Upscale,2,993,1263,Under Construction,0,Full Vastu,Fully Furnished,Walkable (<500m),1,12,1,1,1,1,5,26980000.0
2400,Hyderabad,HITEC City / Kondapur,Mid-Tier,3,1422,1842,Under Construction,1,Partial Vastu,Semi-Furnished,Distant (>3 km),4,7,1,1,0,0,8,13400000.0
2401,Mumbai,South Mumbai (Worli/Malabar Hill),Prime / Ultra-Luxury,2,1216,1637,Under Construction,1,Partial Vastu,Unfurnished,Near (1-2 km),29,35,1,1,1,0,5,75110000.0
2402,Mumbai,South Mumbai (Worli/Malabar Hill),Prime / Ultra-Luxury,4,2412,3252,New Launch,1,Full Vastu,Fully Furnished,Distant (>3 km),4,12,0,1,0,1,0,130730000.0
2403,Mumbai,Navi Mumbai (Kharghar),Emerging,4,2111,2822,Ready to Move,1,Full Vastu,Unfurnished,Walkable (<500m),1,12,1,1,0,0,0,27530000.0
2404,Hyderabad,Banjara Hills / Gachibowli,Upscale,2,786,1006,New Launch,1,Full Vastu,Fully Furnished,Near (1-2 km),43,50,1,1,0,2,2,13450000.0
2405,Delhi NCR,"Cyber City, Gurgaon",Mid-Tier,2,1105,1466,New Launch,1,Partial Vastu,Unfurnished,Near (1-2 km),2,4,0,1,1,0,8,15800000.0
2406,Delhi NCR,Noida Sector 62,Suburban,3,1417,1876,Under Construction,1,Partial Vastu,Unfurnished,Walkable (<500m),4,12,1,1,1,0,5,15250000.0
2407,Pune,Wakad / Kharadi,Suburban,4,2415,3171,Ready to Move,0,Partial Vastu,Semi-Furnished,Near (1-2 km),5,7,1,1,1,0,0,15110000.0
2408,Pune,Hinjawadi Phase 3,Emerging,2,1086,1435,Ready to Move,1,Full Vastu,Semi-Furnished,Distant (>3 km),4,12,1,1,1,1,8,5590000.0
2409,Delhi NCR,South Delhi (Vasant Vihar),Upscale,2,880,1156,Ready to Move,1,Partial Vastu,Semi-Furnished,Walkable (<500m),15,22,1,0,1,1,5,28320000.0
2410,Pune,Koregaon Park,Prime / Ultra-Luxury,2,943,1248,Ready to Move,1,Full Vastu,Semi-Furnished,Walkable (<500m),18,50,1,1,0,1,12,26520000.0
2411,Mumbai,Andheri West / Powai,Mid-Tier,3,1546,2076,Under Construction,0,Full Vastu,Semi-Furnished,Near (1-2 km),1,12,1,1,1,2,2,41670000.0
2412,Mumbai,Bandra West / BKC,Upscale,2,1047,1324,Ready to Move,0,Full Vastu,Semi-Furnished,Walkable (<500m),19,22,1,0,1,1,5,41400000.0
2413,Bengaluru,Indiranagar / Lavelle Road,Prime / Ultra-Luxury,3,1687,2273,Ready to Move,1,Full Vastu,Semi-Furnished,Near (1-2 km),12,35,1,1,1,0,2,55690000.0
2414,Mumbai,Bandra West / BKC,Upscale,1,502,636,Under Construction,1,Partial Vastu,Unfurnished,Near (1-2 km),9,12,1,1,1,1,8,19220000.0
2415,Delhi NCR,"Cyber City, Gurgaon",Mid-Tier,1,524,660,Ready to Move,1,Partial Vastu,Unfurnished,Walkable (<500m),6,7,1,1,1,2,8,11500000.0
2416,Chennai,Velachery / Adyar,Mid-Tier,2,897,1235,Ready to Move,1,Full Vastu,Semi-Furnished,Near (1-2 km),7,12,1,1,0,0,8,9210000.0
2417,Mumbai,Bandra West / BKC,Upscale,2,739,1016,Ready to Move,1,Non-Vastu,Unfurnished,Near (1-2 km),36,50,1,1,1,1,2,32450000.0
2418,Mumbai,Andheri West / Powai,Mid-Tier,2,986,1240,Under Construction,0,Full Vastu,Semi-Furnished,Near (1-2 km),8,50,1,1,0,1,5,22730000.0
2419,Bengaluru,Koramangala / Sadashivnagar,Upscale,2,1219,1594,Ready to Move,1,Partial Vastu,Semi-Furnished,Near (1-2 km),12,12,1,1,1,1,2,26480000.0
2420,Chennai,Boat Club / Poes Garden,Prime / Ultra-Luxury,2,824,1050,Under Construction,1,Partial Vastu,Unfurnished,Near (1-2 km),22,35,1,1,0,1,12,15550000.0
2421,Bengaluru,HSR Layout / Whitefield,Mid-Tier,2,839,1102,Ready to Move,1,Full Vastu,Semi-Furnished,Walkable (<500m),4,7,0,1,1,2,0,12900000.0
2422,Delhi NCR,"Cyber City, Gurgaon",Mid-Tier,2,825,1120,New Launch,1,Partial Vastu,Unfurnished,Walkable (<500m),1,7,1,1,1,0,0,15210000.0
2423,Mumbai,Andheri West / Powai,Mid-Tier,4,2660,3654,Ready to Move,1,Full Vastu,Semi-Furnished,Walkable (<500m),16,35,1,1,1,1,0,89280000.0
2424,Mumbai,South Mumbai (Worli/Malabar Hill),Prime / Ultra-Luxury,2,1013,1350,Ready to Move,1,Full Vastu,Semi-Furnished,Near (1-2 km),2,4,1,1,0,1,0,92180000.0
2425,Kolkata,EM Bypass,Suburban,2,927,1201,Ready to Move,1,Partial Vastu,Semi-Furnished,Distant (>3 km),5,7,1,1,0,0,0,5070000.0
2426,Kolkata,New Town Action Area 1,Mid-Tier,2,819,1088,Ready to Move,1,Partial Vastu,Unfurnished,Near (1-2 km),2,12,1,1,1,1,0,7620000.0
2427,Mumbai,Andheri West / Powai,Mid-Tier,5,3852,4971,Ready to Move,1,Partial Vastu,Semi-Furnished,Near (1-2 km),1,12,1,1,1,0,2,123120000.0
2428,Chennai,Velachery / Adyar,Mid-Tier,2,727,995,Ready to Move,1,Partial Vastu,Unfurnished,Walkable (<500m),6,12,0,1,1,1,0,8370000.0
2429,Delhi NCR,Noida Sector 62,Suburban,3,1583,2158,Ready to Move,0,Full Vastu,Semi-Furnished,Walkable (<500m),3,7,1,1,1,1,8,16500000.0
2430,Pune,Baner / Viman Nagar,Mid-Tier,3,1752,2317,Ready to Move,1,Full Vastu,Semi-Furnished,Distant (>3 km),2,35,0,1,1,0,0,16130000.0
2431,Bengaluru,HSR Layout / Whitefield,Mid-Tier,3,1259,1627,Ready to Move,1,Non-Vastu,Semi-Furnished,Near (1-2 km),25,35,1,0,1,0,12,13810000.0
2432,Delhi NCR,Dwarka Expressway,Emerging,1,400,515,Ready to Move,1,Full Vastu,Fully Furnished,Near (1-2 km),9,12,1,0,1,2,12,3900000.0
2433,Delhi NCR,"Cyber City, Gurgaon",Mid-Tier,3,1917,2405,Under Construction,1,Partial Vastu,Semi-Furnished,Walkable (<500m),1,12,1,1,1,1,0,37540000.0
2434,Delhi NCR,"Cyber City, Gurgaon",Mid-Tier,1,472,640,New Launch,1,Full Vastu,Unfurnished,Distant (>3 km),5,22,1,0,0,1,0,7320000.0
2435,Mumbai,Andheri West / Powai,Mid-Tier,2,1111,1454,Ready to Move,1,Partial Vastu,Unfurnished,Near (1-2 km),8,12,1,1,1,1,0,32170000.0
2436,Mumbai,Bandra West / BKC,Upscale,3,1514,1956,Ready to Move,1,Full Vastu,Fully Furnished,Near (1-2 km),4,12,1,0,1,1,5,78130000.0
2437,Bengaluru,Koramangala / Sadashivnagar,Upscale,2,926,1214,New Launch,1,Non-Vastu,Unfurnished,Walkable (<500m),3,12,1,1,0,0,5,14460000.0
2438,Hyderabad,HITEC City / Kondapur,Mid-Tier,3,1651,2239,Ready to Move,1,Partial Vastu,Semi-Furnished,Near (1-2 km),5,7,1,1,1,2,2,18270000.0
2439,Mumbai,Thane West,Suburban,1,451,571,New Launch,1,Non-Vastu,Semi-Furnished,Distant (>3 km),5,7,1,1,1,2,2,6310000.0
2440,Hyderabad,Miyapur / Kukatpally,Suburban,3,1580,2151,Ready to Move,1,Full Vastu,Semi-Furnished,Distant (>3 km),8,12,0,0,0,1,5,10220000.0
2441,Kolkata,Park Street / Salt Lake Sec 5,Upscale,2,895,1223,Under Construction,0,Partial Vastu,Semi-Furnished,Walkable (<500m),6,12,1,1,1,1,2,12700000.0
2442,Mumbai,Andheri West / Powai,Mid-Tier,2,761,1045,Ready to Move,1,Partial Vastu,Semi-Furnished,Walkable (<500m),18,22,1,1,1,2,20,25260000.0
2443,Hyderabad,Banjara Hills / Gachibowli,Upscale,1,546,711,New Launch,1,Partial Vastu,Semi-Furnished,Near (1-2 km),11,22,1,0,1,1,2,7270000.0
2444,Bengaluru,Yelahanka / Devanahalli,Emerging,4,2305,2946,Ready to Move,1,Non-Vastu,Semi-Furnished,Walkable (<500m),1,12,0,1,1,2,0,14430000.0
2445,Pune,Hinjawadi Phase 3,Emerging,1,507,658,Under Construction,1,Full Vastu,Semi-Furnished,Near (1-2 km),3,22,0,1,1,0,0,2490000.0
2446,Mumbai,Andheri West / Powai,Mid-Tier,2,777,1005,Ready to Move,1,Full Vastu,Semi-Furnished,Walkable (<500m),2,4,1,1,1,1,5,25760000.0
2447,Hyderabad,Miyapur / Kukatpally,Suburban,2,1176,1497,Ready to Move,1,Full Vastu,Semi-Furnished,Walkable (<500m),4,12,0,1,1,2,2,10220000.0
2448,Pune,Baner / Viman Nagar,Mid-Tier,3,1753,2330,Under Construction,1,Full Vastu,Semi-Furnished,Near (1-2 km),19,22,1,0,1,1,0,21220000.0
2449,Chennai,Velachery / Adyar,Mid-Tier,2,1087,1426,Ready to Move,1,Non-Vastu,Fully Furnished,Near (1-2 km),9,12,1,0,0,1,2,11150000.0
2450,Hyderabad,Jubilee Hills,Prime / Ultra-Luxury,1,496,676,New Launch,0,Full Vastu,Unfurnished,Near (1-2 km),5,12,1,1,0,1,2,11440000.0
2451,Delhi NCR,"Cyber City, Gurgaon",Mid-Tier,2,703,882,Ready to Move,1,Full Vastu,Unfurnished,Distant (>3 km),4,12,1,1,0,2,5,13280000.0
2452,Delhi NCR,"Cyber City, Gurgaon",Mid-Tier,2,1228,1638,Under Construction,1,Full Vastu,Fully Furnished,Walkable (<500m),16,35,1,1,0,0,0,23870000.0
2453,Pune,Baner / Viman Nagar,Mid-Tier,2,941,1270,Ready to Move,1,Full Vastu,Semi-Furnished,Near (1-2 km),10,12,1,1,1,2,8,10170000.0
2454,Delhi NCR,South Delhi (Vasant Vihar),Upscale,2,843,1137,New Launch,0,Full Vastu,Unfurnished,Walkable (<500m),9,22,1,1,0,1,2,18550000.0
2455,Mumbai,Thane West,Suburban,3,1646,2247,New Launch,1,Full Vastu,Semi-Furnished,Walkable (<500m),16,50,1,1,1,3,5,36500000.0
2456,Chennai,Nungambakkam / Anna Nagar,Upscale,2,1116,1501,Ready to Move,0,Full Vastu,Fully Furnished,Walkable (<500m),20,22,1,1,0,1,5,19160000.0
2457,Hyderabad,HITEC City / Kondapur,Mid-Tier,2,946,1297,Under Construction,1,Full Vastu,Semi-Furnished,Walkable (<500m),6,12,1,0,1,1,5,10910000.0
2458,Hyderabad,HITEC City / Kondapur,Mid-Tier,2,1132,1464,Under Construction,1,Non-Vastu,Semi-Furnished,Walkable (<500m),2,4,1,1,0,2,5,9860000.0
2459,Mumbai,Andheri West / Powai,Mid-Tier,4,2789,3669,Ready to Move,1,Full Vastu,Unfurnished,Walkable (<500m),10,12,1,1,1,0,2,85940000.0
2460,Delhi NCR,"Cyber City, Gurgaon",Mid-Tier,4,2012,2519,Under Construction,1,Full Vastu,Fully Furnished,Distant (>3 km),1,12,1,1,1,2,20,30250000.0
2461,Bengaluru,Koramangala / Sadashivnagar,Upscale,3,1393,1743,Ready to Move,0,Non-Vastu,Semi-Furnished,Near (1-2 km),18,22,0,1,0,0,5,20880000.0
2462,Delhi NCR,South Delhi (Vasant Vihar),Upscale,2,1086,1391,Under Construction,1,Partial Vastu,Fully Furnished,Distant (>3 km),4,12,1,1,0,0,2,26970000.0
2463,Mumbai,Andheri West / Powai,Mid-Tier,1,308,389,Ready to Move,0,Non-Vastu,Unfurnished,Near (1-2 km),41,50,1,1,1,1,2,7170000.0
2464,Delhi NCR,"Cyber City, Gurgaon",Mid-Tier,2,928,1191,Ready to Move,1,Non-Vastu,Unfurnished,Walkable (<500m),6,7,1,0,1,0,0,17400000.0
2465,Kolkata,Park Street / Salt Lake Sec 5,Upscale,2,746,950,Ready to Move,1,Full Vastu,Semi-Furnished,Walkable (<500m),6,22,1,1,1,1,8,12340000.0
2466,Mumbai,Andheri West / Powai,Mid-Tier,2,882,1106,Ready to Move,1,Partial Vastu,Unfurnished,Walkable (<500m),11,12,1,1,1,1,2,26640000.0
2467,Kolkata,New Town Action Area 1,Mid-Tier,3,1480,2025,Under Construction,1,Full Vastu,Semi-Furnished,Walkable (<500m),9,12,1,1,1,1,20,11390000.0
2468,Bengaluru,HSR Layout / Whitefield,Mid-Tier,3,1466,1834,New Launch,1,Full Vastu,Fully Furnished,Near (1-2 km),20,22,1,1,0,0,0,17520000.0
2469,Pune,Wakad / Kharadi,Suburban,3,1421,1912,Ready to Move,1,Partial Vastu,Semi-Furnished,Near (1-2 km),3,7,1,1,1,1,5,9900000.0
2470,Hyderabad,Banjara Hills / Gachibowli,Upscale,2,793,1007,Ready to Move,1,Full Vastu,Fully Furnished,Walkable (<500m),3,4,1,1,0,2,8,15380000.0
2471,Delhi NCR,"Golf Course Road, Gurgaon",Prime / Ultra-Luxury,3,2082,2849,Under Construction,1,Partial Vastu,Semi-Furnished,Walkable (<500m),12,12,1,1,1,2,12,98920000.0
2472,Hyderabad,HITEC City / Kondapur,Mid-Tier,2,1216,1661,Ready to Move,1,Partial Vastu,Semi-Furnished,Walkable (<500m),7,12,1,1,1,0,0,14760000.0
2473,Pune,Baner / Viman Nagar,Mid-Tier,1,429,573,Ready to Move,1,Full Vastu,Semi-Furnished,Walkable (<500m),22,22,1,1,1,2,30,3840000.0
2474,Bengaluru,HSR Layout / Whitefield,Mid-Tier,3,1917,2564,Ready to Move,1,Partial Vastu,Semi-Furnished,Walkable (<500m),50,50,1,1,1,1,12,25210000.0
2475,Bengaluru,Electronic City,Suburban,1,488,610,Ready to Move,1,Full Vastu,Semi-Furnished,Near (1-2 km),2,4,1,1,1,1,20,4470000.0
2476,Delhi NCR,Noida Sector 62,Suburban,2,968,1334,Ready to Move,1,Full Vastu,Semi-Furnished,Walkable (<500m),8,12,1,1,0,0,12,10700000.0
2477,Pune,Hinjawadi Phase 3,Emerging,2,940,1282,Under Construction,0,Partial Vastu,Semi-Furnished,Near (1-2 km),6,12,1,1,1,1,12,3500000.0
2478,Hyderabad,HITEC City / Kondapur,Mid-Tier,3,1396,1907,Ready to Move,1,Full Vastu,Unfurnished,Walkable (<500m),9,50,1,1,1,1,5,15080000.0
2479,Hyderabad,HITEC City / Kondapur,Mid-Tier,3,1778,2375,Under Construction,1,Partial Vastu,Semi-Furnished,Walkable (<500m),15,35,1,1,1,1,12,18140000.0
2480,Bengaluru,HSR Layout / Whitefield,Mid-Tier,2,967,1252,Ready to Move,1,Full Vastu,Fully Furnished,Near (1-2 km),16,22,1,1,1,2,5,13170000.0
2481,Pune,Kalyani Nagar / Prabhat Road,Upscale,3,1439,1966,Ready to Move,1,Full Vastu,Semi-Furnished,Near (1-2 km),4,12,1,1,1,1,5,24980000.0
2482,Mumbai,Andheri West / Powai,Mid-Tier,2,764,984,Under Construction,1,Partial Vastu,Semi-Furnished,Walkable (<500m),3,7,1,1,0,1,5,20530000.0
2483,Delhi NCR,South Delhi (Vasant Vihar),Upscale,2,822,1088,Ready to Move,1,Partial Vastu,Semi-Furnished,Distant (>3 km),11,12,1,1,1,1,30,15130000.0
2484,Mumbai,Thane West,Suburban,3,1168,1475,Ready to Move,1,Full Vastu,Semi-Furnished,Walkable (<500m),5,12,1,1,1,0,0,28490000.0
2485,Bengaluru,HSR Layout / Whitefield,Mid-Tier,3,1552,2126,Under Construction,1,Full Vastu,Semi-Furnished,Walkable (<500m),3,22,1,1,1,1,8,24420000.0
2486,Bengaluru,HSR Layout / Whitefield,Mid-Tier,5,3117,3953,Ready to Move,1,Partial Vastu,Fully Furnished,Near (1-2 km),11,12,1,1,0,1,2,45150000.0
2487,Bengaluru,Koramangala / Sadashivnagar,Upscale,2,912,1167,Under Construction,1,Full Vastu,Semi-Furnished,Near (1-2 km),2,22,0,1,0,0,2,18260000.0
2488,Hyderabad,Jubilee Hills,Prime / Ultra-Luxury,3,1868,2471,Ready to Move,1,Partial Vastu,Unfurnished,Walkable (<500m),2,12,1,1,0,1,0,53740000.0
2489,Bengaluru,Indiranagar / Lavelle Road,Prime / Ultra-Luxury,3,1828,2467,Under Construction,1,Full Vastu,Semi-Furnished,Walkable (<500m),4,22,1,1,1,2,2,53720000.0
2490,Bengaluru,HSR Layout / Whitefield,Mid-Tier,4,2388,3177,Ready to Move,1,Partial Vastu,Semi-Furnished,Near (1-2 km),3,4,1,1,0,1,30,24460000.0
2491,Mumbai,South Mumbai (Worli/Malabar Hill),Prime / Ultra-Luxury,2,937,1200,Ready to Move,1,Non-Vastu,Semi-Furnished,Walkable (<500m),1,7,1,1,0,2,2,67790000.0
2492,Bengaluru,HSR Layout / Whitefield,Mid-Tier,3,1987,2484,New Launch,1,Full Vastu,Unfurnished,Walkable (<500m),6,7,1,0,0,1,5,20710000.0
2493,Mumbai,Thane West,Suburban,2,1024,1381,Under Construction,0,Partial Vastu,Unfurnished,Near (1-2 km),26,35,0,1,1,2,0,15020000.0
2494,Mumbai,Thane West,Suburban,2,903,1244,Ready to Move,1,Partial Vastu,Fully Furnished,Distant (>3 km),4,4,1,1,0,1,20,13180000.0
2495,Delhi NCR,"Cyber City, Gurgaon",Mid-Tier,2,746,1011,Ready to Move,1,Partial Vastu,Unfurnished,Walkable (<500m),12,22,1,1,1,1,12,14020000.0
2496,Delhi NCR,South Delhi (Vasant Vihar),Upscale,2,1006,1318,Ready to Move,1,Full Vastu,Semi-Furnished,Near (1-2 km),1,7,1,1,1,1,2,34200000.0
2497,Delhi NCR,Noida Sector 62,Suburban,2,1068,1460,Under Construction,1,Partial Vastu,Semi-Furnished,Near (1-2 km),3,12,1,1,1,0,2,12850000.0
2498,Bengaluru,Electronic City,Suburban,3,1403,1829,Under Construction,1,Partial Vastu,Semi-Furnished,Near (1-2 km),16,35,1,0,0,2,2,11140000.0
2499,Bengaluru,Koramangala / Sadashivnagar,Upscale,2,991,1306,Under Construction,1,Partial Vastu,Unfurnished,Near (1-2 km),10,12,0,1,0,1,2,15430000.0
2500,Pune,Baner / Viman Nagar,Mid-Tier,3,1465,1922,Ready to Move,1,Partial Vastu,Semi-Furnished,Distant (>3 km),7,7,1,1,0,2,2,14250000.0
2501,Delhi NCR,South Delhi (Vasant Vihar),Upscale,2,923,1207,Under Construction,1,Full Vastu,Fully Furnished,Walkable (<500m),1,7,1,1,1,1,30,22170000.0
2502,Delhi NCR,Noida Sector 62,Suburban,1,325,439,Ready to Move,1,Non-Vastu,Semi-Furnished,Walkable (<500m),33,35,1,1,1,1,8,4410000.0
2503,Mumbai,Navi Mumbai (Kharghar),Emerging,2,918,1210,Ready to Move,1,Full Vastu,Semi-Furnished,Distant (>3 km),10,12,1,1,1,1,2,10900000.0
2504,Bengaluru,Indiranagar / Lavelle Road,Prime / Ultra-Luxury,2,1088,1405,Ready to Move,0,Full Vastu,Semi-Furnished,Near (1-2 km),9,12,1,1,1,0,30,25390000.0
2505,Bengaluru,Electronic City,Suburban,2,860,1104,New Launch,1,Full Vastu,Unfurnished,Near (1-2 km),7,12,1,1,1,2,0,7710000.0
2506,Bengaluru,HSR Layout / Whitefield,Mid-Tier,2,957,1201,Under Construction,0,Full Vastu,Fully Furnished,Near (1-2 km),10,12,0,1,0,1,2,11600000.0
2507,Delhi NCR,Dwarka Expressway,Emerging,2,842,1116,Ready to Move,1,Full Vastu,Fully Furnished,Near (1-2 km),6,7,1,1,1,3,5,8050000.0
2508,Delhi NCR,"Cyber City, Gurgaon",Mid-Tier,2,1001,1281,Under Construction,1,Full Vastu,Fully Furnished,Near (1-2 km),4,12,1,0,0,1,0,17980000.0
2509,Delhi NCR,Noida Sector 62,Suburban,2,919,1166,New Launch,1,Full Vastu,Semi-Furnished,Distant (>3 km),11,22,0,1,0,2,0,8250000.0
2510,Hyderabad,Jubilee Hills,Prime / Ultra-Luxury,2,816,1089,Ready to Move,0,Partial Vastu,Semi-Furnished,Near (1-2 km),4,7,1,1,1,1,2,17590000.0
2511,Pune,Kalyani Nagar / Prabhat Road,Upscale,1,623,834,Ready to Move,0,Full Vastu,Unfurnished,Walkable (<500m),22,22,1,1,0,1,8,9390000.0
2512,Hyderabad,Jubilee Hills,Prime / Ultra-Luxury,4,2734,3685,New Launch,1,Full Vastu,Semi-Furnished,Near (1-2 km),11,22,0,1,1,1,20,69430000.0
2513,Chennai,GST Road (Tambaram),Emerging,3,1409,1853,Under Construction,1,Full Vastu,Semi-Furnished,Walkable (<500m),2,35,1,1,1,2,5,8550000.0
2514,Mumbai,Thane West,Suburban,3,1665,2275,Ready to Move,1,Full Vastu,Fully Furnished,Near (1-2 km),5,7,1,1,1,2,5,35710000.0
2515,Mumbai,Thane West,Suburban,1,561,770,Ready to Move,1,Full Vastu,Semi-Furnished,Walkable (<500m),7,7,1,1,0,1,5,10280000.0
2516,Mumbai,Thane West,Suburban,3,1699,2302,Ready to Move,1,Partial Vastu,Fully Furnished,Walkable (<500m),22,22,1,1,0,1,2,34150000.0
2517,Delhi NCR,"Golf Course Road, Gurgaon",Prime / Ultra-Luxury,3,1156,1541,Ready to Move,1,Non-Vastu,Fully Furnished,Near (1-2 km),3,7,1,1,1,1,12,48560000.0
2518,Pune,Kalyani Nagar / Prabhat Road,Upscale,3,1784,2300,New Launch,0,Partial Vastu,Fully Furnished,Near (1-2 km),3,4,1,1,1,1,5,21820000.0
2519,Mumbai,South Mumbai (Worli/Malabar Hill),Prime / Ultra-Luxury,1,475,654,Ready to Move,1,Partial Vastu,Unfurnished,Near (1-2 km),5,22,1,1,1,3,0,37640000.0
2520,Chennai,Nungambakkam / Anna Nagar,Upscale,3,1466,1885,Under Construction,1,Full Vastu,Semi-Furnished,Near (1-2 km),5,7,1,0,1,1,0,24660000.0
2521,Mumbai,Bandra West / BKC,Upscale,3,2163,2761,Ready to Move,1,Full Vastu,Semi-Furnished,Walkable (<500m),8,12,1,1,1,1,30,91660000.0
2522,Chennai,Velachery / Adyar,Mid-Tier,2,993,1298,Ready to Move,1,Full Vastu,Semi-Furnished,Walkable (<500m),11,12,1,1,1,1,0,15360000.0
2523,Bengaluru,Koramangala / Sadashivnagar,Upscale,3,1460,1836,Ready to Move,1,Partial Vastu,Unfurnished,Near (1-2 km),21,22,1,1,0,1,20,29470000.0
2524,Mumbai,South Mumbai (Worli/Malabar Hill),Prime / Ultra-Luxury,2,635,875,Under Construction,1,Full Vastu,Semi-Furnished,Walkable (<500m),4,7,1,1,0,2,0,47860000.0
2525,Delhi NCR,South Delhi (Vasant Vihar),Upscale,2,1148,1523,Ready to Move,1,Partial Vastu,Unfurnished,Near (1-2 km),35,35,1,1,1,1,5,36430000.0
2526,Bengaluru,Koramangala / Sadashivnagar,Upscale,1,415,549,Under Construction,1,Full Vastu,Semi-Furnished,Near (1-2 km),9,12,1,1,1,0,2,7150000.0
2527,Bengaluru,Yelahanka / Devanahalli,Emerging,3,1316,1757,Ready to Move,0,Full Vastu,Semi-Furnished,Walkable (<500m),11,12,1,1,0,1,12,7930000.0
2528,Bengaluru,HSR Layout / Whitefield,Mid-Tier,1,494,649,Ready to Move,1,Non-Vastu,Fully Furnished,Near (1-2 km),3,7,0,1,1,1,5,6630000.0
2529,Pune,Hinjawadi Phase 3,Emerging,2,1151,1444,Ready to Move,1,Partial Vastu,Semi-Furnished,Walkable (<500m),2,7,0,1,1,1,0,6180000.0
2530,Delhi NCR,"Cyber City, Gurgaon",Mid-Tier,2,1060,1409,Ready to Move,1,Partial Vastu,Semi-Furnished,Near (1-2 km),6,12,1,1,1,0,2,22220000.0
2531,Bengaluru,Koramangala / Sadashivnagar,Upscale,2,927,1245,Under Construction,1,Partial Vastu,Semi-Furnished,Walkable (<500m),8,12,0,1,0,0,2,15390000.0
2532,Delhi NCR,"Cyber City, Gurgaon",Mid-Tier,1,544,709,Ready to Move,1,Partial Vastu,Unfurnished,Walkable (<500m),17,35,1,1,1,1,12,9970000.0
2533,Hyderabad,Banjara Hills / Gachibowli,Upscale,3,1410,1901,Under Construction,1,Partial Vastu,Semi-Furnished,Near (1-2 km),8,12,1,1,1,1,8,22380000.0
2534,Bengaluru,Koramangala / Sadashivnagar,Upscale,3,1582,2024,Ready to Move,1,Non-Vastu,Unfurnished,Near (1-2 km),1,12,1,1,1,1,12,24400000.0
2535,Bengaluru,Koramangala / Sadashivnagar,Upscale,2,960,1228,Ready to Move,0,Full Vastu,Fully Furnished,Near (1-2 km),9,12,1,1,1,1,0,19290000.0
2536,Mumbai,Bandra West / BKC,Upscale,1,595,756,Ready to Move,1,Partial Vastu,Semi-Furnished,Near (1-2 km),8,22,1,1,1,0,5,25810000.0
2537,Mumbai,Bandra West / BKC,Upscale,1,595,773,Ready to Move,1,Partial Vastu,Unfurnished,Near (1-2 km),6,12,1,1,1,0,30,20630000.0
2538,Hyderabad,Banjara Hills / Gachibowli,Upscale,3,1664,2263,Under Construction,0,Full Vastu,Semi-Furnished,Walkable (<500m),7,7,1,1,1,0,8,23620000.0
2539,Mumbai,Andheri West / Powai,Mid-Tier,2,898,1219,Under Construction,1,Partial Vastu,Semi-Furnished,Near (1-2 km),18,22,0,1,1,1,0,21270000.0
2540,Delhi NCR,"Golf Course Road, Gurgaon",Prime / Ultra-Luxury,2,1055,1371,Ready to Move,1,Non-Vastu,Semi-Furnished,Near (1-2 km),9,12,0,1,1,1,8,38920000.0
2541,Hyderabad,Banjara Hills / Gachibowli,Upscale,1,512,679,Ready to Move,1,Full Vastu,Unfurnished,Near (1-2 km),8,12,1,1,0,2,8,8760000.0
2542,Mumbai,Thane West,Suburban,3,1298,1744,Under Construction,0,Full Vastu,Fully Furnished,Near (1-2 km),4,12,1,1,1,1,5,20270000.0
2543,Delhi NCR,South Delhi (Vasant Vihar),Upscale,3,1456,1866,Under Construction,1,Full Vastu,Unfurnished,Distant (>3 km),18,22,1,1,0,1,0,34040000.0
2544,Bengaluru,Koramangala / Sadashivnagar,Upscale,3,1569,1996,Under Construction,0,Partial Vastu,Unfurnished,Walkable (<500m),5,7,1,1,1,1,0,23820000.0
2545,Kolkata,EM Bypass,Suburban,3,1761,2424,Ready to Move,1,Partial Vastu,Unfurnished,Distant (>3 km),2,4,0,1,1,1,20,7910000.0
2546,Delhi NCR,South Delhi (Vasant Vihar),Upscale,1,505,672,Ready to Move,1,Full Vastu,Semi-Furnished,Walkable (<500m),15,22,0,1,1,2,2,14410000.0
2547,Pune,Koregaon Park,Prime / Ultra-Luxury,1,425,585,New Launch,1,Full Vastu,Unfurnished,Walkable (<500m),2,4,0,1,1,2,2,9010000.0
2548,Delhi NCR,"Cyber City, Gurgaon",Mid-Tier,1,524,678,Under Construction,1,Full Vastu,Unfurnished,Walkable (<500m),1,22,1,1,1,0,8,10150000.0
2549,Mumbai,Bandra West / BKC,Upscale,2,966,1296,Ready to Move,1,Partial Vastu,Semi-Furnished,Near (1-2 km),3,4,0,1,1,1,8,38120000.0
2550,Delhi NCR,"Cyber City, Gurgaon",Mid-Tier,1,534,683,Under Construction,1,Full Vastu,Semi-Furnished,Walkable (<500m),1,12,1,0,1,1,20,9320000.0
2551,Chennai,OMR (Perungudi),Suburban,2,1081,1388,Under Construction,1,Full Vastu,Unfurnished,Distant (>3 km),3,4,1,1,1,2,0,6390000.0
2552,Delhi NCR,South Delhi (Vasant Vihar),Upscale,2,1095,1442,Ready to Move,1,Partial Vastu,Unfurnished,Near (1-2 km),6,12,1,1,0,1,8,31350000.0
2553,Pune,Baner / Viman Nagar,Mid-Tier,4,2186,2823,Ready to Move,1,Full Vastu,Semi-Furnished,Near (1-2 km),5,12,0,0,1,0,0,28900000.0
2554,Pune,Baner / Viman Nagar,Mid-Tier,3,1406,1788,Ready to Move,1,Full Vastu,Unfurnished,Near (1-2 km),4,7,0,1,1,1,0,16220000.0
2555,Mumbai,Bandra West / BKC,Upscale,3,1308,1680,Ready to Move,1,Full Vastu,Semi-Furnished,Distant (>3 km),10,12,1,1,1,1,0,60980000.0
2556,Mumbai,Andheri West / Powai,Mid-Tier,3,1712,2148,Under Construction,1,Full Vastu,Unfurnished,Near (1-2 km),3,35,1,1,1,1,5,46430000.0
2557,Delhi NCR,South Delhi (Vasant Vihar),Upscale,1,633,849,Ready to Move,1,Full Vastu,Unfurnished,Near (1-2 km),6,12,0,1,0,2,8,19070000.0
2558,Bengaluru,HSR Layout / Whitefield,Mid-Tier,3,1476,1939,Under Construction,1,Non-Vastu,Semi-Furnished,Near (1-2 km),20,22,1,0,1,0,2,17240000.0
2559,Pune,Koregaon Park,Prime / Ultra-Luxury,2,915,1155,New Launch,1,Partial Vastu,Unfurnished,Near (1-2 km),14,35,1,0,1,2,0,19950000.0
2560,Chennai,Velachery / Adyar,Mid-Tier,3,1891,2406,Ready to Move,1,Partial Vastu,Unfurnished,Near (1-2 km),28,50,1,0,0,2,5,19140000.0
2561,Bengaluru,Koramangala / Sadashivnagar,Upscale,2,1022,1291,Ready to Move,1,Non-Vastu,Semi-Furnished,Walkable (<500m),4,35,1,0,1,2,0,22330000.0
2562,Mumbai,Thane West,Suburban,5,4048,5382,Under Construction,1,Full Vastu,Fully Furnished,Near (1-2 km),7,7,0,1,1,1,0,65980000.0
2563,Hyderabad,Jubilee Hills,Prime / Ultra-Luxury,2,780,985,Under Construction,0,Full Vastu,Semi-Furnished,Walkable (<500m),17,50,1,1,0,1,5,16630000.0
2564,Bengaluru,HSR Layout / Whitefield,Mid-Tier,2,1046,1410,Under Construction,1,Full Vastu,Semi-Furnished,Walkable (<500m),5,22,1,1,1,0,2,16390000.0
2565,Pune,Baner / Viman Nagar,Mid-Tier,4,2065,2587,Ready to Move,1,Partial Vastu,Fully Furnished,Near (1-2 km),6,22,1,1,1,2,5,26070000.0
2566,Bengaluru,HSR Layout / Whitefield,Mid-Tier,1,431,553,Ready to Move,1,Partial Vastu,Fully Furnished,Distant (>3 km),2,4,1,1,1,1,5,5590000.0
2567,Delhi NCR,"Cyber City, Gurgaon",Mid-Tier,3,1469,2006,Ready to Move,1,Full Vastu,Semi-Furnished,Distant (>3 km),8,35,1,1,0,0,0,23940000.0
2568,Mumbai,Andheri West / Powai,Mid-Tier,3,1413,1898,New Launch,1,Full Vastu,Semi-Furnished,Near (1-2 km),3,22,0,0,0,1,12,37530000.0
2569,Delhi NCR,"Cyber City, Gurgaon",Mid-Tier,3,1498,1887,Ready to Move,1,Full Vastu,Semi-Furnished,Near (1-2 km),22,22,1,1,1,1,5,28360000.0
2570,Bengaluru,Electronic City,Suburban,4,1881,2552,New Launch,1,Full Vastu,Unfurnished,Walkable (<500m),4,4,0,1,1,1,0,14120000.0
2571,Delhi NCR,South Delhi (Vasant Vihar),Upscale,4,2745,3607,Ready to Move,1,Partial Vastu,Semi-Furnished,Near (1-2 km),1,7,0,1,1,1,5,80120000.0
2572,Mumbai,Andheri West / Powai,Mid-Tier,1,607,826,New Launch,1,Full Vastu,Fully Furnished,Walkable (<500m),25,50,1,1,1,1,5,17280000.0
2573,Hyderabad,Miyapur / Kukatpally,Suburban,3,1097,1457,Under Construction,1,Non-Vastu,Semi-Furnished,Walkable (<500m),4,12,1,1,1,1,8,6510000.0
2574,Pune,Hinjawadi Phase 3,Emerging,3,1777,2379,Ready to Move,1,Full Vastu,Semi-Furnished,Near (1-2 km),11,12,1,1,1,1,8,8780000.0
2575,Mumbai,Thane West,Suburban,3,1361,1877,Under Construction,1,Partial Vastu,Semi-Furnished,Walkable (<500m),5,22,1,1,0,1,20,20730000.0
2576,Mumbai,Bandra West / BKC,Upscale,1,586,750,Ready to Move,1,Non-Vastu,Semi-Furnished,Walkable (<500m),3,4,1,1,1,0,30,19670000.0
2577,Mumbai,Bandra West / BKC,Upscale,3,1534,2042,Ready to Move,1,Non-Vastu,Semi-Furnished,Near (1-2 km),4,12,1,1,1,1,5,61050000.0
2578,Delhi NCR,"Cyber City, Gurgaon",Mid-Tier,5,3816,4998,Ready to Move,1,Full Vastu,Semi-Furnished,Walkable (<500m),9,12,1,1,0,0,5,67090000.0
2579,Delhi NCR,"Cyber City, Gurgaon",Mid-Tier,4,2333,2928,Ready to Move,1,Full Vastu,Semi-Furnished,Walkable (<500m),7,7,1,1,1,2,0,51720000.0
2580,Delhi NCR,"Cyber City, Gurgaon",Mid-Tier,2,1122,1405,Ready to Move,1,Full Vastu,Semi-Furnished,Walkable (<500m),7,7,1,1,1,1,12,22010000.0
2581,Mumbai,Andheri West / Powai,Mid-Tier,1,423,535,Under Construction,1,Full Vastu,Fully Furnished,Walkable (<500m),3,7,1,1,1,1,0,14790000.0
2582,Bengaluru,Electronic City,Suburban,2,1036,1382,Under Construction,1,Partial Vastu,Fully Furnished,Walkable (<500m),7,7,1,0,1,1,5,8180000.0
2583,Delhi NCR,South Delhi (Vasant Vihar),Upscale,3,1806,2391,Ready to Move,1,Non-Vastu,Unfurnished,Near (1-2 km),3,12,1,1,1,1,0,50970000.0
2584,Delhi NCR,Noida Sector 62,Suburban,3,1716,2268,Under Construction,1,Full Vastu,Fully Furnished,Walkable (<500m),16,35,1,0,1,1,2,19680000.0
2585,Kolkata,New Town Action Area 1,Mid-Tier,2,1281,1607,Under Construction,1,Full Vastu,Unfurnished,Near (1-2 km),7,12,1,1,1,1,0,12190000.0
2586,Mumbai,Bandra West / BKC,Upscale,1,478,627,New Launch,1,Full Vastu,Unfurnished,Walkable (<500m),6,7,0,0,1,0,0,19750000.0
2587,Hyderabad,HITEC City / Kondapur,Mid-Tier,2,1086,1488,Under Construction,1,Partial Vastu,Semi-Furnished,Near (1-2 km),5,7,1,1,0,1,0,11810000.0
2588,Bengaluru,HSR Layout / Whitefield,Mid-Tier,2,934,1216,Ready to Move,1,Non-Vastu,Unfurnished,Near (1-2 km),1,22,1,1,1,2,2,13550000.0
2589,Bengaluru,Koramangala / Sadashivnagar,Upscale,4,2844,3786,Ready to Move,1,Full Vastu,Unfurnished,Near (1-2 km),19,50,1,1,1,1,2,61310000.0
2590,Hyderabad,Banjara Hills / Gachibowli,Upscale,3,1548,2092,Under Construction,1,Full Vastu,Semi-Furnished,Near (1-2 km),5,7,1,1,1,0,5,27520000.0
2591,Hyderabad,Tellapur,Emerging,2,894,1209,Ready to Move,1,Partial Vastu,Semi-Furnished,Distant (>3 km),3,7,1,1,1,0,2,4220000.0
2592,Kolkata,Park Street / Salt Lake Sec 5,Upscale,2,1136,1497,Ready to Move,1,Partial Vastu,Unfurnished,Walkable (<500m),1,12,1,1,0,1,5,14390000.0
2593,Mumbai,Andheri West / Powai,Mid-Tier,1,481,655,Ready to Move,1,Full Vastu,Semi-Furnished,Near (1-2 km),7,22,1,1,0,1,12,15200000.0
2594,Mumbai,Andheri West / Powai,Mid-Tier,4,1891,2460,Ready to Move,1,Partial Vastu,Semi-Furnished,Distant (>3 km),1,12,1,1,1,1,5,53160000.0
2595,Hyderabad,HITEC City / Kondapur,Mid-Tier,2,876,1196,Ready to Move,1,Non-Vastu,Semi-Furnished,Walkable (<500m),10,12,1,1,1,0,0,10790000.0
2596,Delhi NCR,"Cyber City, Gurgaon",Mid-Tier,2,1038,1330,Ready to Move,1,Partial Vastu,Fully Furnished,Walkable (<500m),13,22,1,1,1,1,0,25220000.0
2597,Bengaluru,Koramangala / Sadashivnagar,Upscale,2,1148,1477,Ready to Move,1,Partial Vastu,Semi-Furnished,Walkable (<500m),22,50,1,1,0,1,2,23200000.0
2598,Mumbai,Andheri West / Powai,Mid-Tier,3,1575,1980,Under Construction,1,Full Vastu,Unfurnished,Near (1-2 km),6,7,1,1,1,1,20,36040000.0
2599,Mumbai,Bandra West / BKC,Upscale,3,1856,2512,Ready to Move,1,Partial Vastu,Unfurnished,Walkable (<500m),23,50,1,1,1,1,0,101500000.0
2600,Pune,Baner / Viman Nagar,Mid-Tier,3,1234,1609,Ready to Move,1,Full Vastu,Semi-Furnished,Walkable (<500m),12,12,1,1,1,0,8,13710000.0
2601,Mumbai,Bandra West / BKC,Upscale,2,886,1134,Ready to Move,0,Full Vastu,Semi-Furnished,Near (1-2 km),11,22,1,1,1,1,0,37410000.0
2602,Bengaluru,HSR Layout / Whitefield,Mid-Tier,2,908,1162,Ready to Move,1,Full Vastu,Unfurnished,Near (1-2 km),1,12,1,1,1,1,2,11600000.0
2603,Mumbai,Bandra West / BKC,Upscale,1,511,699,Ready to Move,1,Full Vastu,Unfurnished,Walkable (<500m),11,12,1,1,1,2,8,28060000.0
2604,Bengaluru,Koramangala / Sadashivnagar,Upscale,3,1569,2131,Ready to Move,1,Full Vastu,Semi-Furnished,Walkable (<500m),3,12,1,1,1,1,2,34730000.0
2605,Mumbai,Bandra West / BKC,Upscale,1,573,757,Ready to Move,1,Full Vastu,Semi-Furnished,Near (1-2 km),12,12,1,1,1,3,2,32990000.0
2606,Delhi NCR,South Delhi (Vasant Vihar),Upscale,2,886,1178,Under Construction,1,Partial Vastu,Semi-Furnished,Distant (>3 km),1,4,1,1,1,2,12,22150000.0
2607,Mumbai,Thane West,Suburban,3,1582,2075,Ready to Move,1,Partial Vastu,Semi-Furnished,Near (1-2 km),2,12,1,1,1,1,0,35280000.0
2608,Pune,Kalyani Nagar / Prabhat Road,Upscale,3,1539,2002,Ready to Move,1,Full Vastu,Semi-Furnished,Near (1-2 km),5,12,1,1,0,1,5,22130000.0
2609,Mumbai,Thane West,Suburban,2,818,1120,Ready to Move,1,Full Vastu,Semi-Furnished,Walkable (<500m),3,7,1,1,0,1,2,13540000.0
2610,Delhi NCR,Dwarka Expressway,Emerging,2,933,1181,Under Construction,1,Partial Vastu,Semi-Furnished,Walkable (<500m),21,35,1,1,0,1,20,7120000.0
2611,Pune,Baner / Viman Nagar,Mid-Tier,1,508,663,Under Construction,1,Full Vastu,Fully Furnished,Near (1-2 km),7,7,1,1,1,2,8,5950000.0
2612,Delhi NCR,South Delhi (Vasant Vihar),Upscale,3,1511,1956,Under Construction,1,Non-Vastu,Semi-Furnished,Near (1-2 km),1,12,1,1,0,1,0,35870000.0
2613,Delhi NCR,South Delhi (Vasant Vihar),Upscale,3,1557,2047,Ready to Move,1,Full Vastu,Unfurnished,Near (1-2 km),3,7,1,1,1,1,20,38730000.0
2614,Bengaluru,HSR Layout / Whitefield,Mid-Tier,2,960,1257,Ready to Move,1,Partial Vastu,Unfurnished,Near (1-2 km),11,12,1,1,1,1,0,13330000.0
2615,Bengaluru,Koramangala / Sadashivnagar,Upscale,2,888,1170,Ready to Move,1,Full Vastu,Semi-Furnished,Distant (>3 km),5,7,1,0,1,1,0,17270000.0
2616,Delhi NCR,"Golf Course Road, Gurgaon",Prime / Ultra-Luxury,3,1845,2340,Under Construction,1,Partial Vastu,Fully Furnished,Walkable (<500m),6,12,1,1,1,2,5,78850000.0
2617,Kolkata,New Town Action Area 1,Mid-Tier,3,1278,1683,Ready to Move,1,Partial Vastu,Unfurnished,Walkable (<500m),7,7,1,1,1,3,8,12050000.0
2618,Delhi NCR,Noida Sector 62,Suburban,2,847,1085,New Launch,1,Non-Vastu,Unfurnished,Walkable (<500m),2,4,1,1,1,0,8,7460000.0
2619,Delhi NCR,"Cyber City, Gurgaon",Mid-Tier,2,1346,1715,Under Construction,0,Non-Vastu,Fully Furnished,Walkable (<500m),19,22,1,1,1,1,5,21570000.0
2620,Hyderabad,Banjara Hills / Gachibowli,Upscale,2,802,1009,Under Construction,1,Full Vastu,Fully Furnished,Walkable (<500m),4,12,1,1,1,1,5,14890000.0
2621,Bengaluru,HSR Layout / Whitefield,Mid-Tier,1,414,559,Ready to Move,1,Partial Vastu,Unfurnished,Distant (>3 km),6,7,0,1,1,1,20,4040000.0
2622,Mumbai,Bandra West / BKC,Upscale,4,2664,3478,Under Construction,1,Full Vastu,Semi-Furnished,Walkable (<500m),1,4,1,1,1,2,12,116180000.0
2623,Delhi NCR,South Delhi (Vasant Vihar),Upscale,3,1067,1421,Ready to Move,1,Partial Vastu,Semi-Furnished,Walkable (<500m),11,22,1,1,0,1,8,37940000.0
2624,Chennai,OMR (Perungudi),Suburban,3,1495,2010,Ready to Move,1,Full Vastu,Unfurnished,Walkable (<500m),1,7,1,1,1,1,0,11720000.0
2625,Mumbai,Bandra West / BKC,Upscale,1,687,919,Ready to Move,1,Partial Vastu,Fully Furnished,Distant (>3 km),13,35,1,1,1,1,8,32020000.0
2626,Hyderabad,Banjara Hills / Gachibowli,Upscale,3,1190,1560,Under Construction,1,Non-Vastu,Unfurnished,Near (1-2 km),12,12,0,1,0,1,8,19150000.0
2627,Mumbai,South Mumbai (Worli/Malabar Hill),Prime / Ultra-Luxury,2,667,867,Ready to Move,1,Full Vastu,Unfurnished,Distant (>3 km),1,7,1,1,1,1,30,38690000.0
2628,Delhi NCR,Noida Sector 62,Suburban,2,736,956,Ready to Move,1,Full Vastu,Unfurnished,Distant (>3 km),15,22,1,1,0,0,0,8010000.0
2629,Mumbai,Andheri West / Powai,Mid-Tier,2,1078,1437,Ready to Move,1,Full Vastu,Unfurnished,Near (1-2 km),13,22,1,1,1,0,8,34310000.0
2630,Bengaluru,HSR Layout / Whitefield,Mid-Tier,1,607,798,Under Construction,1,Partial Vastu,Unfurnished,Walkable (<500m),5,12,1,1,1,1,30,6830000.0
2631,Hyderabad,HITEC City / Kondapur,Mid-Tier,3,1430,1945,Under Construction,1,Full Vastu,Unfurnished,Walkable (<500m),11,12,1,1,1,1,5,16020000.0
2632,Bengaluru,Koramangala / Sadashivnagar,Upscale,2,1047,1428,Under Construction,0,Non-Vastu,Semi-Furnished,Walkable (<500m),1,12,1,1,0,1,8,13950000.0
2633,Delhi NCR,"Cyber City, Gurgaon",Mid-Tier,2,1148,1460,Ready to Move,1,Partial Vastu,Unfurnished,Near (1-2 km),8,35,1,1,1,1,30,16690000.0
2634,Hyderabad,Banjara Hills / Gachibowli,Upscale,2,1204,1526,Ready to Move,1,Partial Vastu,Fully Furnished,Walkable (<500m),7,12,1,1,1,2,5,25520000.0
2635,Chennai,Boat Club / Poes Garden,Prime / Ultra-Luxury,2,914,1217,Ready to Move,1,Partial Vastu,Semi-Furnished,Walkable (<500m),5,7,1,0,1,2,8,23830000.0
2636,Mumbai,Andheri West / Powai,Mid-Tier,1,340,438,Ready to Move,1,Full Vastu,Semi-Furnished,Near (1-2 km),6,7,1,0,1,1,0,10590000.0
2637,Bengaluru,Electronic City,Suburban,2,833,1043,New Launch,1,Non-Vastu,Unfurnished,Near (1-2 km),4,7,1,1,0,1,5,6370000.0
2638,Mumbai,South Mumbai (Worli/Malabar Hill),Prime / Ultra-Luxury,3,1450,1980,Ready to Move,1,Partial Vastu,Unfurnished,Near (1-2 km),1,7,0,1,1,1,2,110580000.0
2639,Kolkata,Park Street / Salt Lake Sec 5,Upscale,1,499,638,Ready to Move,1,Non-Vastu,Semi-Furnished,Walkable (<500m),6,7,1,1,1,1,0,7790000.0
2640,Chennai,Nungambakkam / Anna Nagar,Upscale,1,505,692,Ready to Move,1,Full Vastu,Semi-Furnished,Near (1-2 km),3,12,1,1,1,2,8,8260000.0
2641,Delhi NCR,South Delhi (Vasant Vihar),Upscale,2,1109,1490,Under Construction,1,Partial Vastu,Semi-Furnished,Near (1-2 km),2,4,1,1,1,1,0,30840000.0
2642,Pune,Wakad / Kharadi,Suburban,3,1846,2491,Ready to Move,1,Full Vastu,Semi-Furnished,Walkable (<500m),7,12,1,1,0,1,12,14310000.0
2643,Delhi NCR,"Cyber City, Gurgaon",Mid-Tier,2,925,1180,Ready to Move,1,Partial Vastu,Semi-Furnished,Near (1-2 km),2,12,0,1,1,1,5,17850000.0
2644,Delhi NCR,"Cyber City, Gurgaon",Mid-Tier,2,1106,1416,Under Construction,1,Partial Vastu,Semi-Furnished,Distant (>3 km),5,7,1,1,1,1,5,19880000.0
2645,Mumbai,Andheri West / Powai,Mid-Tier,2,1000,1318,Ready to Move,1,Partial Vastu,Fully Furnished,Walkable (<500m),4,4,1,1,0,2,2,35780000.0
2646,Hyderabad,Banjara Hills / Gachibowli,Upscale,2,959,1220,Under Construction,0,Partial Vastu,Semi-Furnished,Walkable (<500m),2,4,1,1,1,2,0,14230000.0
2647,Mumbai,Andheri West / Powai,Mid-Tier,1,590,761,Ready to Move,1,Full Vastu,Fully Furnished,Near (1-2 km),3,4,1,1,0,1,0,22610000.0
2648,Pune,Baner / Viman Nagar,Mid-Tier,3,1566,2023,Under Construction,1,Non-Vastu,Semi-Furnished,Walkable (<500m),8,22,1,1,0,1,0,15180000.0
2649,Hyderabad,HITEC City / Kondapur,Mid-Tier,3,2028,2577,Ready to Move,1,Non-Vastu,Unfurnished,Near (1-2 km),3,12,1,1,1,1,12,21830000.0
2650,Hyderabad,Tellapur,Emerging,2,745,951,Ready to Move,1,Full Vastu,Unfurnished,Walkable (<500m),4,4,1,1,0,0,8,3990000.0
2651,Mumbai,Andheri West / Powai,Mid-Tier,3,1430,1934,Under Construction,1,Non-Vastu,Semi-Furnished,Near (1-2 km),3,12,1,1,1,0,12,31580000.0
2652,Bengaluru,Koramangala / Sadashivnagar,Upscale,3,1520,1933,Ready to Move,1,Full Vastu,Semi-Furnished,Near (1-2 km),3,7,1,1,0,0,8,26630000.0
2653,Bengaluru,Electronic City,Suburban,2,1012,1269,Ready to Move,0,Partial Vastu,Semi-Furnished,Near (1-2 km),1,12,1,1,1,3,5,7280000.0
2654,Bengaluru,Koramangala / Sadashivnagar,Upscale,2,1130,1505,Ready to Move,1,Full Vastu,Semi-Furnished,Walkable (<500m),9,12,1,1,0,0,5,23040000.0
2655,Mumbai,South Mumbai (Worli/Malabar Hill),Prime / Ultra-Luxury,1,518,713,Under Construction,1,Non-Vastu,Unfurnished,Walkable (<500m),5,12,1,1,1,0,2,37770000.0
2656,Chennai,Nungambakkam / Anna Nagar,Upscale,1,409,529,Ready to Move,0,Full Vastu,Unfurnished,Walkable (<500m),1,7,1,0,0,1,8,5940000.0
2657,Delhi NCR,South Delhi (Vasant Vihar),Upscale,3,1745,2208,New Launch,1,Full Vastu,Unfurnished,Walkable (<500m),1,4,0,1,0,1,0,40010000.0
2658,Bengaluru,HSR Layout / Whitefield,Mid-Tier,3,1725,2284,New Launch,1,Full Vastu,Semi-Furnished,Walkable (<500m),17,22,1,1,1,2,5,24380000.0
2659,Bengaluru,HSR Layout / Whitefield,Mid-Tier,4,1700,2325,Under Construction,1,Full Vastu,Semi-Furnished,Near (1-2 km),1,22,0,1,1,0,0,21180000.0
2660,Bengaluru,Electronic City,Suburban,3,1549,2094,Ready to Move,1,Partial Vastu,Unfurnished,Walkable (<500m),31,35,1,0,0,2,5,15410000.0
2661,Delhi NCR,"Cyber City, Gurgaon",Mid-Tier,2,723,962,Ready to Move,1,Full Vastu,Semi-Furnished,Near (1-2 km),4,4,1,1,1,1,2,14180000.0
2662,Delhi NCR,"Cyber City, Gurgaon",Mid-Tier,1,468,604,Under Construction,1,Partial Vastu,Unfurnished,Near (1-2 km),15,22,1,1,1,2,0,7830000.0
2663,Chennai,Boat Club / Poes Garden,Prime / Ultra-Luxury,3,1340,1769,Ready to Move,1,Non-Vastu,Unfurnished,Near (1-2 km),12,22,1,1,1,1,5,36560000.0
2664,Delhi NCR,"Golf Course Road, Gurgaon",Prime / Ultra-Luxury,2,1065,1344,Ready to Move,1,Partial Vastu,Semi-Furnished,Distant (>3 km),25,35,1,1,1,1,0,48070000.0
2665,Kolkata,New Town Action Area 1,Mid-Tier,3,1577,2110,Ready to Move,1,Partial Vastu,Semi-Furnished,Walkable (<500m),1,7,1,1,1,1,0,14510000.0
2666,Pune,Baner / Viman Nagar,Mid-Tier,3,1251,1682,Ready to Move,0,Full Vastu,Semi-Furnished,Near (1-2 km),12,22,1,1,1,1,2,12790000.0
2667,Mumbai,Thane West,Suburban,3,1754,2413,Ready to Move,1,Full Vastu,Semi-Furnished,Near (1-2 km),4,4,1,1,1,1,2,31210000.0
2668,Chennai,Nungambakkam / Anna Nagar,Upscale,3,1216,1561,Ready to Move,1,Full Vastu,Fully Furnished,Near (1-2 km),11,12,1,1,1,0,12,22430000.0
2669,Mumbai,South Mumbai (Worli/Malabar Hill),Prime / Ultra-Luxury,1,545,683,Under Construction,1,Full Vastu,Unfurnished,Near (1-2 km),6,12,1,1,1,0,5,33350000.0
2670,Pune,Baner / Viman Nagar,Mid-Tier,3,1360,1796,Ready to Move,1,Non-Vastu,Semi-Furnished,Near (1-2 km),11,22,1,1,1,3,12,12550000.0
2671,Bengaluru,Koramangala / Sadashivnagar,Upscale,3,1464,1965,Ready to Move,1,Full Vastu,Semi-Furnished,Walkable (<500m),15,22,1,1,1,1,0,38430000.0
2672,Pune,Koregaon Park,Prime / Ultra-Luxury,2,1021,1381,Ready to Move,1,Non-Vastu,Semi-Furnished,Walkable (<500m),5,12,1,1,1,2,2,27210000.0
2673,Pune,Baner / Viman Nagar,Mid-Tier,3,1671,2131,Ready to Move,1,Full Vastu,Semi-Furnished,Near (1-2 km),3,12,0,1,1,1,5,19280000.0
2674,Pune,Koregaon Park,Prime / Ultra-Luxury,2,1140,1464,Ready to Move,1,Partial Vastu,Unfurnished,Distant (>3 km),2,4,1,1,0,1,0,24080000.0
2675,Hyderabad,HITEC City / Kondapur,Mid-Tier,4,2370,3120,Under Construction,1,Full Vastu,Unfurnished,Near (1-2 km),2,12,1,1,1,0,0,25350000.0
2676,Bengaluru,Koramangala / Sadashivnagar,Upscale,1,543,702,New Launch,1,Full Vastu,Semi-Furnished,Walkable (<500m),1,12,0,0,1,2,5,11380000.0
2677,Mumbai,Bandra West / BKC,Upscale,2,887,1208,Ready to Move,1,Partial Vastu,Semi-Furnished,Near (1-2 km),7,7,1,1,1,1,5,43570000.0
2678,Bengaluru,Koramangala / Sadashivnagar,Upscale,2,975,1279,Ready to Move,0,Full Vastu,Unfurnished,Near (1-2 km),2,35,1,1,0,0,0,20270000.0
2679,Mumbai,Thane West,Suburban,3,1652,2237,Ready to Move,0,Partial Vastu,Unfurnished,Walkable (<500m),4,4,0,1,1,1,0,27150000.0
2680,Hyderabad,Banjara Hills / Gachibowli,Upscale,2,935,1239,New Launch,0,Partial Vastu,Semi-Furnished,Walkable (<500m),4,12,0,0,0,0,8,11760000.0
2681,Bengaluru,HSR Layout / Whitefield,Mid-Tier,2,692,935,Under Construction,0,Full Vastu,Unfurnished,Walkable (<500m),16,35,1,1,1,2,0,9090000.0
2682,Kolkata,Park Street / Salt Lake Sec 5,Upscale,2,997,1289,Under Construction,1,Non-Vastu,Unfurnished,Distant (>3 km),4,35,1,1,1,0,20,9360000.0
2683,Delhi NCR,"Cyber City, Gurgaon",Mid-Tier,4,2531,3437,Ready to Move,1,Full Vastu,Unfurnished,Near (1-2 km),8,22,1,1,0,1,20,46060000.0
2684,Pune,Kalyani Nagar / Prabhat Road,Upscale,2,853,1097,New Launch,1,Partial Vastu,Unfurnished,Walkable (<500m),4,7,1,1,1,0,12,10830000.0
2685,Mumbai,Andheri West / Powai,Mid-Tier,1,419,553,Ready to Move,1,Full Vastu,Semi-Furnished,Walkable (<500m),14,22,1,0,0,0,0,14120000.0
2686,Pune,Baner / Viman Nagar,Mid-Tier,3,1893,2419,Ready to Move,0,Partial Vastu,Semi-Furnished,Near (1-2 km),4,7,0,1,0,1,0,15590000.0
2687,Chennai,OMR (Perungudi),Suburban,2,1020,1338,Under Construction,1,Full Vastu,Unfurnished,Distant (>3 km),26,35,1,1,0,1,20,4800000.0
2688,Delhi NCR,South Delhi (Vasant Vihar),Upscale,4,2317,2992,New Launch,1,Full Vastu,Unfurnished,Near (1-2 km),13,22,0,1,0,1,2,57150000.0
2689,Delhi NCR,"Golf Course Road, Gurgaon",Prime / Ultra-Luxury,1,431,554,Ready to Move,1,Full Vastu,Unfurnished,Near (1-2 km),5,22,1,1,1,1,2,19310000.0
2690,Hyderabad,Jubilee Hills,Prime / Ultra-Luxury,3,1358,1868,Ready to Move,1,Full Vastu,Semi-Furnished,Walkable (<500m),4,4,1,1,1,1,2,38310000.0
2691,Mumbai,Thane West,Suburban,2,1135,1442,Ready to Move,1,Full Vastu,Unfurnished,Near (1-2 km),10,12,0,1,1,1,0,23230000.0
2692,Delhi NCR,"Cyber City, Gurgaon",Mid-Tier,2,969,1310,Ready to Move,1,Partial Vastu,Semi-Furnished,Walkable (<500m),21,22,1,0,0,2,8,20930000.0
2693,Bengaluru,HSR Layout / Whitefield,Mid-Tier,3,1421,1958,Ready to Move,1,Partial Vastu,Unfurnished,Near (1-2 km),19,22,1,1,1,1,12,17320000.0
2694,Mumbai,Bandra West / BKC,Upscale,2,1022,1280,New Launch,0,Full Vastu,Unfurnished,Walkable (<500m),1,4,1,1,1,1,8,40400000.0
2695,Bengaluru,Koramangala / Sadashivnagar,Upscale,3,1360,1824,Under Construction,1,Full Vastu,Unfurnished,Near (1-2 km),11,35,1,1,0,1,8,22790000.0
2696,Mumbai,South Mumbai (Worli/Malabar Hill),Prime / Ultra-Luxury,2,1163,1492,Under Construction,1,Full Vastu,Unfurnished,Walkable (<500m),1,4,1,0,1,1,2,83000000.0
2697,Mumbai,Navi Mumbai (Kharghar),Emerging,2,1142,1434,Under Construction,1,Full Vastu,Semi-Furnished,Near (1-2 km),12,12,1,1,1,1,5,13170000.0
2698,Mumbai,Andheri West / Powai,Mid-Tier,2,883,1150,Ready to Move,1,Full Vastu,Semi-Furnished,Walkable (<500m),10,12,1,1,0,1,0,31390000.0
2699,Kolkata,EM Bypass,Suburban,5,3441,4720,Under Construction,1,Full Vastu,Semi-Furnished,Near (1-2 km),2,4,1,1,1,2,0,22560000.0
2700,Delhi NCR,South Delhi (Vasant Vihar),Upscale,2,576,721,Ready to Move,0,Non-Vastu,Unfurnished,Near (1-2 km),1,4,1,1,1,1,0,11980000.0
2701,Kolkata,New Town Action Area 1,Mid-Tier,2,738,979,Ready to Move,1,Partial Vastu,Unfurnished,Walkable (<500m),15,22,1,1,1,1,5,7990000.0
2702,Bengaluru,HSR Layout / Whitefield,Mid-Tier,2,759,998,Ready to Move,0,Full Vastu,Unfurnished,Distant (>3 km),4,12,1,0,1,0,0,8120000.0
2703,Bengaluru,Koramangala / Sadashivnagar,Upscale,2,969,1321,Ready to Move,1,Full Vastu,Semi-Furnished,Near (1-2 km),4,4,1,1,1,1,30,13610000.0
2704,Delhi NCR,Noida Sector 62,Suburban,2,903,1139,Under Construction,1,Partial Vastu,Unfurnished,Near (1-2 km),4,22,1,1,1,1,30,8180000.0
2705,Bengaluru,Electronic City,Suburban,4,1915,2563,New Launch,1,Full Vastu,Semi-Furnished,Near (1-2 km),5,22,1,1,1,1,0,17780000.0
2706,Mumbai,Thane West,Suburban,2,909,1217,Ready to Move,1,Partial Vastu,Unfurnished,Near (1-2 km),8,12,1,1,1,0,2,15480000.0
2707,Delhi NCR,"Cyber City, Gurgaon",Mid-Tier,3,1667,2229,Under Construction,1,Non-Vastu,Unfurnished,Near (1-2 km),5,7,1,1,1,1,8,22970000.0
2708,Mumbai,Bandra West / BKC,Upscale,1,561,770,Ready to Move,1,Partial Vastu,Fully Furnished,Distant (>3 km),1,4,1,1,1,2,20,25310000.0
2709,Delhi NCR,South Delhi (Vasant Vihar),Upscale,3,1108,1504,Under Construction,1,Full Vastu,Semi-Furnished,Walkable (<500m),18,22,1,0,1,1,12,33330000.0
2710,Delhi NCR,Dwarka Expressway,Emerging,4,2353,2954,Ready to Move,1,Partial Vastu,Semi-Furnished,Walkable (<500m),3,12,1,1,1,0,2,21190000.0
2711,Mumbai,South Mumbai (Worli/Malabar Hill),Prime / Ultra-Luxury,2,752,986,Ready to Move,0,Non-Vastu,Semi-Furnished,Near (1-2 km),3,12,1,1,1,0,0,44410000.0
2712,Mumbai,Andheri West / Powai,Mid-Tier,4,2724,3546,Ready to Move,1,Partial Vastu,Semi-Furnished,Walkable (<500m),10,22,0,1,1,1,2,79790000.0
2713,Hyderabad,HITEC City / Kondapur,Mid-Tier,2,1061,1369,Under Construction,0,Partial Vastu,Unfurnished,Near (1-2 km),6,12,0,1,0,0,2,8890000.0
2714,Bengaluru,HSR Layout / Whitefield,Mid-Tier,4,2076,2717,Ready to Move,1,Full Vastu,Semi-Furnished,Walkable (<500m),1,4,1,1,0,2,2,30130000.0
2715,Mumbai,Navi Mumbai (Kharghar),Emerging,3,1371,1782,New Launch,1,Full Vastu,Unfurnished,Walkable (<500m),1,35,1,1,1,1,8,14310000.0
2716,Kolkata,Park Street / Salt Lake Sec 5,Upscale,2,884,1155,Ready to Move,1,Partial Vastu,Semi-Furnished,Near (1-2 km),6,12,0,1,0,1,2,12770000.0
2717,Mumbai,Bandra West / BKC,Upscale,2,628,865,New Launch,1,Non-Vastu,Semi-Furnished,Near (1-2 km),9,12,1,1,1,2,12,25350000.0
2718,Hyderabad,Jubilee Hills,Prime / Ultra-Luxury,2,997,1258,Under Construction,1,Partial Vastu,Semi-Furnished,Distant (>3 km),20,35,1,0,0,0,0,24180000.0
2719,Kolkata,New Town Action Area 1,Mid-Tier,1,498,682,Ready to Move,1,Partial Vastu,Semi-Furnished,Near (1-2 km),35,35,1,1,1,1,2,4230000.0
2720,Mumbai,Bandra West / BKC,Upscale,1,595,781,Ready to Move,1,Full Vastu,Semi-Furnished,Walkable (<500m),6,12,0,1,0,0,2,27620000.0
2721,Mumbai,Bandra West / BKC,Upscale,1,434,578,Under Construction,1,Full Vastu,Unfurnished,Walkable (<500m),6,7,1,1,1,0,2,19490000.0
2722,Mumbai,Thane West,Suburban,2,861,1169,Under Construction,1,Full Vastu,Unfurnished,Walkable (<500m),50,50,1,1,1,0,8,15100000.0
2723,Bengaluru,Electronic City,Suburban,3,1199,1555,Under Construction,1,Full Vastu,Unfurnished,Near (1-2 km),5,12,1,1,1,2,2,9250000.0
2724,Mumbai,Bandra West / BKC,Upscale,1,441,576,Ready to Move,1,Partial Vastu,Semi-Furnished,Walkable (<500m),1,12,0,1,1,1,12,21050000.0
2725,Hyderabad,Banjara Hills / Gachibowli,Upscale,1,427,556,Ready to Move,0,Full Vastu,Fully Furnished,Walkable (<500m),9,12,1,1,0,0,20,7130000.0
2726,Mumbai,Thane West,Suburban,3,1781,2313,New Launch,1,Partial Vastu,Unfurnished,Distant (>3 km),9,12,1,1,1,1,12,22190000.0
2727,Delhi NCR,"Golf Course Road, Gurgaon",Prime / Ultra-Luxury,2,850,1165,Ready to Move,1,Partial Vastu,Unfurnished,Near (1-2 km),3,35,1,1,1,0,5,35720000.0
2728,Kolkata,Ballygunge / Alipore,Prime / Ultra-Luxury,1,529,718,Ready to Move,1,Full Vastu,Semi-Furnished,Walkable (<500m),5,12,1,1,1,0,5,13700000.0
2729,Pune,Kalyani Nagar / Prabhat Road,Upscale,2,895,1131,Ready to Move,1,Full Vastu,Fully Furnished,Walkable (<500m),3,22,1,1,1,1,0,17310000.0
2730,Delhi NCR,"Cyber City, Gurgaon",Mid-Tier,4,1942,2455,Under Construction,1,Partial Vastu,Semi-Furnished,Near (1-2 km),13,22,1,1,1,0,5,30900000.0
2731,Bengaluru,Koramangala / Sadashivnagar,Upscale,3,1510,1971,Under Construction,1,Non-Vastu,Unfurnished,Distant (>3 km),15,22,1,1,0,2,20,20590000.0
2732,Delhi NCR,Dwarka Expressway,Emerging,2,1035,1307,Ready to Move,1,Partial Vastu,Fully Furnished,Walkable (<500m),17,22,1,1,0,1,0,10040000.0
2733,Delhi NCR,"Cyber City, Gurgaon",Mid-Tier,3,1269,1688,Ready to Move,1,Full Vastu,Semi-Furnished,Near (1-2 km),15,22,1,1,1,0,8,21680000.0
2734,Bengaluru,HSR Layout / Whitefield,Mid-Tier,2,1065,1351,Ready to Move,1,Full Vastu,Unfurnished,Near (1-2 km),5,12,1,1,0,1,12,14510000.0
2735,Mumbai,Bandra West / BKC,Upscale,3,1352,1782,Ready to Move,1,Full Vastu,Fully Furnished,Near (1-2 km),2,4,1,1,0,1,30,52990000.0
2736,Pune,Baner / Viman Nagar,Mid-Tier,3,1437,1798,Ready to Move,1,Full Vastu,Semi-Furnished,Near (1-2 km),14,22,1,1,1,1,2,15880000.0
2737,Bengaluru,HSR Layout / Whitefield,Mid-Tier,3,1673,2160,New Launch,1,Partial Vastu,Semi-Furnished,Near (1-2 km),11,12,1,0,0,1,2,16700000.0
2738,Mumbai,Andheri West / Powai,Mid-Tier,2,855,1144,Ready to Move,1,Partial Vastu,Semi-Furnished,Distant (>3 km),4,4,1,1,1,1,0,23240000.0
2739,Bengaluru,HSR Layout / Whitefield,Mid-Tier,1,522,685,Ready to Move,1,Full Vastu,Semi-Furnished,Walkable (<500m),4,4,1,1,0,1,8,7040000.0
2740,Bengaluru,HSR Layout / Whitefield,Mid-Tier,2,905,1246,Under Construction,1,Full Vastu,Semi-Furnished,Walkable (<500m),6,7,1,1,1,1,0,11650000.0
2741,Pune,Wakad / Kharadi,Suburban,3,1580,2155,Ready to Move,1,Full Vastu,Unfurnished,Near (1-2 km),7,22,1,1,0,2,2,12660000.0
2742,Hyderabad,Miyapur / Kukatpally,Suburban,2,610,791,Ready to Move,1,Non-Vastu,Fully Furnished,Near (1-2 km),3,22,1,1,0,0,2,4650000.0
2743,Hyderabad,HITEC City / Kondapur,Mid-Tier,3,1124,1412,Ready to Move,1,Full Vastu,Unfurnished,Near (1-2 km),7,7,1,0,1,0,2,13860000.0
2744,Mumbai,South Mumbai (Worli/Malabar Hill),Prime / Ultra-Luxury,5,4151,5645,Ready to Move,1,Partial Vastu,Semi-Furnished,Walkable (<500m),20,22,0,1,1,1,2,342910000.0
2745,Bengaluru,Indiranagar / Lavelle Road,Prime / Ultra-Luxury,2,1097,1501,New Launch,1,Full Vastu,Semi-Furnished,Near (1-2 km),2,7,1,1,0,1,5,29420000.0
2746,Delhi NCR,South Delhi (Vasant Vihar),Upscale,3,1338,1815,Ready to Move,1,Partial Vastu,Unfurnished,Walkable (<500m),11,22,1,1,0,1,20,34050000.0
2747,Mumbai,Andheri West / Powai,Mid-Tier,3,1493,1891,Ready to Move,1,Full Vastu,Unfurnished,Near (1-2 km),6,12,1,1,1,1,0,44490000.0
2748,Bengaluru,HSR Layout / Whitefield,Mid-Tier,4,2506,3458,Under Construction,1,Full Vastu,Fully Furnished,Walkable (<500m),5,22,1,0,0,1,8,28810000.0
2749,Hyderabad,HITEC City / Kondapur,Mid-Tier,5,4195,5385,New Launch,1,Partial Vastu,Semi-Furnished,Near (1-2 km),4,12,1,1,1,0,8,40940000.0
2750,Mumbai,Thane West,Suburban,3,1078,1449,Ready to Move,1,Partial Vastu,Semi-Furnished,Near (1-2 km),6,7,1,1,0,1,0,21030000.0
2751,Delhi NCR,Noida Sector 62,Suburban,2,823,1126,Ready to Move,1,Full Vastu,Semi-Furnished,Walkable (<500m),13,22,0,1,1,2,8,9600000.0
2752,Mumbai,Thane West,Suburban,3,1472,1885,New Launch,1,Full Vastu,Semi-Furnished,Walkable (<500m),4,4,1,1,1,0,0,28740000.0
2753,Mumbai,Bandra West / BKC,Upscale,1,574,785,Ready to Move,1,Full Vastu,Semi-Furnished,Near (1-2 km),21,50,1,1,1,1,8,27100000.0
2754,Mumbai,Andheri West / Powai,Mid-Tier,3,2130,2748,Under Construction,1,Full Vastu,Unfurnished,Near (1-2 km),11,12,1,1,1,1,8,62960000.0
2755,Kolkata,Park Street / Salt Lake Sec 5,Upscale,4,2317,3190,Under Construction,1,Partial Vastu,Semi-Furnished,Walkable (<500m),5,12,1,1,0,1,8,29600000.0
2756,Pune,Kalyani Nagar / Prabhat Road,Upscale,2,749,964,Under Construction,1,Non-Vastu,Fully Furnished,Walkable (<500m),9,12,1,1,1,0,2,10450000.0
2757,Chennai,Nungambakkam / Anna Nagar,Upscale,3,1643,2257,Ready to Move,1,Full Vastu,Semi-Furnished,Walkable (<500m),3,4,1,1,0,0,5,32760000.0
2758,Delhi NCR,South Delhi (Vasant Vihar),Upscale,2,1138,1430,Ready to Move,1,Full Vastu,Unfurnished,Distant (>3 km),4,12,1,1,0,1,8,30580000.0
2759,Mumbai,Andheri West / Powai,Mid-Tier,2,965,1295,Under Construction,1,Full Vastu,Fully Furnished,Walkable (<500m),21,50,1,1,0,1,5,27100000.0
2760,Delhi NCR,Noida Sector 62,Suburban,2,820,1082,Ready to Move,1,Full Vastu,Semi-Furnished,Walkable (<500m),4,7,1,1,1,3,8,10410000.0
2761,Bengaluru,Indiranagar / Lavelle Road,Prime / Ultra-Luxury,3,1772,2325,Ready to Move,1,Full Vastu,Unfurnished,Near (1-2 km),9,22,1,1,1,1,8,53550000.0
2762,Pune,Baner / Viman Nagar,Mid-Tier,4,2638,3374,Ready to Move,1,Partial Vastu,Fully Furnished,Near (1-2 km),4,12,0,1,1,2,2,33000000.0
2763,Mumbai,Andheri West / Powai,Mid-Tier,4,2030,2724,Ready to Move,1,Full Vastu,Semi-Furnished,Walkable (<500m),3,12,1,1,1,1,0,59210000.0
2764,Delhi NCR,South Delhi (Vasant Vihar),Upscale,2,1004,1280,New Launch,1,Partial Vastu,Unfurnished,Distant (>3 km),7,7,1,1,0,0,5,22060000.0
2765,Mumbai,Andheri West / Powai,Mid-Tier,3,1781,2354,Ready to Move,1,Partial Vastu,Unfurnished,Near (1-2 km),7,12,1,0,1,0,8,41910000.0
2766,Bengaluru,Koramangala / Sadashivnagar,Upscale,3,1824,2340,New Launch,1,Non-Vastu,Semi-Furnished,Near (1-2 km),46,50,1,1,0,1,0,26110000.0
2767,Hyderabad,HITEC City / Kondapur,Mid-Tier,2,940,1292,Ready to Move,1,Non-Vastu,Semi-Furnished,Walkable (<500m),6,7,1,1,1,2,0,12020000.0
2768,Delhi NCR,"Cyber City, Gurgaon",Mid-Tier,1,492,617,Ready to Move,1,Partial Vastu,Unfurnished,Distant (>3 km),9,12,1,1,1,1,0,7900000.0
2769,Bengaluru,Koramangala / Sadashivnagar,Upscale,2,1124,1434,Ready to Move,0,Non-Vastu,Unfurnished,Walkable (<500m),10,12,1,0,1,1,5,19550000.0
2770,Bengaluru,Indiranagar / Lavelle Road,Prime / Ultra-Luxury,4,1964,2517,Under Construction,0,Full Vastu,Unfurnished,Walkable (<500m),7,12,1,1,0,0,5,53800000.0
2771,Bengaluru,HSR Layout / Whitefield,Mid-Tier,3,1651,2153,Under Construction,1,Full Vastu,Semi-Furnished,Walkable (<500m),3,12,1,1,1,0,5,21110000.0
2772,Hyderabad,Miyapur / Kukatpally,Suburban,3,1231,1576,Ready to Move,1,Full Vastu,Unfurnished,Near (1-2 km),9,12,1,1,1,0,2,10230000.0
2773,Pune,Kalyani Nagar / Prabhat Road,Upscale,2,1101,1447,New Launch,1,Partial Vastu,Unfurnished,Near (1-2 km),1,4,1,1,1,0,2,16890000.0
2774,Chennai,Velachery / Adyar,Mid-Tier,3,1490,2031,Ready to Move,1,Non-Vastu,Semi-Furnished,Near (1-2 km),4,35,1,1,0,1,8,13710000.0
2775,Hyderabad,HITEC City / Kondapur,Mid-Tier,1,618,830,Under Construction,1,Full Vastu,Semi-Furnished,Walkable (<500m),17,22,0,1,1,2,0,7840000.0
2776,Bengaluru,Electronic City,Suburban,2,1020,1352,New Launch,1,Partial Vastu,Semi-Furnished,Near (1-2 km),1,7,1,1,1,1,0,7610000.0
2777,Hyderabad,Miyapur / Kukatpally,Suburban,3,1265,1596,Under Construction,1,Partial Vastu,Semi-Furnished,Near (1-2 km),6,12,1,1,1,1,5,9080000.0
2778,Bengaluru,HSR Layout / Whitefield,Mid-Tier,1,631,846,New Launch,1,Non-Vastu,Semi-Furnished,Walkable (<500m),16,22,1,1,0,0,12,6200000.0
2779,Bengaluru,HSR Layout / Whitefield,Mid-Tier,3,1910,2429,Ready to Move,1,Partial Vastu,Semi-Furnished,Near (1-2 km),18,50,1,1,1,1,2,25550000.0
2780,Pune,Wakad / Kharadi,Suburban,2,1075,1454,Ready to Move,0,Non-Vastu,Fully Furnished,Walkable (<500m),7,35,1,1,0,1,20,5900000.0
2781,Mumbai,Bandra West / BKC,Upscale,3,1372,1760,Ready to Move,1,Full Vastu,Semi-Furnished,Near (1-2 km),35,35,1,1,1,0,0,66010000.0
2782,Chennai,Nungambakkam / Anna Nagar,Upscale,2,906,1182,Ready to Move,0,Full Vastu,Unfurnished,Walkable (<500m),7,7,1,1,1,0,0,14140000.0
2783,Bengaluru,Indiranagar / Lavelle Road,Prime / Ultra-Luxury,2,970,1257,Under Construction,1,Full Vastu,Semi-Furnished,Near (1-2 km),32,35,1,1,1,1,5,32880000.0
2784,Delhi NCR,Noida Sector 62,Suburban,1,465,633,Ready to Move,1,Full Vastu,Semi-Furnished,Distant (>3 km),3,22,1,1,1,1,8,4480000.0
2785,Delhi NCR,Noida Sector 62,Suburban,1,652,826,Under Construction,1,Full Vastu,Semi-Furnished,Distant (>3 km),12,12,1,1,1,1,2,6910000.0
2786,Pune,Koregaon Park,Prime / Ultra-Luxury,4,2451,3244,Ready to Move,1,Partial Vastu,Semi-Furnished,Walkable (<500m),12,12,1,1,0,1,5,56520000.0
2787,Delhi NCR,"Cyber City, Gurgaon",Mid-Tier,2,564,715,Ready to Move,1,Partial Vastu,Semi-Furnished,Near (1-2 km),5,12,1,1,1,1,0,10370000.0
2788,Delhi NCR,"Cyber City, Gurgaon",Mid-Tier,3,1628,2184,Under Construction,0,Partial Vastu,Semi-Furnished,Walkable (<500m),6,12,0,1,1,2,5,21530000.0
2789,Mumbai,South Mumbai (Worli/Malabar Hill),Prime / Ultra-Luxury,5,3601,4925,Ready to Move,0,Full Vastu,Semi-Furnished,Distant (>3 km),1,7,1,1,1,2,0,255220000.0
2790,Delhi NCR,Dwarka Expressway,Emerging,2,939,1227,Under Construction,1,Full Vastu,Fully Furnished,Near (1-2 km),2,4,0,1,1,2,5,7320000.0
2791,Mumbai,Bandra West / BKC,Upscale,2,897,1178,Ready to Move,1,Full Vastu,Semi-Furnished,Walkable (<500m),3,4,1,1,1,1,5,43930000.0
2792,Hyderabad,Jubilee Hills,Prime / Ultra-Luxury,3,1737,2381,Under Construction,1,Full Vastu,Semi-Furnished,Walkable (<500m),4,12,1,1,1,1,8,46560000.0
2793,Delhi NCR,"Cyber City, Gurgaon",Mid-Tier,4,2803,3694,Ready to Move,1,Partial Vastu,Fully Furnished,Distant (>3 km),2,7,1,1,1,0,5,48690000.0
2794,Hyderabad,HITEC City / Kondapur,Mid-Tier,4,2501,3285,Ready to Move,1,Full Vastu,Unfurnished,Near (1-2 km),7,22,1,1,1,1,5,32040000.0
2795,Mumbai,South Mumbai (Worli/Malabar Hill),Prime / Ultra-Luxury,2,901,1194,Under Construction,1,Full Vastu,Unfurnished,Walkable (<500m),3,4,1,1,1,1,5,60330000.0
2796,Mumbai,Andheri West / Powai,Mid-Tier,3,1540,2063,Under Construction,1,Partial Vastu,Fully Furnished,Walkable (<500m),11,35,1,0,0,0,30,33240000.0
2797,Hyderabad,HITEC City / Kondapur,Mid-Tier,1,521,658,Ready to Move,1,Full Vastu,Semi-Furnished,Walkable (<500m),8,35,0,1,1,0,8,6470000.0
2798,Mumbai,South Mumbai (Worli/Malabar Hill),Prime / Ultra-Luxury,4,2111,2864,Ready to Move,1,Non-Vastu,Fully Furnished,Near (1-2 km),8,35,1,1,1,1,8,140330000.0
2799,Mumbai,Bandra West / BKC,Upscale,4,2608,3408,Ready to Move,1,Full Vastu,Unfurnished,Distant (>3 km),5,22,1,1,1,1,5,110910000.0
2800,Mumbai,Andheri West / Powai,Mid-Tier,2,1015,1278,Ready to Move,1,Non-Vastu,Semi-Furnished,Near (1-2 km),1,4,1,1,1,3,5,27310000.0
2801,Chennai,Nungambakkam / Anna Nagar,Upscale,2,1169,1581,Under Construction,0,Full Vastu,Unfurnished,Near (1-2 km),7,12,1,1,1,1,2,14860000.0
2802,Hyderabad,Miyapur / Kukatpally,Suburban,1,617,801,Under Construction,1,Partial Vastu,Semi-Furnished,Near (1-2 km),2,4,1,1,1,2,8,3910000.0
2803,Bengaluru,Electronic City,Suburban,2,852,1076,Ready to Move,1,Full Vastu,Unfurnished,Near (1-2 km),36,50,0,1,1,1,0,7000000.0
2804,Bengaluru,Yelahanka / Devanahalli,Emerging,3,1740,2318,Ready to Move,1,Partial Vastu,Unfurnished,Walkable (<500m),2,7,1,1,1,1,0,11010000.0
2805,Bengaluru,Koramangala / Sadashivnagar,Upscale,2,814,1111,Under Construction,0,Full Vastu,Unfurnished,Distant (>3 km),8,12,1,1,1,1,8,10970000.0
2806,Hyderabad,Tellapur,Emerging,1,574,784,Ready to Move,1,Full Vastu,Semi-Furnished,Walkable (<500m),19,22,1,1,1,1,0,4080000.0
2807,Delhi NCR,"Cyber City, Gurgaon",Mid-Tier,2,876,1204,Under Construction,1,Partial Vastu,Semi-Furnished,Walkable (<500m),2,35,0,1,1,1,12,14790000.0
2808,Mumbai,Bandra West / BKC,Upscale,5,3216,4383,Ready to Move,1,Full Vastu,Unfurnished,Distant (>3 km),16,22,1,1,0,1,8,148150000.0
2809,Mumbai,South Mumbai (Worli/Malabar Hill),Prime / Ultra-Luxury,3,1615,2019,Under Construction,1,Full Vastu,Unfurnished,Walkable (<500m),12,12,0,1,1,1,5,108790000.0
2810,Mumbai,South Mumbai (Worli/Malabar Hill),Prime / Ultra-Luxury,2,568,738,Ready to Move,1,Full Vastu,Unfurnished,Near (1-2 km),10,12,1,1,0,1,2,39700000.0
2811,Delhi NCR,"Cyber City, Gurgaon",Mid-Tier,2,700,949,Under Construction,0,Partial Vastu,Fully Furnished,Distant (>3 km),7,12,1,1,1,1,5,9800000.0
2812,Hyderabad,HITEC City / Kondapur,Mid-Tier,5,3698,4799,Ready to Move,1,Full Vastu,Unfurnished,Near (1-2 km),2,4,1,1,1,1,5,41320000.0
2813,Bengaluru,Koramangala / Sadashivnagar,Upscale,3,1569,2084,Ready to Move,0,Full Vastu,Unfurnished,Walkable (<500m),6,35,1,1,1,1,2,31000000.0
2814,Mumbai,Andheri West / Powai,Mid-Tier,2,897,1192,Under Construction,1,Full Vastu,Semi-Furnished,Walkable (<500m),7,12,1,1,1,0,20,20280000.0
2815,Mumbai,Bandra West / BKC,Upscale,1,396,514,Ready to Move,1,Partial Vastu,Semi-Furnished,Walkable (<500m),2,4,1,1,0,2,0,20590000.0
2816,Kolkata,New Town Action Area 1,Mid-Tier,1,456,624,Ready to Move,1,Partial Vastu,Semi-Furnished,Walkable (<500m),26,35,1,1,1,1,8,5080000.0
2817,Bengaluru,Koramangala / Sadashivnagar,Upscale,1,550,723,Ready to Move,1,Full Vastu,Semi-Furnished,Near (1-2 km),2,12,0,0,1,0,8,9610000.0
2818,Hyderabad,Miyapur / Kukatpally,Suburban,2,1032,1352,Ready to Move,1,Full Vastu,Fully Furnished,Near (1-2 km),6,22,1,1,0,1,20,7270000.0
2819,Delhi NCR,Noida Sector 62,Suburban,4,2394,3303,New Launch,0,Full Vastu,Unfurnished,Near (1-2 km),19,22,0,1,1,1,5,17080000.0
2820,Bengaluru,HSR Layout / Whitefield,Mid-Tier,2,1114,1464,Under Construction,1,Full Vastu,Fully Furnished,Near (1-2 km),14,22,1,0,1,1,5,15990000.0
2821,Mumbai,Bandra West / BKC,Upscale,3,1642,2091,Ready to Move,1,Full Vastu,Semi-Furnished,Near (1-2 km),2,4,1,1,1,1,20,70920000.0
2822,Mumbai,Bandra West / BKC,Upscale,2,843,1110,Under Construction,1,Full Vastu,Semi-Furnished,Near (1-2 km),5,7,0,1,0,1,8,32710000.0
2823,Delhi NCR,Noida Sector 62,Suburban,3,1484,2012,Ready to Move,1,Full Vastu,Semi-Furnished,Walkable (<500m),8,22,1,0,0,1,8,17430000.0
2824,Hyderabad,Banjara Hills / Gachibowli,Upscale,3,1223,1652,New Launch,1,Non-Vastu,Semi-Furnished,Near (1-2 km),31,35,1,1,1,2,8,17450000.0
2825,Delhi NCR,South Delhi (Vasant Vihar),Upscale,2,934,1263,Ready to Move,0,Full Vastu,Unfurnished,Near (1-2 km),5,12,1,1,0,1,5,22050000.0
2826,Delhi NCR,"Golf Course Road, Gurgaon",Prime / Ultra-Luxury,2,1108,1487,Ready to Move,1,Partial Vastu,Unfurnished,Walkable (<500m),6,12,0,1,1,1,0,44350000.0
2827,Mumbai,Andheri West / Powai,Mid-Tier,3,1709,2193,Ready to Move,1,Full Vastu,Fully Furnished,Walkable (<500m),6,7,1,1,0,1,0,60340000.0
2828,Kolkata,New Town Action Area 1,Mid-Tier,1,629,857,Ready to Move,1,Full Vastu,Semi-Furnished,Walkable (<500m),28,50,1,1,1,1,5,6630000.0
2829,Hyderabad,Miyapur / Kukatpally,Suburban,2,906,1238,Ready to Move,1,Partial Vastu,Semi-Furnished,Near (1-2 km),2,7,1,1,1,2,2,7330000.0
2830,Bengaluru,Koramangala / Sadashivnagar,Upscale,2,1141,1455,Ready to Move,1,Full Vastu,Semi-Furnished,Walkable (<500m),3,7,1,0,1,1,5,24460000.0
2831,Kolkata,Park Street / Salt Lake Sec 5,Upscale,5,3689,4674,Under Construction,1,Full Vastu,Semi-Furnished,Distant (>3 km),3,12,0,1,0,0,5,44440000.0
2832,Delhi NCR,Noida Sector 62,Suburban,2,1159,1596,Ready to Move,1,Partial Vastu,Unfurnished,Near (1-2 km),3,7,1,1,0,2,2,13610000.0
2833,Delhi NCR,Noida Sector 62,Suburban,3,1544,2104,New Launch,1,Full Vastu,Semi-Furnished,Distant (>3 km),16,35,1,1,1,1,0,13680000.0
2834,Hyderabad,Banjara Hills / Gachibowli,Upscale,2,1050,1434,Ready to Move,1,Full Vastu,Semi-Furnished,Walkable (<500m),1,4,1,1,1,0,8,21610000.0
2835,Pune,Baner / Viman Nagar,Mid-Tier,3,1892,2583,Under Construction,1,Full Vastu,Unfurnished,Walkable (<500m),4,4,1,1,1,1,12,19880000.0
2836,Delhi NCR,South Delhi (Vasant Vihar),Upscale,2,922,1217,New Launch,1,Full Vastu,Fully Furnished,Walkable (<500m),1,12,1,1,0,1,8,27080000.0
2837,Mumbai,Thane West,Suburban,3,1600,2134,Under Construction,1,Partial Vastu,Unfurnished,Walkable (<500m),2,12,1,1,1,2,0,28560000.0
2838,Bengaluru,Indiranagar / Lavelle Road,Prime / Ultra-Luxury,2,1133,1497,Under Construction,1,Full Vastu,Semi-Furnished,Near (1-2 km),2,7,1,1,0,2,5,37120000.0
2839,Chennai,OMR (Perungudi),Suburban,3,1519,1909,Under Construction,1,Full Vastu,Unfurnished,Walkable (<500m),3,12,1,1,1,1,12,10350000.0
2840,Mumbai,Andheri West / Powai,Mid-Tier,3,1242,1673,Ready to Move,1,Full Vastu,Semi-Furnished,Near (1-2 km),4,12,1,1,1,2,5,36320000.0
2841,Bengaluru,HSR Layout / Whitefield,Mid-Tier,2,1255,1651,Under Construction,0,Full Vastu,Semi-Furnished,Walkable (<500m),29,35,1,1,1,1,2,15250000.0
2842,Bengaluru,Indiranagar / Lavelle Road,Prime / Ultra-Luxury,1,483,644,Ready to Move,1,Non-Vastu,Semi-Furnished,Walkable (<500m),1,4,1,1,0,1,2,16850000.0
2843,Bengaluru,HSR Layout / Whitefield,Mid-Tier,1,532,700,Ready to Move,1,Full Vastu,Semi-Furnished,Near (1-2 km),17,50,1,1,1,1,2,8110000.0
2844,Delhi NCR,"Cyber City, Gurgaon",Mid-Tier,1,610,802,Ready to Move,1,Non-Vastu,Unfurnished,Near (1-2 km),3,12,1,1,1,0,0,9380000.0
2845,Chennai,Nungambakkam / Anna Nagar,Upscale,3,1408,1791,Under Construction,1,Partial Vastu,Semi-Furnished,Near (1-2 km),3,7,1,1,1,1,0,23430000.0
2846,Mumbai,Andheri West / Powai,Mid-Tier,2,806,1037,Ready to Move,1,Partial Vastu,Semi-Furnished,Walkable (<500m),1,4,0,0,0,0,5,21670000.0
2847,Mumbai,Navi Mumbai (Kharghar),Emerging,2,986,1253,Ready to Move,1,Full Vastu,Fully Furnished,Distant (>3 km),6,12,1,1,1,1,5,10390000.0
2848,Mumbai,Andheri West / Powai,Mid-Tier,3,1133,1445,Ready to Move,1,Full Vastu,Semi-Furnished,Near (1-2 km),5,7,1,1,1,2,8,37340000.0
2849,Pune,Baner / Viman Nagar,Mid-Tier,2,908,1250,New Launch,1,Partial Vastu,Unfurnished,Near (1-2 km),3,7,1,1,1,3,2,9420000.0
2850,Delhi NCR,"Golf Course Road, Gurgaon",Prime / Ultra-Luxury,2,984,1250,Ready to Move,1,Partial Vastu,Unfurnished,Near (1-2 km),4,7,1,1,1,0,5,40630000.0
2851,Bengaluru,HSR Layout / Whitefield,Mid-Tier,2,911,1171,Ready to Move,1,Full Vastu,Fully Furnished,Distant (>3 km),11,12,1,1,0,1,8,10760000.0
2852,Pune,Koregaon Park,Prime / Ultra-Luxury,4,1844,2447,Ready to Move,1,Full Vastu,Semi-Furnished,Near (1-2 km),7,12,1,1,1,2,20,47360000.0
2853,Pune,Baner / Viman Nagar,Mid-Tier,3,1920,2552,New Launch,1,Full Vastu,Unfurnished,Near (1-2 km),3,4,1,1,1,1,2,19460000.0
2854,Pune,Wakad / Kharadi,Suburban,3,1574,1999,New Launch,1,Non-Vastu,Semi-Furnished,Walkable (<500m),9,12,1,1,0,2,2,10780000.0
2855,Chennai,Velachery / Adyar,Mid-Tier,2,1153,1560,Under Construction,1,Full Vastu,Semi-Furnished,Walkable (<500m),8,22,1,1,0,1,2,13700000.0
2856,Bengaluru,Indiranagar / Lavelle Road,Prime / Ultra-Luxury,3,1489,2013,Under Construction,1,Partial Vastu,Fully Furnished,Near (1-2 km),1,4,1,1,1,1,8,49820000.0
2857,Hyderabad,Banjara Hills / Gachibowli,Upscale,1,451,578,Ready to Move,1,Partial Vastu,Fully Furnished,Near (1-2 km),29,35,1,1,1,0,20,7350000.0
2858,Bengaluru,HSR Layout / Whitefield,Mid-Tier,1,540,695,New Launch,1,Partial Vastu,Fully Furnished,Near (1-2 km),5,12,1,1,1,0,5,5900000.0
2859,Pune,Baner / Viman Nagar,Mid-Tier,1,503,690,Ready to Move,1,Partial Vastu,Fully Furnished,Near (1-2 km),3,35,1,1,1,1,8,5330000.0
2860,Hyderabad,Miyapur / Kukatpally,Suburban,2,782,1061,Ready to Move,1,Full Vastu,Fully Furnished,Walkable (<500m),2,4,1,1,1,1,5,6860000.0
2861,Hyderabad,Miyapur / Kukatpally,Suburban,2,1159,1554,Ready to Move,1,Non-Vastu,Unfurnished,Near (1-2 km),31,50,1,1,1,1,0,9650000.0
2862,Delhi NCR,"Cyber City, Gurgaon",Mid-Tier,2,861,1085,Ready to Move,1,Partial Vastu,Semi-Furnished,Distant (>3 km),11,12,1,1,0,1,12,13930000.0
2863,Mumbai,Bandra West / BKC,Upscale,1,376,490,Under Construction,0,Partial Vastu,Semi-Furnished,Distant (>3 km),1,12,1,1,1,1,2,12300000.0
2864,Delhi NCR,South Delhi (Vasant Vihar),Upscale,2,1139,1507,Ready to Move,1,Full Vastu,Fully Furnished,Walkable (<500m),8,12,1,1,1,2,0,41560000.0
2865,Kolkata,Ballygunge / Alipore,Prime / Ultra-Luxury,3,1432,1825,New Launch,0,Partial Vastu,Semi-Furnished,Walkable (<500m),1,4,0,1,1,1,30,20370000.0
2866,Chennai,Nungambakkam / Anna Nagar,Upscale,2,863,1129,Ready to Move,1,Full Vastu,Unfurnished,Near (1-2 km),8,35,1,1,1,1,2,16030000.0
2867,Mumbai,Andheri West / Powai,Mid-Tier,3,1139,1513,Ready to Move,1,Full Vastu,Semi-Furnished,Near (1-2 km),4,12,1,1,1,2,0,41390000.0
2868,Mumbai,Andheri West / Powai,Mid-Tier,2,1198,1548,Ready to Move,1,Partial Vastu,Semi-Furnished,Near (1-2 km),4,4,0,1,1,1,2,32330000.0
2869,Mumbai,Andheri West / Powai,Mid-Tier,3,1250,1689,Under Construction,1,Full Vastu,Unfurnished,Distant (>3 km),2,4,0,1,0,0,5,27630000.0
2870,Hyderabad,Jubilee Hills,Prime / Ultra-Luxury,2,958,1302,Under Construction,1,Partial Vastu,Semi-Furnished,Near (1-2 km),4,4,1,1,0,1,0,22650000.0
2871,Pune,Kalyani Nagar / Prabhat Road,Upscale,2,1080,1395,Ready to Move,1,Full Vastu,Semi-Furnished,Near (1-2 km),9,12,1,1,1,1,2,21290000.0
2872,Mumbai,Bandra West / BKC,Upscale,2,1010,1373,Ready to Move,1,Partial Vastu,Semi-Furnished,Walkable (<500m),10,12,1,1,1,1,5,50580000.0
2873,Delhi NCR,South Delhi (Vasant Vihar),Upscale,3,1536,1941,Ready to Move,1,Full Vastu,Semi-Furnished,Walkable (<500m),9,12,0,0,0,1,12,40930000.0
2874,Pune,Wakad / Kharadi,Suburban,3,1154,1568,Under Construction,1,Partial Vastu,Unfurnished,Walkable (<500m),5,7,1,1,1,1,2,7040000.0
2875,Hyderabad,Jubilee Hills,Prime / Ultra-Luxury,2,834,1059,New Launch,0,Full Vastu,Fully Furnished,Distant (>3 km),5,12,1,1,0,1,5,17920000.0
2876,Delhi NCR,"Cyber City, Gurgaon",Mid-Tier,2,976,1231,Ready to Move,0,Partial Vastu,Semi-Furnished,Walkable (<500m),10,12,1,1,1,0,5,18430000.0
2877,Delhi NCR,South Delhi (Vasant Vihar),Upscale,3,1366,1821,Under Construction,1,Partial Vastu,Unfurnished,Near (1-2 km),3,4,1,1,1,1,0,31920000.0
2878,Delhi NCR,Noida Sector 62,Suburban,3,1597,2094,Ready to Move,1,Full Vastu,Semi-Furnished,Near (1-2 km),6,7,1,0,1,1,2,19590000.0
2879,Bengaluru,HSR Layout / Whitefield,Mid-Tier,2,1047,1432,Ready to Move,0,Full Vastu,Semi-Furnished,Near (1-2 km),3,4,1,1,1,1,8,13330000.0
2880,Delhi NCR,South Delhi (Vasant Vihar),Upscale,2,1087,1410,New Launch,1,Partial Vastu,Unfurnished,Near (1-2 km),6,35,1,1,1,1,8,27570000.0
2881,Hyderabad,HITEC City / Kondapur,Mid-Tier,2,775,998,Ready to Move,1,Partial Vastu,Semi-Furnished,Walkable (<500m),16,22,1,1,0,1,2,9110000.0
2882,Pune,Baner / Viman Nagar,Mid-Tier,3,2060,2709,Ready to Move,1,Partial Vastu,Semi-Furnished,Near (1-2 km),23,50,1,0,1,1,0,21200000.0
2883,Delhi NCR,Dwarka Expressway,Emerging,2,1059,1387,Ready to Move,1,Partial Vastu,Semi-Furnished,Walkable (<500m),4,7,1,1,1,1,0,10510000.0
2884,Hyderabad,Banjara Hills / Gachibowli,Upscale,5,3799,4919,Ready to Move,1,Full Vastu,Semi-Furnished,Walkable (<500m),10,22,1,1,0,2,5,78290000.0
2885,Mumbai,Thane West,Suburban,2,1105,1481,Under Construction,1,Full Vastu,Semi-Furnished,Walkable (<500m),12,12,1,1,1,1,5,22150000.0
2886,Bengaluru,Electronic City,Suburban,2,1287,1736,Under Construction,1,Full Vastu,Unfurnished,Walkable (<500m),9,12,1,0,1,1,5,11820000.0
2887,Mumbai,Thane West,Suburban,2,744,1013,New Launch,1,Full Vastu,Fully Furnished,Walkable (<500m),7,7,1,1,1,1,8,16350000.0
2888,Mumbai,Andheri West / Powai,Mid-Tier,4,2318,3191,Ready to Move,1,Partial Vastu,Unfurnished,Near (1-2 km),19,22,1,1,1,2,20,59240000.0
2889,Hyderabad,HITEC City / Kondapur,Mid-Tier,3,997,1281,Ready to Move,1,Full Vastu,Semi-Furnished,Walkable (<500m),12,35,1,1,1,3,30,10340000.0
2890,Kolkata,New Town Action Area 1,Mid-Tier,2,977,1312,Ready to Move,1,Non-Vastu,Unfurnished,Near (1-2 km),5,7,1,1,1,3,8,8490000.0
2891,Mumbai,Andheri West / Powai,Mid-Tier,3,1634,2126,Ready to Move,0,Partial Vastu,Unfurnished,Walkable (<500m),7,7,1,1,0,2,5,39610000.0
2892,Bengaluru,HSR Layout / Whitefield,Mid-Tier,2,944,1263,New Launch,1,Partial Vastu,Semi-Furnished,Walkable (<500m),1,12,1,1,1,1,0,13420000.0
2893,Pune,Baner / Viman Nagar,Mid-Tier,2,856,1123,Under Construction,1,Non-Vastu,Unfurnished,Near (1-2 km),2,50,1,1,1,0,2,8610000.0
2894,Mumbai,Andheri West / Powai,Mid-Tier,2,657,906,Ready to Move,0,Full Vastu,Semi-Furnished,Distant (>3 km),20,22,0,1,1,1,5,16650000.0
2895,Delhi NCR,"Cyber City, Gurgaon",Mid-Tier,2,1003,1349,Under Construction,0,Partial Vastu,Unfurnished,Near (1-2 km),7,7,1,1,1,1,30,13000000.0
2896,Hyderabad,Miyapur / Kukatpally,Suburban,2,1157,1590,Under Construction,1,Full Vastu,Semi-Furnished,Distant (>3 km),9,12,1,1,0,0,0,7780000.0
2897,Delhi NCR,South Delhi (Vasant Vihar),Upscale,4,2187,2971,Ready to Move,1,Full Vastu,Semi-Furnished,Near (1-2 km),5,12,1,0,1,1,8,66930000.0
2898,Mumbai,Thane West,Suburban,2,1012,1384,Under Construction,0,Partial Vastu,Unfurnished,Near (1-2 km),8,22,0,1,1,1,30,11570000.0
2899,Bengaluru,HSR Layout / Whitefield,Mid-Tier,4,1835,2488,Ready to Move,1,Full Vastu,Fully Furnished,Near (1-2 km),7,22,1,1,1,1,8,25790000.0
2900,Hyderabad,Miyapur / Kukatpally,Suburban,2,1015,1329,Ready to Move,1,Non-Vastu,Unfurnished,Near (1-2 km),5,12,1,1,1,1,8,6590000.0
2901,Delhi NCR,"Cyber City, Gurgaon",Mid-Tier,3,1458,1870,Ready to Move,1,Partial Vastu,Unfurnished,Walkable (<500m),5,7,0,1,0,1,2,27410000.0
2902,Mumbai,Bandra West / BKC,Upscale,2,841,1092,Ready to Move,1,Partial Vastu,Semi-Furnished,Near (1-2 km),19,35,0,1,1,2,0,39700000.0
2903,Hyderabad,Miyapur / Kukatpally,Suburban,1,460,576,Ready to Move,1,Full Vastu,Semi-Furnished,Walkable (<500m),3,12,0,1,1,1,0,4750000.0
2904,Mumbai,Bandra West / BKC,Upscale,2,893,1177,Ready to Move,1,Partial Vastu,Semi-Furnished,Near (1-2 km),45,50,1,1,0,1,8,35720000.0
2905,Hyderabad,Miyapur / Kukatpally,Suburban,1,549,722,Ready to Move,0,Full Vastu,Unfurnished,Near (1-2 km),6,12,1,1,1,1,0,3880000.0
2906,Mumbai,Andheri West / Powai,Mid-Tier,3,1244,1640,Under Construction,1,Partial Vastu,Semi-Furnished,Walkable (<500m),11,22,1,1,1,2,2,38560000.0
2907,Chennai,Velachery / Adyar,Mid-Tier,2,893,1229,New Launch,1,Full Vastu,Semi-Furnished,Walkable (<500m),4,22,1,1,0,1,5,8520000.0
2908,Bengaluru,Koramangala / Sadashivnagar,Upscale,3,1540,2107,Under Construction,1,Partial Vastu,Unfurnished,Walkable (<500m),3,7,1,1,1,0,5,27560000.0
2909,Bengaluru,HSR Layout / Whitefield,Mid-Tier,2,793,1008,Ready to Move,0,Full Vastu,Semi-Furnished,Distant (>3 km),4,50,1,0,0,1,5,8280000.0
2910,Mumbai,Bandra West / BKC,Upscale,2,1206,1565,Ready to Move,1,Full Vastu,Semi-Furnished,Walkable (<500m),3,4,1,1,0,1,30,44200000.0
2911,Bengaluru,Indiranagar / Lavelle Road,Prime / Ultra-Luxury,2,828,1081,Ready to Move,1,Full Vastu,Semi-Furnished,Walkable (<500m),13,22,1,1,0,1,0,31040000.0
2912,Pune,Kalyani Nagar / Prabhat Road,Upscale,4,2159,2800,Ready to Move,0,Full Vastu,Unfurnished,Distant (>3 km),47,50,1,1,1,1,5,31570000.0
2913,Kolkata,Ballygunge / Alipore,Prime / Ultra-Luxury,3,1322,1790,Ready to Move,1,Partial Vastu,Semi-Furnished,Near (1-2 km),4,7,1,1,1,1,5,28070000.0
2914,Bengaluru,Yelahanka / Devanahalli,Emerging,2,1206,1590,Under Construction,1,Full Vastu,Unfurnished,Walkable (<500m),10,12,1,1,0,0,2,7830000.0
2915,Bengaluru,Yelahanka / Devanahalli,Emerging,2,1028,1361,Under Construction,0,Full Vastu,Semi-Furnished,Walkable (<500m),11,12,1,1,0,0,5,6160000.0
2916,Hyderabad,Banjara Hills / Gachibowli,Upscale,1,446,607,Under Construction,0,Partial Vastu,Semi-Furnished,Walkable (<500m),11,22,1,0,0,2,8,6590000.0
2917,Pune,Baner / Viman Nagar,Mid-Tier,5,4430,6002,Ready to Move,1,Full Vastu,Semi-Furnished,Walkable (<500m),13,22,1,1,0,1,8,47310000.0
2918,Delhi NCR,South Delhi (Vasant Vihar),Upscale,3,1596,2022,Ready to Move,1,Full Vastu,Semi-Furnished,Walkable (<500m),12,12,1,1,0,1,0,46940000.0
2919,Bengaluru,HSR Layout / Whitefield,Mid-Tier,2,986,1324,Under Construction,1,Partial Vastu,Fully Furnished,Near (1-2 km),6,22,1,1,1,1,8,12170000.0
2920,Bengaluru,Electronic City,Suburban,2,900,1176,Ready to Move,1,Full Vastu,Semi-Furnished,Near (1-2 km),5,7,1,1,1,1,20,7310000.0
2921,Hyderabad,Miyapur / Kukatpally,Suburban,1,461,594,Ready to Move,0,Full Vastu,Semi-Furnished,Near (1-2 km),7,7,1,1,1,1,0,2860000.0
2922,Mumbai,Andheri West / Powai,Mid-Tier,4,2521,3168,Ready to Move,0,Full Vastu,Unfurnished,Near (1-2 km),4,12,1,1,1,1,2,66990000.0
2923,Delhi NCR,"Cyber City, Gurgaon",Mid-Tier,2,872,1145,Ready to Move,1,Full Vastu,Semi-Furnished,Walkable (<500m),3,12,1,1,1,2,5,17630000.0
2924,Bengaluru,Koramangala / Sadashivnagar,Upscale,3,1972,2556,Ready to Move,1,Full Vastu,Semi-Furnished,Walkable (<500m),3,7,1,1,1,1,0,45890000.0
2925,Hyderabad,Tellapur,Emerging,2,769,986,Under Construction,1,Full Vastu,Semi-Furnished,Near (1-2 km),11,12,1,1,1,2,5,4160000.0
2926,Mumbai,South Mumbai (Worli/Malabar Hill),Prime / Ultra-Luxury,3,1907,2556,Under Construction,1,Partial Vastu,Fully Furnished,Walkable (<500m),3,12,0,1,0,0,0,132110000.0
2927,Delhi NCR,"Cyber City, Gurgaon",Mid-Tier,3,1524,2057,Ready to Move,1,Full Vastu,Fully Furnished,Near (1-2 km),16,22,1,1,1,2,20,30320000.0
2928,Delhi NCR,"Cyber City, Gurgaon",Mid-Tier,3,1619,2075,Ready to Move,1,Full Vastu,Semi-Furnished,Near (1-2 km),1,4,1,1,1,1,2,30490000.0
2929,Delhi NCR,"Cyber City, Gurgaon",Mid-Tier,3,1743,2190,Under Construction,1,Full Vastu,Semi-Furnished,Near (1-2 km),11,12,0,1,0,0,30,19220000.0
2930,Mumbai,Bandra West / BKC,Upscale,3,1403,1909,Ready to Move,1,Partial Vastu,Semi-Furnished,Walkable (<500m),11,12,0,1,0,1,0,72900000.0
2931,Delhi NCR,Noida Sector 62,Suburban,1,587,735,Ready to Move,1,Non-Vastu,Unfurnished,Walkable (<500m),31,35,1,1,1,1,0,7240000.0
2932,Delhi NCR,South Delhi (Vasant Vihar),Upscale,2,564,774,Ready to Move,1,Full Vastu,Unfurnished,Near (1-2 km),3,22,1,1,1,0,2,17850000.0
2933,Delhi NCR,"Cyber City, Gurgaon",Mid-Tier,2,847,1128,Ready to Move,1,Non-Vastu,Semi-Furnished,Near (1-2 km),3,22,1,1,1,1,12,13390000.0
2934,Delhi NCR,South Delhi (Vasant Vihar),Upscale,5,3273,4228,Under Construction,1,Full Vastu,Semi-Furnished,Walkable (<500m),24,35,1,1,1,1,5,102860000.0
2935,Hyderabad,Banjara Hills / Gachibowli,Upscale,2,771,988,Under Construction,1,Full Vastu,Fully Furnished,Distant (>3 km),4,12,1,1,1,1,8,10870000.0
2936,Pune,Baner / Viman Nagar,Mid-Tier,3,1500,1877,Ready to Move,1,Full Vastu,Unfurnished,Walkable (<500m),7,7,1,0,1,0,2,16610000.0
2937,Bengaluru,HSR Layout / Whitefield,Mid-Tier,3,1639,2099,Ready to Move,1,Full Vastu,Semi-Furnished,Walkable (<500m),19,22,0,0,0,3,0,27470000.0
2938,Pune,Kalyani Nagar / Prabhat Road,Upscale,2,1050,1331,Ready to Move,1,Full Vastu,Semi-Furnished,Near (1-2 km),3,22,0,1,1,1,5,17970000.0
2939,Delhi NCR,South Delhi (Vasant Vihar),Upscale,2,984,1308,Ready to Move,1,Full Vastu,Semi-Furnished,Near (1-2 km),5,12,0,0,1,0,5,27670000.0
2940,Mumbai,Andheri West / Powai,Mid-Tier,2,855,1087,New Launch,1,Full Vastu,Fully Furnished,Distant (>3 km),1,22,1,1,1,1,0,22600000.0
2941,Mumbai,Andheri West / Powai,Mid-Tier,2,1002,1321,Under Construction,1,Full Vastu,Fully Furnished,Walkable (<500m),12,22,1,1,1,2,0,30770000.0
2942,Bengaluru,Electronic City,Suburban,2,967,1283,Ready to Move,1,Full Vastu,Unfurnished,Walkable (<500m),6,50,1,1,1,1,5,10450000.0
2943,Hyderabad,Jubilee Hills,Prime / Ultra-Luxury,1,593,764,Under Construction,1,Full Vastu,Unfurnished,Near (1-2 km),34,35,1,1,1,1,2,16460000.0
2944,Hyderabad,Banjara Hills / Gachibowli,Upscale,3,1730,2170,Under Construction,1,Partial Vastu,Unfurnished,Walkable (<500m),2,7,1,1,0,1,8,28670000.0
2945,Hyderabad,Jubilee Hills,Prime / Ultra-Luxury,4,2410,3024,Under Construction,1,Full Vastu,Semi-Furnished,Near (1-2 km),9,12,1,1,1,1,2,63070000.0
2946,Delhi NCR,"Golf Course Road, Gurgaon",Prime / Ultra-Luxury,2,822,1030,Ready to Move,0,Partial Vastu,Semi-Furnished,Near (1-2 km),3,4,0,1,0,0,5,26660000.0
2947,Bengaluru,HSR Layout / Whitefield,Mid-Tier,2,856,1152,Ready to Move,1,Partial Vastu,Semi-Furnished,Walkable (<500m),7,7,0,1,0,1,8,10470000.0
2948,Mumbai,Andheri West / Powai,Mid-Tier,1,477,616,Under Construction,1,Full Vastu,Semi-Furnished,Near (1-2 km),32,35,1,0,1,0,5,14340000.0
2949,Bengaluru,Koramangala / Sadashivnagar,Upscale,3,1476,1998,Ready to Move,1,Full Vastu,Semi-Furnished,Near (1-2 km),10,12,1,1,1,1,5,27220000.0
2950,Bengaluru,Koramangala / Sadashivnagar,Upscale,3,1612,2105,New Launch,1,Full Vastu,Semi-Furnished,Near (1-2 km),1,12,1,1,1,1,8,30060000.0
2951,Mumbai,South Mumbai (Worli/Malabar Hill),Prime / Ultra-Luxury,1,575,753,Under Construction,0,Partial Vastu,Semi-Furnished,Near (1-2 km),2,12,0,1,1,0,5,27350000.0
2952,Mumbai,Thane West,Suburban,2,942,1240,New Launch,1,Full Vastu,Semi-Furnished,Walkable (<500m),18,22,1,1,1,2,12,16160000.0
2953,Delhi NCR,Dwarka Expressway,Emerging,3,1553,2085,Ready to Move,0,Full Vastu,Unfurnished,Walkable (<500m),7,7,0,1,1,1,5,11060000.0
2954,Hyderabad,Banjara Hills / Gachibowli,Upscale,3,1583,2035,Under Construction,1,Full Vastu,Semi-Furnished,Walkable (<500m),5,7,1,1,0,0,0,24720000.0
2955,Kolkata,Park Street / Salt Lake Sec 5,Upscale,1,479,606,Ready to Move,0,Partial Vastu,Semi-Furnished,Walkable (<500m),10,12,0,0,1,2,2,5680000.0
2956,Chennai,OMR (Perungudi),Suburban,3,1334,1764,New Launch,1,Full Vastu,Semi-Furnished,Near (1-2 km),7,12,1,1,1,0,2,9290000.0
2957,Delhi NCR,Noida Sector 62,Suburban,2,699,903,Ready to Move,1,Partial Vastu,Fully Furnished,Distant (>3 km),38,50,0,1,0,0,0,8170000.0
2958,Bengaluru,HSR Layout / Whitefield,Mid-Tier,2,850,1111,Ready to Move,1,Full Vastu,Fully Furnished,Near (1-2 km),9,22,1,1,0,1,8,12230000.0
2959,Delhi NCR,"Golf Course Road, Gurgaon",Prime / Ultra-Luxury,3,1660,2215,Under Construction,1,Partial Vastu,Semi-Furnished,Near (1-2 km),11,12,1,0,1,0,5,58980000.0
2960,Hyderabad,Jubilee Hills,Prime / Ultra-Luxury,3,1386,1822,Ready to Move,1,Full Vastu,Semi-Furnished,Walkable (<500m),15,22,1,1,1,3,5,40590000.0
2961,Mumbai,Andheri West / Powai,Mid-Tier,2,916,1219,Ready to Move,1,Full Vastu,Semi-Furnished,Walkable (<500m),7,7,0,1,0,0,5,25580000.0
2962,Bengaluru,Koramangala / Sadashivnagar,Upscale,4,2567,3390,New Launch,1,Non-Vastu,Semi-Furnished,Distant (>3 km),3,22,1,1,0,0,5,36390000.0
2963,Pune,Koregaon Park,Prime / Ultra-Luxury,2,1024,1378,Ready to Move,0,Partial Vastu,Unfurnished,Distant (>3 km),3,7,1,1,0,2,0,20080000.0
2964,Bengaluru,HSR Layout / Whitefield,Mid-Tier,3,1299,1743,Under Construction,1,Full Vastu,Unfurnished,Near (1-2 km),1,22,1,1,1,1,0,18640000.0
2965,Delhi NCR,"Golf Course Road, Gurgaon",Prime / Ultra-Luxury,2,1092,1441,Ready to Move,1,Full Vastu,Unfurnished,Walkable (<500m),8,12,1,1,0,2,8,49010000.0
2966,Delhi NCR,"Cyber City, Gurgaon",Mid-Tier,3,1812,2425,Under Construction,0,Partial Vastu,Unfurnished,Near (1-2 km),1,4,1,1,1,1,2,25240000.0
2967,Mumbai,Bandra West / BKC,Upscale,4,1993,2718,Under Construction,1,Partial Vastu,Semi-Furnished,Walkable (<500m),3,7,1,1,0,0,0,81620000.0
2968,Bengaluru,Indiranagar / Lavelle Road,Prime / Ultra-Luxury,1,455,594,Ready to Move,1,Full Vastu,Fully Furnished,Near (1-2 km),2,12,1,1,1,0,2,15980000.0
2969,Bengaluru,HSR Layout / Whitefield,Mid-Tier,4,2828,3687,Ready to Move,1,Partial Vastu,Unfurnished,Near (1-2 km),11,22,1,1,1,1,2,33740000.0
2970,Mumbai,Bandra West / BKC,Upscale,3,1515,2044,Ready to Move,1,Partial Vastu,Fully Furnished,Walkable (<500m),4,4,0,1,1,1,0,76370000.0
2971,Mumbai,Navi Mumbai (Kharghar),Emerging,3,1033,1369,Ready to Move,1,Full Vastu,Unfurnished,Distant (>3 km),7,12,1,1,1,0,2,10580000.0
2972,Pune,Baner / Viman Nagar,Mid-Tier,2,750,944,Ready to Move,1,Partial Vastu,Unfurnished,Distant (>3 km),1,22,0,0,1,1,0,6910000.0
2973,Bengaluru,Koramangala / Sadashivnagar,Upscale,3,1492,2038,Under Construction,1,Full Vastu,Semi-Furnished,Distant (>3 km),12,12,1,0,1,1,0,27670000.0
2974,Delhi NCR,"Cyber City, Gurgaon",Mid-Tier,3,1279,1604,Ready to Move,1,Non-Vastu,Semi-Furnished,Near (1-2 km),4,22,1,0,1,1,8,22570000.0
2975,Bengaluru,Koramangala / Sadashivnagar,Upscale,2,891,1200,Ready to Move,1,Partial Vastu,Unfurnished,Walkable (<500m),1,7,1,1,1,1,2,20330000.0
2976,Chennai,OMR (Perungudi),Suburban,4,2411,3252,Under Construction,0,Partial Vastu,Unfurnished,Near (1-2 km),8,12,1,1,0,1,5,11950000.0
2977,Bengaluru,Koramangala / Sadashivnagar,Upscale,1,634,871,Ready to Move,1,Full Vastu,Semi-Furnished,Walkable (<500m),15,35,1,1,1,1,2,16420000.0
2978,Bengaluru,HSR Layout / Whitefield,Mid-Tier,1,497,625,Ready to Move,1,Full Vastu,Unfurnished,Walkable (<500m),11,12,0,1,0,0,20,6000000.0
2979,Pune,Koregaon Park,Prime / Ultra-Luxury,2,1102,1463,Ready to Move,1,Full Vastu,Semi-Furnished,Near (1-2 km),8,12,0,1,0,2,8,27400000.0
2980,Pune,Baner / Viman Nagar,Mid-Tier,2,1153,1505,Ready to Move,1,Partial Vastu,Semi-Furnished,Near (1-2 km),12,22,1,1,1,1,2,14150000.0
2981,Mumbai,Thane West,Suburban,3,1883,2435,Under Construction,1,Partial Vastu,Unfurnished,Walkable (<500m),3,7,1,1,1,0,0,34470000.0
2982,Pune,Wakad / Kharadi,Suburban,1,542,684,Under Construction,1,Full Vastu,Fully Furnished,Walkable (<500m),21,22,1,1,0,1,0,4240000.0
2983,Bengaluru,Koramangala / Sadashivnagar,Upscale,4,1693,2240,Ready to Move,1,Partial Vastu,Unfurnished,Walkable (<500m),31,35,0,1,1,1,8,37060000.0
2984,Delhi NCR,South Delhi (Vasant Vihar),Upscale,1,555,728,Ready to Move,1,Partial Vastu,Semi-Furnished,Near (1-2 km),4,4,1,1,1,1,5,15620000.0
2985,Mumbai,Thane West,Suburban,1,601,759,Ready to Move,1,Full Vastu,Semi-Furnished,Near (1-2 km),12,22,1,1,1,0,0,11930000.0
2986,Mumbai,Thane West,Suburban,1,513,682,Ready to Move,1,Full Vastu,Fully Furnished,Walkable (<500m),3,7,1,1,1,1,12,11700000.0
2987,Hyderabad,Jubilee Hills,Prime / Ultra-Luxury,2,1198,1612,New Launch,1,Partial Vastu,Semi-Furnished,Distant (>3 km),7,12,1,1,1,1,2,25870000.0
2988,Delhi NCR,"Cyber City, Gurgaon",Mid-Tier,4,2709,3656,Ready to Move,1,Full Vastu,Semi-Furnished,Walkable (<500m),10,22,1,0,0,2,5,52510000.0
2989,Bengaluru,Koramangala / Sadashivnagar,Upscale,3,1682,2300,Ready to Move,1,Partial Vastu,Unfurnished,Near (1-2 km),1,22,0,0,0,0,12,25440000.0
2990,Hyderabad,Miyapur / Kukatpally,Suburban,3,1802,2348,Ready to Move,1,Full Vastu,Semi-Furnished,Near (1-2 km),13,35,0,1,0,1,12,13140000.0
2991,Hyderabad,Jubilee Hills,Prime / Ultra-Luxury,1,546,750,Under Construction,1,Non-Vastu,Semi-Furnished,Near (1-2 km),35,35,0,0,1,1,5,11440000.0
2992,Mumbai,Bandra West / BKC,Upscale,2,594,809,Under Construction,1,Full Vastu,Semi-Furnished,Walkable (<500m),12,12,1,1,0,1,12,26730000.0
2993,Delhi NCR,"Cyber City, Gurgaon",Mid-Tier,2,878,1131,Under Construction,1,Full Vastu,Fully Furnished,Distant (>3 km),5,12,1,1,1,1,20,15110000.0
2994,Mumbai,South Mumbai (Worli/Malabar Hill),Prime / Ultra-Luxury,2,1120,1423,Under Construction,1,Full Vastu,Unfurnished,Distant (>3 km),2,12,1,1,0,0,20,62910000.0
2995,Hyderabad,HITEC City / Kondapur,Mid-Tier,1,457,597,Ready to Move,1,Full Vastu,Fully Furnished,Near (1-2 km),8,12,1,0,1,1,2,4800000.0
2996,Delhi NCR,"Cyber City, Gurgaon",Mid-Tier,3,1498,1951,Ready to Move,1,Full Vastu,Fully Furnished,Near (1-2 km),12,12,1,1,1,1,2,33930000.0
2997,Chennai,Nungambakkam / Anna Nagar,Upscale,2,801,1061,Ready to Move,1,Full Vastu,Semi-Furnished,Walkable (<500m),21,22,1,1,0,1,0,16120000.0
2998,Mumbai,Bandra West / BKC,Upscale,3,1964,2604,Under Construction,1,Non-Vastu,Semi-Furnished,Near (1-2 km),3,12,1,1,1,1,12,73620000.0
2999,Mumbai,Andheri West / Powai,Mid-Tier,2,1189,1602,Under Construction,1,Non-Vastu,Semi-Furnished,Walkable (<500m),16,22,1,1,0,1,0,35790000.0
3000,Bengaluru,Koramangala / Sadashivnagar,Upscale,1,451,594,Ready to Move,1,Full Vastu,Fully Furnished,Near (1-2 km),10,22,1,1,1,0,2,10310000.0
